CASE_ID,ACCIDENT_YEAR,PROC_DATE,JURIS,COLLISION_DATE,COLLISION_TIME,OFFICER_ID,REPORTING_DISTRICT,DAY_OF_WEEK,CHP_SHIFT,POPULATION,CNTY_CITY_LOC,SPECIAL_COND,BEAT_TYPE,CHP_BEAT_TYPE,CITY_DIVISION_LAPD,CHP_BEAT_CLASS,BEAT_NUMBER,PRIMARY_RD,SECONDARY_RD,DISTANCE,DIRECTION,INTERSECTION,WEATHER_1,WEATHER_2,STATE_HWY_IND,CALTRANS_COUNTY,CALTRANS_DISTRICT,STATE_ROUTE,ROUTE_SUFFIX,POSTMILE_PREFIX,POSTMILE,LOCATION_TYPE,RAMP_INTERSECTION,SIDE_OF_HWY,TOW_AWAY,COLLISION_SEVERITY,NUMBER_KILLED,NUMBER_INJURED,PARTY_COUNT,PRIMARY_COLL_FACTOR,PCF_CODE_OF_VIOL,PCF_VIOL_CATEGORY,PCF_VIOLATION,PCF_VIOL_SUBSECTION,HIT_AND_RUN,TYPE_OF_COLLISION,MVIW,PED_ACTION,ROAD_SURFACE,ROAD_COND_1,ROAD_COND_2,LIGHTING,CONTROL_DEVICE,CHP_ROAD_TYPE,PEDESTRIAN_ACCIDENT,BICYCLE_ACCIDENT,MOTORCYCLE_ACCIDENT,TRUCK_ACCIDENT,NOT_PRIVATE_PROPERTY,ALCOHOL_INVOLVED,STWD_VEHTYPE_AT_FAULT,CHP_VEHTYPE_AT_FAULT,COUNT_SEVERE_INJ,COUNT_VISIBLE_INJ,COUNT_COMPLAINT_PAIN,COUNT_PED_KILLED,COUNT_PED_INJURED,COUNT_BICYCLIST_KILLED,COUNT_BICYCLIST_INJURED,COUNT_MC_KILLED,COUNT_MC_INJURED,PRIMARY_RAMP,SECONDARY_RAMP,LATITUDE,LONGITUDE,COUNTY,CITY,POINT_X,POINT_Y
6592210,2014,2016-04-09,9460,2014-07-24,1815,020156,,4,2,5,2406,0,1,3,,2,003,"RT 99","MISSION AV",1320.00,N,N,A,-,Y,MER,10,99,-,R,11.890,H,-,S,Y,2,0,1,1,A,-,08,22107,,N,E,I,A,A,H,-,A,D,1,,,,,Y,,A,07,1,0,0,0,0,0,0,0,0,"- ","- ",37.277349999999998,-120.44243,MERCED,MERCED,-120.44028183,37.27632689
8631600,2018,2018-06-13,2401,2018-05-08,0903,728,2401,2,5,3,2401,0,0,0,,0,003,"BUHACH RD","CASTLEWOOD AV",0.00,,Y,A,-,N,,,,,,,,,,Y,2,0,1,2,A,-,09,21801,A,N,D,C,A,A,H,-,A,D,0,,,,Y,Y,,D,22,1,0,0,0,0,0,0,0,0,"- ","- ",,,MERCED,ATWATER,-120.57663726806641,37.359058380126953
8648161,2018,2020-05-26,2406,2018-03-24,1952,156,MERCE,6,5,5,2406,0,0,0,,0,"3 30","EAST 16TH ST","RT 99",150.00,W,N,B,-,Y,MER,10,99,-,-,13.715,R,4,S,N,1,1,0,2,A,-,11,21954,A,N,G,B,D,A,H,-,B,D,0,Y,,,,Y,Y,N,60,0,0,0,1,0,0,0,0,0,"- ",EO,,,MERCED,MERCED,-120.46611022949219,37.29339599609375
9594467,2023,2023-06-29,2406,2023-04-29,2109,321,2,6,5,5,2406,0,0,0,,0,020,"M ST","WEST 22ND ST",0.00,,Y,A,-,N,,,,,,,,,,N,2,0,7,3,A,-,07,21658,A,N,D,C,A,A,H,-,C,D,0,,,,,Y,,A,07,1,6,0,0,0,0,0,0,0,"- ","- ",,,MERCED,MERCED,-120.48200225830078,37.306961059570312
91029603,2019,2019-07-12,9461,2019-06-23,2300,020385,,7,3,9,2400,0,1,3,,1,265,"STATE ROUTE 165 NORTHBOUND","MIDDLE ROAD",150.00,S,N,A,-,Y,,,165,,,,,,N,Y,1,1,0,1,A,-,08,22107,,N,F,A,A,A,H,-,D,D,0,,,,,Y,,A,07,0,0,0,0,0,0,0,0,0,"- ","- ",37.032569885253906,-120.83580017089844,MERCED,UNINCORPORATED,-120.83597564697266,37.032573699951172
91420939,2021,2021-03-04,9460,2021-02-28,1605,020822,,7,2,9,2400,0,3,5,,2,010,"COLUMBUS AVE","AUGUST AVE",0.00,,Y,A,-,N,,,,,,,,,,Y,2,0,1,2,A,-,09,21802,A,N,D,C,A,A,H,-,A,A,0,,,,Y,Y,,D,22,1,0,0,0,0,0,0,0,0,"- ","- ",37.418861389160156,-120.86817169189453,MERCED,UNINCORPORATED,-120.86817169189453,37.41888427734375
91770775,2022,2022-05-12,9460,2022-04-19,1653,018292,,2,2,9,2400,0,3,5,,2,100,"WESTSIDE BOULEVARD","GRIFFITH AVENUE",298.00,E,N,A,-,N,,,,,,,,,,N,1,1,0,2,A,-,01,23152,A,N,A,C,A,A,H,-,A,D,0,,,,,Y,Y,A,01,0,0,0,0,0,0,0,0,0,"- ","- ",37.360439300537109,-120.81289672851562,MERCED,UNINCORPORATED,-120.81316375732422,37.360431671142578
91983136,2023,2023-01-31,9461,2023-01-28,2250,021785,,6,3,9,2400,0,3,5,,2,040,"HUTCHINS RD","CARLUCCI RD",3960.00,E,N,A,-,N,,,,,,,,,,Y,2,0,2,1,A,-,01,23152,A,N,F,A,A,A,H,-,D,D,0,,,,,Y,Y,A,01,2,0,0,0,0,0,0,0,0,"- ","- ",37.089809417724609,-120.67025756835938,MERCED,UNINCORPORATED,-120.67105865478516,37.090957641601562
92207088,2023,2023-10-24,9460,2023-09-21,"5   ",021704,,4,3,9,2400,0,3,5,,2,020,"OAKDALE ROAD","TURLOCK ROAD",0.00,,Y,A,-,N,,,,,,,,,,Y,1,1,2,2,A,-,09,21802,A,N,D,C,A,A,H,-,D,A,0,,,,,Y,,A,07,0,0,2,0,0,0,0,0,0,"- ","- ",37.476978302001953,-120.64466094970703,MERCED,UNINCORPORATED,-120.64462280273438,37.476970672607422
92325754,2023,2024-02-28,9460,2023-12-13,2115,018422,,3,2,9,2400,0,1,3,,2,002,"SR-99 (S/B)","SULTANA DRIVE",3696.00,S,N,A,-,Y,MER,,99," "," ",26.418,H,,L,N,1,1,0,2,A,-,11,21954,A,N,G,B,E,A,H,-,D,D,0,Y,,,,Y,Y,N,60,0,0,0,1,0,0,0,0,0,"- ","- ",37.368480682373047,-120.67093658447266,MERCED,UNINCORPORATED,-120.67092895507812,37.368495941162109
92428380,2024,2024-07-02,9461,2024-06-29,"150 ",023015,,6,3,9,2400,0,3,5,,2,010,"FAHEY RD","CHEROKEE RD",1056.00,W,N,A,-,N,,,,,,,,,,N,2,0,2,1,A,-,01,23152,A,F,H,J,A,D,H,-,D,D,0,,,,,Y,Y,A,01,1,1,0,0,0,0,0,0,0,"- ","- ",37.122360229492188,-120.98342895507812,MERCED,UNINCORPORATED,-120.98162841796875,37.122413635253906
6822024,2015,2016-09-14,9460,2015-01-29,2000,019005,,4,2,9,2400,0,1,3,,1,591,"RT 59","SANDY MUSH RD",240.00,S,N,E,-,Y,MER,10,59,-,-,7.010,H,-,N,Y,2,0,1,1,A,-,01,23152,A,N,E,I,A,A,H,-,C,D,0,,,,,Y,Y,A,01,1,0,0,0,0,0,0,0,0,"- ","- ",37.184620000000002,-120.48849,MERCED,UNINCORPORATED,-120.48829250999999,37.184976030000001
8788161,2018,2019-01-31,2406,2018-12-13,2035,260,1,4,5,5,2406,0,0,0,,0,010,"G ST","ALPINE DR",0.00,,Y,A,-,N,,,,,,,,,,N,2,0,1,2,A,-,08,22107,,N,D,G,A,A,H,-,C,D,0,,Y,,,Y,,L,04,1,0,0,0,0,0,1,0,0,"- ","- ",,,MERCED,MERCED,-120.4693603515625,37.311859130859375
9714794,2023,2024-07-19,2405,2023-11-03,2233,PD63,6,5,5,3,2405,0,0,0,,0,B4/2,"MERCY SPRINGS RD","DOVE ST",0.00,,Y,A,-,N,,,,,,,,,,N,2,0,2,2,A,-,03,22350,,N,G,B,E,A,H,-,C,D,0,Y,,,,Y,,M,94,1,1,0,0,1,0,0,0,0,"- ","- ",37.082759857177734,-120.83493804931641,MERCED,"LOS BANOS",-120.83495330810547,37.082763671875
9714866,2023,2024-07-19,2405,2023-12-05,"800 ",PD68,,2,5,3,2405,0,0,0,,0,0B3,"ORTIGALITA RD","MICHELOTTI DR",215.00,S,N,A,-,N,,,,,,,,,,N,2,0,1,2,A,-,00,21954,,N,G,B,D,A,H,-,A,D,0,Y,,,,Y,,N,60,1,0,0,0,1,0,0,0,0,"- ","- ",,,MERCED,"LOS BANOS",,
9714895,2023,2024-07-26,2405,2023-12-16,1744,PD55,2,6,5,3,2405,0,0,0,,0,0B2,RT165,"ROMERO ST",39.00,N,N,A,-,Y,MER,10,165,-,-,9.350,H,-,S,N,2,0,1,2,A,-,11,21954,A,N,G,B,D,A,H,-,C,D,0,Y,,,,Y,,N,60,1,0,0,0,1,0,0,0,0,"- ","- ",37.066818237304688,-120.83518981933594,MERCED,"LOS BANOS",-120.83522796630859,37.065017700195312
90866709,2018,2018-11-26,9461,2018-07-17,0155,021126,,2,3,9,2400,0,1,1,,2,105,"INTERSTATE 5 NORTHBOUND","TAGLIO ROAD",2274.00,S,N,A,-,Y,,,5,,,,,,N,Y,1,3,2,2,A,-,03,22350,,N,C,C,A,A,H,-,D,D,0,,,,Y,Y,,G,25,2,0,0,0,0,0,0,0,0,"- ","- ",37.229640960693359,-121.08383178710938,MERCED,UNINCORPORATED,-121.08443450927734,37.229488372802734
91477720,2021,2021-05-27,9461,2021-05-10,0008,021854,,1,3,9,2400,0,1,1,,2,205,"I-5 S/B","CANYON RD.",30.00,N,N,A,-,Y,,,5,,,,,,S,Y,2,0,2,2,A,-,03,22350,,N,C,C,A,A,H,-,D,D,0,,,,,Y,Y,A,08,1,1,0,0,0,0,0,0,0,"- ","- ",36.992321014404297,-120.90863800048828,MERCED,UNINCORPORATED,-120.90865325927734,36.9923095703125
7132585,2015,2015-12-21,2406,2015-12-06,0905,136,1,7,5,5,2406,0,0,0,,0,011,"M ST","LOUGHBOROUGH DR",0.00,,Y,B,-,N,,,,,,,,,,Y,2,0,2,2,A,-,17,21451,A,N,D,C,A,A,H,-,A,A,0,,,,,Y,,A,01,1,0,1,0,0,0,0,0,0,"- ","- ",,,MERCED,MERCED,-120.47838989,37.322700060000003
9320352,2021,2023-06-17,2406,2021-08-16,0056,256,2,1,5,5,2406,0,0,0,,0,020,"EAST CHILDS AV","WATERTOWN DR",58.00,W,N,A,-,N,,,,,,,,,,N,1,1,0,2,A,-,11,21954,A,F,G,B,E,A,H,-,C,D,0,Y,,,,Y,,A,01,0,0,0,1,0,0,0,0,0,"- ","- ",,,MERCED,MERCED,-120.44552612304688,37.287818908691406
9482166,2022,2022-08-15,2406,2022-07-29,2319,318,2,5,5,5,2406,0,0,0,,0,021,"R ST","W 18TH ST",0.00,,Y,A,-,N,,,,,,,,,,N,2,0,1,2,A,-,10,21950,A,F,G,B,B,A,H,-,C,A,0,Y,,,,Y,,A,01,1,0,0,0,1,0,0,0,0,"- ","- ",,,MERCED,MERCED,-120.49183654785156,37.305793762207031
90551352,2017,2017-09-19,9460,2017-09-07,0540,012845,,4,3,9,2400,0,3,5,,2,040,"FISHER ROAD","YOUD ROAD",144.00,W,N,A,-,N,,,,,,,,,,Y,2,0,2,2,A,-,03,22350,,N,C,C,A,A,H,-,D,D,0,,,,,Y,,D,22,1,0,1,0,0,0,0,0,0,"- ","- ",37.432899999999997,-120.57249,MERCED,UNINCORPORATED,-120.57239584,37.43291
90696413,2018,2018-08-08,9461,2018-03-25,1151,020101,,7,1,9,2400,0,1,1,,2,205,"I-5 SOUTHBOUND",SR-165,5280.00,N,N,A,-,Y,,,5,,,,,,S,Y,1,2,2,2,A,-,01,23152,A,N,D,C,A,A,H,-,A,D,0,,,,,Y,Y,A,01,2,0,0,0,0,0,0,0,0,"- ","- ",36.941051483154297,-120.85376739501953,MERCED,UNINCORPORATED,-120.85379791259766,36.941020965576172
91379800,2020,2021-01-04,9460,2020-12-25,0414,021320,,5,3,9,2400,0,1,3,,2,001,"SR-99 S/B","HAMMATT AVE",6.00,N,N,E,-,Y,,,,,,,,,,Y,2,0,1,1,A,-,01,23152,A,N,E,I,A,A,H,-,D,D,0,,,,,Y,Y,A,01,1,0,0,0,0,0,0,0,0,"- ","- ",37.384761810302734,-120.71337890625,MERCED,UNINCORPORATED,-120.71311950683594,37.384708404541016
91409424,2020,2021-02-16,9460,2020-12-05,0258,021320,,6,3,9,2400,0,1,3,,2,003,"SR-99 N/B","MISSION AVE",8448.00,S,N,A,-,Y,,,99,,,,,,N,Y,1,1,0,2,C,-,18,,,N,D,C,A,A,H,-,D,D,0,,,,Y,Y,,-,"- ",0,0,0,0,0,0,0,0,0,"- ","- ",37.256881713867188,-120.41789245605469,MERCED,UNINCORPORATED,-120.41820526123047,37.256488800048828
92281419,2023,2024-01-08,9460,2023-12-28,1902,021704,,4,2,9,2400,0,1,3,,1,590,SR-59,"BELCHER AVE",0.00,,Y,A,-,Y,MER,,59," "," ",17.493,H,,R,Y,2,0,4,2,A,-,09,21801,A,N,A,C,A,A,H,-,D,D,0,,,,,Y,,A,01,1,2,1,0,0,0,0,0,0,"- ","- ",37.339111328125,-120.50433349609375,MERCED,UNINCORPORATED,-120.50432586669922,37.339111328125
94461890,2024,2024-11-07,9461,2024-10-27,2240,023015,,7,3,9,2400,0,1,3,,1,465,"SR-165 N/B","CORRAL RD",275.00,N,N,A,-,Y,MER,,165," "," ",20.194,H,,R,N,2,0,4,2,A,-,05,21460,,F,F,A,A,A,H,-,D,D,0,,,,,Y,,-,99,1,3,0,0,0,0,0,0,0,"- ","- ",37.216510772705078,-120.851806640625,MERCED,UNINCORPORATED,-120.85186767578125,37.216499328613281
94564607,2025,2025-02-04,9461,2025-01-17,"200 ",023167,,5,3,9,2400,0,3,5,,2,040,"SR-152 W/B","LODI RD",700.00,E,N,A,-,Y,MER,,152," ",R,35.171,H,,L,Y,2,0,1,1,A,-,08,22107,,N,F,A,A,A,H,-,E,D,0,,,,,Y,,A,01,1,0,0,0,0,0,0,0,0,"- ","- ",37.049911499023438,-120.58547210693359,MERCED,UNINCORPORATED,-120.58544158935547,37.049785614013672
6291550,2014,2014-11-10,9461,2014-09-08,0722,19637,,1,1,9,2400,0,1,3,,1,152,"RT 152","LOWER COTTONWOOD",7920.00,W,N,B,-,Y,MER,10,152,-,R,4.640,H,-,E,Y,1,1,1,4,A,-,08,22107,,N,D,C,A,A,H,-,A,D,5,,,Y,Y,Y,,A,01,0,0,1,0,0,0,0,1,0,"- ","- ",37.098350000000003,-121.14821999999999,MERCED,UNINCORPORATED,-121.1481524,37.098212609999997
6292238,2015,2017-04-04,9460,2015-04-26,0716,18922,,7,1,9,2400,0,1,3,,2,001,"RT 99","BLOSS AV",267.00,N,N,A,-,Y,MER,10,99,-,R,32.197,R,2,S,Y,1,1,0,1,A,-,08,22107,,N,E,I,A,A,H,-,A,D,1,,,,,Y,Y,D,22,0,0,0,0,0,0,0,0,0,TO,"- ",37.408760000000001,-120.75336,MERCED,UNINCORPORATED,-120.75511109,37.412273570000004
8351726,2017,2018-02-16,2406,2017-03-11,1838,243,1,6,5,5,2406,0,0,0,,0,011,"RT 59","BUENA VISTA DR",0.00,,Y,A,-,Y,MER,10,59,-,-,16.620,I,5,N,Y,2,0,1,2,A,-,03,22350,,N,C,C,A,A,H,-,C,A,0,,,Y,,Y,Y,A,01,1,0,0,0,0,0,0,0,1,"- ","- ",,,MERCED,MERCED,-120.50471752999999,37.326367400000002
8914059,2019,2019-08-12,2406,2019-06-08,2228,262,NORTH,6,5,5,2406,0,0,0,,0,010,"EAST ALEXANDER AV","G ST",81.00,E,N,A,-,N,,,,,,,,,,N,2,0,1,2,A,-,05,21650,,N,G,G,A,A,H,-,C,D,0,,Y,,,Y,Y,L,04,1,0,0,0,0,0,1,0,0,"- ","- ",,,MERCED,MERCED,-120.46903228759766,37.315261840820312
9320685,2021,2022-05-05,2406,2021-11-27,0048,283,1,6,5,5,2406,0,0,0,,0,011,"W N BEAR CREEK DR","PIRA DR",590.00,W,N,A,-,N,,,,,,,,,,Y,1,1,0,1,A,-,01,23152,F,N,E,I,A,A,H,-,D,D,0,,,,,Y,Y,A,01,0,0,0,0,0,0,0,0,0,"- ","- ",,,MERCED,MERCED,-120.4918212890625,37.314884185791016
90198596,2016,2016-06-10,9460,2016-06-03,0402,018951,,5,3,9,2400,0,1,3,,2,001,"STATE ROUTE 99 (SOUTHBOUND)","WINTON PARKWAY",528.00,N,N,A,-,Y,,,99,,,,,,,Y,2,0,1,1,A,-,01,23152,A,N,E,I,A,A,H,-,C,D,0,,,,,Y,Y,A,07,1,0,0,0,0,0,0,0,0,"- ","- ",37.39378,-120.73998,MERCED,UNINCORPORATED,-120.73994814,37.393796090000002
90229137,2016,2016-07-25,9460,2016-06-28,1925,019923,,2,2,9,2400,0,3,5,,2,070,"ARBOLEDA DR","WORDEN AVE",1584.00,N,N,A,-,N,,,,,,,,,,Y,2,0,1,1,A,-,08,22107,,N,E,I,A,A,H,-,A,D,0,,,,,Y,,A,07,1,0,0,0,0,0,0,0,0,"- ","- ",37.227229999999999,-120.38208,MERCED,UNINCORPORATED,-120.37931826000001,37.240759089999997
90380188,2017,2017-01-27,9460,2017-01-21,2120,018673,,6,2,9,2400,0,3,5,,2,080,"GURR RD","SANDY MUSH RD",4752.00,N,N,B,C,N,,,,,,,,,,N,2,0,1,2,A,-,11,21956,A,N,G,B,E,B,H,-,D,D,0,Y,,,,Y,Y,N,60,1,0,0,0,1,0,0,0,0,"- ","- ",37.115560000000002,-120.33403,MERCED,UNINCORPORATED,-120.56111434,37.198933510000003
90514705,2016,2017-08-02,9460,2016-08-02,0318,016879,,2,3,9,2400,0,1,3,,2,002,"STATE ROUTE 99 NORTHBOUND","HAMMATT AVENUE",6336.00,S,N,A,-,Y,,,,,,,,,,Y,1,4,20,2,A,-,08,22107,,N,E,I,A,A,H,-,D,D,0,,,,,Y,,I,10,8,6,6,0,0,0,0,0,0,"- ","- ",37.223700000000001,-120.4135,MERCED,UNINCORPORATED,-120.69361513,37.377097990000003
92155762,2023,2023-08-28,9461,2023-08-13,"120 ",021854,,7,3,9,2400,0,1,3,,1,103,"SR-33 N/B","HUSMAN RD.",140.00,N,N,A,-,Y,MER,,33," "," ",20.452,H,,R,Y,2,0,1,1,A,-,01,23152,A,N,F,A,A,A,H,-,D,D,0,,,,,Y,Y,A,07,1,0,0,0,0,0,0,0,0,"- ","- ",37.158988952636719,-121.01394653320312,MERCED,UNINCORPORATED,-121.01393890380859,37.158988952636719
8688858,2018,2018-09-13,2405,2018-06-30,1056,PD18,2,6,5,3,2405,0,0,0,,0,0B2,"PACHECO BL","WARD RD",500.00,W,N,A,-,Y,MER,10,152,-,-,22.160,H,-,E,N,2,0,4,3,A,-,05,21460,A,N,A,C,A,A,H,-,A,A,0,,,,Y,Y,,A,01,1,0,3,0,0,0,0,0,0,"- ","- ",37.056850433349609,-120.81754302978516,MERCED,"LOS BANOS",-120.81940460205078,37.057037353515625
8695537,2018,2018-09-24,2406,2018-08-09,1727,252,3,4,5,5,2406,0,0,0,,0,030,"EAST 15TH ST","G ST",1156.00,E,N,A,-,N,,,,,,,,,,Y,2,0,1,2,A,-,17,21454,A,N,G,B,D,A,H,-,A,D,0,Y,,,,Y,,N,60,1,0,0,0,1,0,0,0,0,"- ","- ",,,MERCED,MERCED,-120.474853515625,37.295528411865234
9386348,2021,2022-01-14,2406,2021-12-17,0706,268,1,5,5,5,2406,0,0,0,,0,011,"BUENA VISTA DR","LAGO CT",195.00,W,N,B,-,N,,,,,,,,,,Y,2,0,2,1,A,-,03,22350,,N,E,I,A,B,H,-,A,D,0,,,,,Y,,D,22,1,0,1,0,0,0,0,0,0,"- ","- ",,,MERCED,MERCED,-120.4930419921875,37.327133178710938
9498359,2022,2022-10-21,2406,2022-09-17,2302,302,NORTH,6,5,5,2406,0,0,0,,0,010,"M ST","LOUGHBOROUGH DR",0.00,,Y,A,-,N,,,,,,,,,,Y,2,0,2,2,A,-,08,22107,,N,A,C,A,A,H,-,C,A,0,,,,,Y,,D,22,1,0,1,0,0,0,0,0,0,"- ","- ",,,MERCED,MERCED,-120.4783935546875,37.322704315185547
9527048,2022,2023-02-10,2404,2022-12-22,1200,X38,,4,5,3,2404,0,0,0,,0,95334,"OLDS AV",WALNUT,0.00,,Y,A,-,N,,,,,,,,,,Y,2,0,2,2,A,-,01,23152,A,F,E,I,F,A,H,-,C,A,0,Y,,,,Y,Y,A,01,1,1,0,0,1,0,0,0,0,"- ","- ",37.389331817626953,-120.71457672119141,MERCED,LIVINGSTON,-120.71465301513672,37.389545440673828
90555619,2017,2017-09-26,9461,2017-08-19,0315,020903,,6,3,9,2400,0,2,4,,1,410,"TURNER ISLAND RD","HENRY MILLER RD",5808.00,N,N,A,-,N,,,,,,,,,,Y,1,1,3,1,A,-,08,22107,,N,F,A,A,A,H,-,D,D,0,,,,,Y,,A,07,3,0,0,0,0,0,0,0,0,"- ","- ",37.055669999999999,-120.60603999999999,MERCED,UNINCORPORATED,-120.70737828,37.113898650000003
91267436,2020,2020-07-13,9460,2020-06-24,2105,018673,,3,2,9,2400,0,1,3,,1,591,SR-59,"REILLY RD",4224.00,S,N,A,-,Y,,,59,,,,,,,Y,2,0,2,1,A,-,08,22107,,N,F,A,A,A,H,-,D,D,0,,,Y,,Y,,C,02,2,0,0,0,0,0,0,0,2,"- ","- ",37.246288299560547,-120.48800659179688,MERCED,UNINCORPORATED,-120.48802185058594,37.246288299560547
6990959,2015,2016-11-15,2405,2015-04-19,1050,743,3,7,5,3,2405,0,0,0,,0,003,"RT 152","BADGER FLAT",33.00,W,N,A,-,Y,MER,10,152,-,-,18.882,I,5,W,Y,2,0,6,1,A,-,08,22107,,N,A,I,A,A,H,-,A,A,0,,,,,Y,,A,01,1,3,2,0,0,0,0,0,0,"- ","- ",,,MERCED,"LOS BANOS",-120.87835989,37.056776790000001
7097739,2015,2017-01-13,2406,2015-08-21,2336,162,2,5,5,5,2406,0,0,0,,0,020,"WEST 16TH ST","V ST",0.00,,Y,A,-,Y,MER,10,59,-,-,14.980,I,5,S,N,2,0,1,2,A,-,11,21456,B,N,G,B,B,A,H,-,C,A,0,Y,,,,Y,Y,N,60,1,0,0,0,1,0,0,0,0,"- ","- ",,,MERCED,MERCED,-120.49897987,37.305955040000001
9408849,2022,2022-03-04,2406,2022-01-29,2204,291,1,6,5,5,2406,0,0,0,,0,011,"NORTHWOOD DR","BRIARWOOD CT",126.00,E,N,A,-,N,,,,,,,,,,N,2,0,2,1,A,-,03,22350,,N,E,I,A,A,H,-,C,D,0,,,,,Y,,A,01,2,0,0,0,0,0,0,0,0,"- ","- ",,,MERCED,MERCED,-120.48384857177734,37.316905975341797
90677033,2017,2018-03-07,9460,2017-11-26,0050,020112,,7,3,9,2400,0,1,3,,2,001,"SR-99 N/B","SHANKS ROAD",1200.00,S,N,A,-,Y,,,99,,,,,,N,Y,1,1,6,4,A,-,01,23152,A,F,C,C,A,A,H,-,D,D,0,,,,,Y,Y,D,22,0,1,5,0,0,0,0,0,0,"- ","- ",37.434640000000002,-120.78003,MERCED,UNINCORPORATED,-120.78002514000001,37.434646270000002
91111350,2019,2019-11-01,9460,2019-10-24,0335,020822,,4,3,9,2400,0,3,5,,2,070,"CUNNINGHAM RD","CHILDS AVE",528.00,S,N,A,-,N,,,,,,,,,,Y,2,0,1,1,A,-,08,22107,,N,E,I,A,A,H,-,D,D,0,,,,,Y,,A,07,1,0,0,0,0,0,0,0,0,"- ","- ",37.285411834716797,-120.25209808349609,MERCED,UNINCORPORATED,-120.25196075439453,37.287220001220703
91170809,2020,2020-01-22,9460,2020-01-11,1744,019005,,6,2,9,2400,0,1,3,,1,590,SR-59,"SNELLING ROAD",528.00,S,N,A,-,Y,,,59,,,,,,,Y,2,0,1,1,A,-,01,23152,A,N,E,I,A,A,H,-,D,D,0,,,,,Y,Y,D,22,1,0,0,0,0,0,0,0,0,"- ","- ",37.515300750732422,-120.45519256591797,MERCED,UNINCORPORATED,-120.45518493652344,37.515285491943359
91733752,2022,2022-03-25,9460,2022-03-14,0705,015305,,1,1,9,2400,0,3,5,,2,040,"FOX ROAD","BELLEVUE ROAD",0.00,,Y,A,-,N,,,,,,,,,,Y,1,1,3,2,A,-,12,22450,A,N,D,C,A,A,H,-,A,A,0,,,,Y,Y,,A,07,3,0,0,0,0,0,0,0,0,"- ","- ",37.360630035400391,-120.54943084716797,MERCED,UNINCORPORATED,-120.54940795898438,37.360637664794922
92179822,2023,2023-09-26,9460,2023-09-17,1712,021320,,7,2,9,2400,0,3,5,,2,020,"EL CAPITAN WAY","3RD ST",0.00,,Y,A,-,N,,,,,,,,,,Y,2,0,1,1,A,-,01,23152,A,N,E,8,A,A,H,-,A,A,0,,,,,Y,Y,A,07,1,0,0,0,0,0,0,0,0,"- ","- ",37.433929443359375,-120.77793884277344,MERCED,UNINCORPORATED,-120.77785491943359,37.433879852294922
92430411,2024,2024-07-03,9461,2024-06-30,2042,019052,,7,2,9,2400,0,2,4,,1,410,"TURNER ISLAND RD","HENRY MILLER AVE",1056.00,S,N,A,-,N,,,,,,,,,,Y,2,0,1,1,A,-,08,22107,,N,E,I,A,A,H,-,B,D,0,,,,,Y,,A,01,1,0,0,0,0,0,0,0,0,"- ","- ",37.095100402832031,-120.70745086669922,MERCED,UNINCORPORATED,-120.70755004882812,37.095050811767578
92877256,2024,2024-07-29,9461,2024-07-20,1220,021785,,6,1,9,2400,0,1,1,,2,105,"I-5 N/B","TAGLIO RD",1320.00,S,N,A,-,Y,MER,,5," "," ",30.223,H,,R,N,2,0,1,1,A,-,08,22107,,N,F,A,A,A,H,-,A,D,0,,,Y,,Y,,C,02,1,0,0,0,0,0,0,0,1,"- ","- ",37.215389251708984,-121.08084106445312,MERCED,UNINCORPORATED,-121.08083343505859,37.215389251708984
94527462,2024,2025-01-30,9460,2024-12-31,1925,019806,,2,2,9,2400,0,2,4,,1,051,"SNELLING RD","YOUD RD",0.00,,Y,A,-,N,,,,,,,,,,N,2,0,1,1,A,-,08,22107,,N,E,I,A,A,H,-,D,D,0,,,,,Y,,A,01,1,0,0,0,0,0,0,0,0,"- ","- ",37.478179931640625,-120.44509887695312,MERCED,UNINCORPORATED,,
94595793,2024,2025-03-04,9461,2024-12-16,2351,021536,,1,3,9,2400,0,1,3,,1,452,"SR-152 W/B","TURNER ISLAND RD",0.00,,Y,A,-,Y,MER,,152," "," ",28.446,H,,L,Y,1,2,0,2,A,-,12,22450,A,N,D,C,A,B,H,-,D,A,0,,,,Y,Y,,A,01,0,0,0,0,0,0,0,0,0,"- ","- ",37.054641723632812,-120.70574188232422,MERCED,UNINCORPORATED,-120.70574188232422,37.054630279541016
8282550,2016,2017-01-20,2406,2016-12-08,1249,136,1,4,5,5,2406,0,0,0,,0,010,"BROOKDALE DR","CHEROKEE AV",178.00,W,N,B,-,N,,,,,,,,,,Y,2,0,1,1,A,-,08,22107,,N,E,J,A,B,H,-,A,A,0,,,,,Y,,A,07,1,0,0,0,0,0,0,0,0,"- ","- ",,,MERCED,MERCED,-120.46130558,37.321043690000003
9221540,2020,2021-02-23,2405,2020-06-12,0002,PD11,3,5,5,3,2405,0,0,0,,0,0B3,"PACHECO BL","6TH ST",0.00,,Y,A,-,Y,MER,10,152,-,-,20.450,H,-,W,N,2,0,1,2,D,-,00,,,F,G,B,E,A,H,-,C,A,0,Y,,,,Y,,-,"- ",1,0,0,0,1,0,0,0,0,"- ","- ",37.056541442871094,-120.85057830810547,MERCED,"LOS BANOS",-120.85031127929688,37.056892395019531