CASE_ID,ACCIDENT_YEAR,PROC_DATE,JURIS,COLLISION_DATE,COLLISION_TIME,OFFICER_ID,REPORTING_DISTRICT,DAY_OF_WEEK,CHP_SHIFT,POPULATION,CNTY_CITY_LOC,SPECIAL_COND,BEAT_TYPE,CHP_BEAT_TYPE,CITY_DIVISION_LAPD,CHP_BEAT_CLASS,BEAT_NUMBER,PRIMARY_RD,SECONDARY_RD,DISTANCE,DIRECTION,INTERSECTION,WEATHER_1,WEATHER_2,STATE_HWY_IND,CALTRANS_COUNTY,CALTRANS_DISTRICT,STATE_ROUTE,ROUTE_SUFFIX,POSTMILE_PREFIX,POSTMILE,LOCATION_TYPE,RAMP_INTERSECTION,SIDE_OF_HWY,TOW_AWAY,COLLISION_SEVERITY,NUMBER_KILLED,NUMBER_INJURED,PARTY_COUNT,PRIMARY_COLL_FACTOR,PCF_CODE_OF_VIOL,PCF_VIOL_CATEGORY,PCF_VIOLATION,PCF_VIOL_SUBSECTION,HIT_AND_RUN,TYPE_OF_COLLISION,MVIW,PED_ACTION,ROAD_SURFACE,ROAD_COND_1,ROAD_COND_2,LIGHTING,CONTROL_DEVICE,CHP_ROAD_TYPE,PEDESTRIAN_ACCIDENT,BICYCLE_ACCIDENT,MOTORCYCLE_ACCIDENT,TRUCK_ACCIDENT,NOT_PRIVATE_PROPERTY,ALCOHOL_INVOLVED,STWD_VEHTYPE_AT_FAULT,CHP_VEHTYPE_AT_FAULT,COUNT_SEVERE_INJ,COUNT_VISIBLE_INJ,COUNT_COMPLAINT_PAIN,COUNT_PED_KILLED,COUNT_PED_INJURED,COUNT_BICYCLIST_KILLED,COUNT_BICYCLIST_INJURED,COUNT_MC_KILLED,COUNT_MC_INJURED,PRIMARY_RAMP,SECONDARY_RAMP,LATITUDE,LONGITUDE,COUNTY,CITY,POINT_X,POINT_Y
9490701,2022,2022-09-08,2406,2022-08-16,2341,267,2,2,5,5,2406,0,0,0,,0,020,"E YOSEMITE PKWY","MARTHELLA AV",150.00,W,N,A,-,N,,,,,,,,,,Y,2,0,1,2,A,-,01,23152,A,M,C,C,A,A,H,-,C,D,0,,,,,Y,Y,A,01,1,0,0,0,0,0,0,0,0,"- ","- ",,,MERCED,MERCED,-120.45603179931641,37.295211791992188
9619495,2023,2023-12-14,2406,2023-08-28,2120,295,2,1,5,5,2406,0,0,0,,0,020,"MARTIN LUTHER KING JR WY","WEST 20TH ST",0.00,,Y,A,-,N,,,,,,,,,,N,2,0,1,2,A,-,10,21950,A,F,G,B,B,A,H,-,C,D,0,Y,,,,Y,Y,A,01,1,0,0,0,1,0,0,0,0,"- ","- ",,,MERCED,MERCED,-120.4786376953125,37.303325653076172
9786010,2024,2025-03-06,2406,2024-01-25,"619 ",129,506TH,4,5,5,2406,0,0,0,,0,030,"RT 59","8TH ST",190.00,W,N,A,-,Y,MER,10,59,-,-,14.380,H,-,S,Y,1,1,0,2,A,-,11,21954,A,N,G,B,D,B,H,-,C,D,0,Y,,,,Y,,N,60,0,0,0,1,0,0,0,0,0,"- ","- ",,,MERCED,MERCED,-120.48546600341797,37.29156494140625
90174146,2016,2016-05-06,9460,2016-04-17,1928,019661,,7,2,9,2400,0,1,3,,1,590,SR-59,"SNELLING ROAD",510.00,S,N,A,-,Y,,,59,,,,,,,Y,2,0,2,1,A,-,01,23152,A,N,E,I,A,A,H,-,A,D,0,,,,,Y,Y,A,07,1,0,1,0,0,0,0,0,0,"- ","- ",37.515630000000002,-120.45424,MERCED,UNINCORPORATED,-120.45425973,37.51567309
90284018,2016,2016-10-05,9460,2016-08-03,0026,019106,,3,3,9,2400,0,3,5,,2,020,"EUCALYPTUS AVE","LIVINGSTON CRESSEY RD",0.00,,Y,A,-,N,,,,,,,,,,Y,1,1,0,1,A,-,01,23152,E,N,E,I,A,A,H,-,D,D,0,,,,,Y,,A,01,0,0,0,0,0,0,0,0,0,"- ","- ",37.404069999999997,-120.71352,MERCED,UNINCORPORATED,-120.71322997,37.404069960000001
91155797,2019,2019-12-30,9460,2019-12-23,2005,019806,,1,2,9,2400,0,1,3,,2,001,"SR-99 S/B","SOUTH AVE",4224.00,S,N,B,-,Y,,,99,,,,,,S,Y,2,0,3,3,A,-,03,22350,,N,C,C,A,A,H,-,D,D,0,,,,,Y,,A,07,1,1,1,0,0,0,0,0,0,"- ","- ",37.417129516601562,-120.76033020019531,MERCED,UNINCORPORATED,-120.76032257080078,37.417133331298828
91186039,2020,2020-02-13,9460,2020-02-07,2330,020967,,5,3,9,2400,0,3,5,,2,010,"TURNER AVE","FAITH HOME RD",15.00,E,N,A,-,N,,,,,,,,,,Y,2,0,1,1,A,-,01,23152,A,N,E,I,A,A,H,-,D,D,0,,,,,Y,Y,D,22,1,0,0,0,0,0,0,0,0,"- ","- ",37.372188568115234,-120.92272186279297,MERCED,UNINCORPORATED,-120.92296600341797,37.372161865234375
92086243,2023,2023-06-05,9460,2023-05-25,"610 ",015305,,4,1,9,2400,0,1,3,,2,003,"STATE ROUTE 99 (SOUTHBOUND)","LE GRAND ROAD",4224.00,N,N,A,-,Y,MER,,99," ",R,7.564,H,,R,Y,2,0,4,1,A,-,08,22107,,N,F,A,A,A,H,-,A,D,0,,,,,Y,,D,22,3,1,0,0,0,0,0,0,0,"- ","- ",37.231231689453125,-120.38591766357422,MERCED,UNINCORPORATED,-120.38573455810547,37.231430053710938
92172377,2023,2023-09-18,9460,2023-09-09,1308,019106,,6,1,9,2400,0,3,5,,2,040,"OAKDALE ROAD",SR-59,453.00,W,N,B,-,N,,,,,,,,,,Y,2,0,1,1,A,-,08,22107,,N,F,A,A,A,H,-,A,A,0,,,Y,,Y,,C,02,1,0,0,0,0,0,0,0,1,"- ","- ",37.41741943359375,-120.51460266113281,MERCED,UNINCORPORATED,-120.51451873779297,37.417434692382812
94468499,2024,2024-11-13,9460,2024-09-24,2500,016476,,2,4,9,2400,0,3,5,,2,020,"SANTA FE DRIVE","LINWOOD ROAD",3115.00,N,N,A,-,N,,,,,,,,,,Y,1,1,0,1,A,-,08,22107,,N,E,I,A,A,H,-,B,D,0,,,,,Y,,A,01,0,0,0,0,0,0,0,0,0,"- ","- ",37.482368469238281,-120.75141906738281,MERCED,UNINCORPORATED,-120.75213623046875,37.482746124267578
9649452,2023,2024-01-23,2404,2023-09-29,"848 ",X5,,5,5,3,2404,0,0,0,,0,,"WALNUT AV",SYCAMORE,106.00,W,N,A,-,N,,,,,,,,,,Y,2,0,1,2,A,-,03,22350,,N,C,C,A,A,H,-,A,D,0,,,Y,,Y,,C,02,1,0,0,0,0,0,0,0,1,"- ","- ",37.389560699462891,-120.70272064208984,MERCED,LIVINGSTON,-120.70216369628906,37.389568328857422
9870198,2025,2025-08-22,2401,2025-06-23,1621,745,1,1,5,3,2401,0,0,0,,0,001,"JUNIPER AV","SHAFFERD RD",0.00,,Y,A,-,N,,,,,,,,,,N,2,0,2,2,A,-,12,21453,A,N,D,C,A,A,H,-,A,A,0,,,,,Y,,I,11,1,1,0,0,0,0,0,0,0,"- ","- ",37.349849700927734,-120.59588623046875,MERCED,ATWATER,-120.59590911865234,37.349830627441406
91286943,2020,2020-08-17,9461,2020-08-08,0402,021854,,6,3,9,2400,0,1,3,,1,452,"SR-152 W/B","MIDWAY RD",1584.00,E,N,A,-,Y,,,152,,,,,,W,Y,2,0,1,1,A,-,01,23152,A,N,E,I,A,A,H,-,D,D,0,,,,,Y,Y,A,07,1,0,0,0,0,0,0,0,0,"- ","- ",37.055198669433594,-120.742919921875,MERCED,UNINCORPORATED,-120.742919921875,37.0552978515625
91517410,2021,2021-07-12,9461,2021-06-30,1955,021056,,3,2,9,2400,0,1,3,,1,152,"SR-152 E/B","ROMERO VISITOR CENTER",1056.00,E,N,A,-,Y,,,152,,,,,,E,Y,2,0,2,1,A,-,08,22107,,N,E,I,A,A,H,-,A,D,0,,,Y,,Y,,C,02,1,1,0,0,0,0,0,0,2,"- ","- ",37.0819091796875,-121.09345245361328,MERCED,UNINCORPORATED,-121.09348297119141,37.081851959228516
91884139,2022,2022-10-06,9461,2022-10-02,1826,019052,,7,2,9,2400,0,2,4,,1,415,"HENRY MILLER AVE",SR-165,4224.00,E,N,A,-,N,,,,,,,,,,Y,2,0,1,1,A,-,08,22107,,F,F,A,A,A,H,-,A,D,0,,,,,Y,,-,"- ",1,0,0,0,0,0,0,0,0,"- ","- ",37.099380493164062,-120.82048797607422,MERCED,UNINCORPORATED,-120.82038116455078,37.099613189697266
92177085,2023,2023-09-22,9461,2023-07-18,1610,021811,,2,2,9,2400,0,1,3,,1,152,"STATE ROUTE 152 EASTBOUND","ROMERO VISITOR CENTER ENTRANCE",2112.00,E,N,A,-,Y,MER,,152," ",R,8.417,H,,R,Y,1,1,0,1,A,-,08,22107,,N,E,I,A,A,H,-,A,D,0,,,Y,,Y,,C,02,0,0,0,0,0,0,0,1,0,"- ","- ",37.082309722900391,-121.09420013427734,MERCED,UNINCORPORATED,-121.09422302246094,37.082279205322266
92256444,2023,2023-12-07,9460,2023-12-02,1149,019806,,6,1,9,2400,0,3,5,,2,080,"CHILDS AVE","CHILDS CT",155.00,E,N,A,-,N,,,,,,,,,,N,2,0,4,2,A,-,05,21460,A,N,A,C,A,A,H,-,A,D,0,,,,,Y,,A,01,2,2,0,0,0,0,0,0,0,"- ","- ",37.288158416748047,-120.4593505859375,MERCED,UNINCORPORATED,-120.24156951904297,37.287178039550781
6799960,2015,2016-09-27,9461,2015-01-23,1010,018586,,5,1,9,2400,0,1,1,,2,206,"RT 5","RT 165",4224.00,S,N,A,-,Y,MER,10,5,-,-,5.480,H,-,S,Y,2,0,1,1,A,-,08,22107,,N,F,A,A,A,H,-,A,D,1,,,Y,,Y,,C,02,1,0,0,0,0,0,0,0,1,"- ","- ",,,MERCED,UNINCORPORATED,-120.83147532,36.921324990000002
6975720,2015,2016-11-15,9460,2015-06-21,1138,18951,,7,1,9,2400,0,1,3,,1,142,"RT 140","GURR RD",0.00,,Y,A,-,Y,MER,10,140,-,-,32.518,I,5,E,Y,2,0,3,2,A,-,09,21802,A,N,D,C,A,A,H,-,A,D,0,,,,,Y,,D,22,1,0,2,0,0,0,0,0,0,"- ","- ",37.302390000000003,-120.55934000000001,MERCED,UNINCORPORATED,-120.55960749,37.302448689999999
7199719,2015,2017-03-29,2404,2015-12-09,1738,X40,,3,5,3,2404,0,0,0,,0,,"HAMMATT AV","WALNUT AV",392.00,N,N,A,-,N,,,,,,,,,,N,1,1,0,2,A,-,03,22350,,N,G,B,E,A,H,-,E,D,0,Y,,,,Y,Y,A,01,0,0,0,1,0,0,0,0,0,"- ","- ",37.389539999999997,-120.71216,MERCED,LIVINGSTON,-120.71171940000001,37.390571190000003
9624082,2023,2025-06-25,2406,2023-06-05,1950,129,NORTH,1,5,5,2406,0,0,0,,0,011,"WEST OLIVE AV","M ST",980.00,W,N,B,-,N,,,,,,,,,,Y,1,1,1,2,A,-,09,21804,A,N,B,C,A,A,H,-,A,D,0,,,,,Y,,A,07,1,0,0,0,0,0,0,0,0,"- ","- ",,,MERCED,MERCED,-120.48181915283203,37.319190979003906
90281945,2016,2016-10-03,9461,2016-10-03,0035,020586,,1,3,9,2400,0,1,1,,2,105,"I-5 SB TO SR-33",SR-33,471.00,N,N,A,G,Y,,,5,,,,R,,S,Y,2,0,5,3,A,-,01,23152,A,N,E,I,A,A,H,-,D,D,0,,,,,Y,Y,D,22,2,2,1,0,0,0,0,0,0,"- ","- ",37.106839999999998,-121.01688,MERCED,UNINCORPORATED,-121.01688,37.106839999999998
90836438,2018,2018-10-15,9460,2018-10-09,1800,018603,,2,2,9,2400,0,3,5,,2,010,"AMERICAN AVE",SR-165,225.00,E,N,A,-,N,,,,,,,,,,Y,2,0,3,2,A,-,05,21460,A,N,D,C,A,A,H,-,A,D,0,,,Y,,Y,,C,02,1,1,1,0,0,0,0,0,1,"- ","- ",37.244159698486328,-120.50569915771484,MERCED,UNINCORPORATED,-120.84927368164062,37.411510467529297
90968127,2019,2019-04-15,9460,2019-04-09,0640,012845,,2,1,9,2400,0,3,5,,2,050,"NORTH ARBOLEDA DRIVE","OLIVE AVENUE",1425.00,N,N,A,-,N,,,,,,,,,,Y,2,0,1,2,A,-,03,22350,,N,C,C,A,A,H,-,B,D,0,,,,,Y,,D,22,1,0,0,0,0,0,0,0,0,"- ","- ",37.321460723876953,-120.37847137451172,MERCED,UNINCORPORATED,-120.37843322753906,37.321460723876953
91835064,2022,2022-08-08,9460,2022-07-29,1054,015305,,5,1,9,2400,0,1,3,,2,002,"SR 99 (SOUTHBOUND)","FRANKLIN ROAD",2640.00,N,N,A,-,Y,,,,,,,,,,Y,2,0,1,2,A,-,03,22350,,F,C,C,A,A,H,-,A,D,0,,,Y,,Y,,-,99,1,0,0,0,0,0,0,0,1,"- ","- ",37.325641632080078,-120.54833984375,MERCED,UNINCORPORATED,-120.55062103271484,37.324337005615234
6779061,2014,2015-02-17,9460,2014-12-07,1342,017911,,7,1,9,2400,0,2,4,,1,041,"SANTA FE DR","BELCHER AV",0.00,,Y,B,-,N,,,,,,,,,,Y,2,0,2,2,A,-,09,21801,A,N,D,C,A,A,H,-,A,D,0,,,,,Y,,A,01,1,0,1,0,0,0,0,0,0,"- ","- ",37.338709999999999,-120.53771,MERCED,UNINCORPORATED,-120.53783988000001,37.338699900000002
6870797,2015,2016-09-13,9461,2015-03-27,1416,017493,,5,2,9,2400,0,1,3,,1,152,"RT 152","SANTA CLARA CO LINE",528.00,E,N,A,-,Y,MER,10,152,-,-,0.320,H,-,W,Y,2,0,1,2,A,-,07,21658,A,N,C,C,A,A,H,-,A,D,5,,,,Y,Y,,D,22,1,0,0,0,0,0,0,0,0,"- ","- ",37.071199999999997,-121.21120000000001,MERCED,UNINCORPORATED,-121.18341728999999,37.084765259999998
8911499,2020,2020-09-02,2406,2020-08-01,1850,162,3,6,5,5,2406,0,0,0,,0,031,"U ST","WEST 9TH ST",0.00,,Y,A,-,N,,,,,,,,,,Y,1,1,7,5,A,-,01,23152,A,F,D,C,A,A,H,-,A,A,0,,,,,Y,Y,A,01,1,4,2,0,0,0,0,0,0,"- ","- ",,,MERCED,MERCED,-120.50167083740234,37.298118591308594
9569394,2023,2023-09-25,2401,2023-05-26,1830,726,1,5,5,3,2401,0,0,0,,0,001,"WEST BELLEVUE RD","CONSTITUTION DR",67.00,E,N,A,-,N,,,,,,,,,,N,2,0,2,3,A,-,10,21950,A,N,G,B,B,A,H,-,A,A,0,Y,,,,Y,,A,01,1,0,1,0,2,0,0,0,0,"- ","- ",37.360469818115234,-120.59580230712891,MERCED,ATWATER,-120.59102630615234,37.360481262207031
9621691,2023,2023-10-02,2401,2023-08-03,"300 ",740,2,4,5,3,2401,0,0,0,,0,002,"BUHACH RD","ATWATER BL",0.00,,-,A,-,N,,,,,,,,,,Y,2,0,2,1,A,-,05,21651,B,N,E,I,A,A,H,-,C,D,0,,,,,Y,,A,07,2,0,0,0,0,0,0,0,0,"- ","- ",,,MERCED,ATWATER,,
90212319,2016,2016-06-29,9461,2016-06-24,1637,019052,,5,2,9,2400,0,1,3,,1,152,"SR-152 E/B","LOWER COTTONWOOD",4752.00,W,N,A,-,Y,,,152,,,,,,E,Y,2,0,1,1,A,-,08,22107,,N,F,A,A,A,H,-,A,D,0,,,Y,,Y,,C,02,1,0,0,0,0,0,0,0,1,"- ","- ",37.102499999999999,-121.13720000000001,MERCED,UNINCORPORATED,-121.1371788,37.10244496
90415986,2017,2017-03-20,9461,2017-03-16,0740,017329,,4,1,9,2400,0,3,5,,2,050,"CHRISTIAN AVENUE","ELI AVENUE",415.00,E,N,A,-,N,,,,,,,,,,N,2,0,1,2,A,-,03,22350,,N,C,G,A,A,H,-,A,D,0,,Y,,,Y,,A,07,1,0,0,0,0,0,1,0,0,"- ","- ",36.974600000000002,-120.63773999999999,MERCED,UNINCORPORATED,-120.63765961999999,36.974595909999998
91343848,2020,2020-11-12,9460,2020-11-09,0031,021511,,1,3,9,2400,0,1,3,,2,001,"SR-99 S/B","HAMMATT AVE",176.00,N,N,A,-,Y,,,,,,,,,,Y,2,0,2,1,A,-,01,23152,A,F,E,I,A,A,H,-,D,D,0,,,,,Y,Y,A,01,1,0,1,0,0,0,0,0,0,"- ","- ",37.38494873046875,-120.71356201171875,MERCED,UNINCORPORATED,-120.71365356445312,37.384902954101562
6422746,2014,2016-03-05,9460,2014-03-06,1420,018806,,4,2,9,2400,0,1,3,,1,590,"RT 59","OAKDALE RD",8976.00,S,N,A,-,Y,MER,10,59,-,-,21.390,H,-,N,Y,2,0,1,2,A,-,08,22107,,N,A,C,A,A,H,-,A,D,0,,,,Y,Y,,D,22,1,0,0,0,0,0,0,0,0,"- ","- ",37.399619999999999,-120.50467,MERCED,UNINCORPORATED,-120.50426491,37.395573890000001
9105300,2020,2020-07-30,2406,2020-04-18,1955,235,22,6,5,5,2406,0,0,0,,0,001,"WEST 16TH ST","V ST",15.00,W,N,A,-,N,,,,,,,,,,N,2,0,1,2,A,-,03,22350,,N,C,C,A,A,H,-,C,A,0,,,,,Y,,A,01,1,0,0,0,0,0,0,0,0,"- ","- ",,,MERCED,MERCED,-120.49905395507812,37.305946350097656
9544602,2022,2023-02-07,2405,2022-07-29,1727,PD20,2,5,5,3,2405,0,0,0,,0,0B2,"G ST","8TH ST",178.00,E,N,A,-,N,,,,,,,,,,Y,2,0,1,2,A,-,08,22107,,N,C,E,A,A,H,-,A,D,0,,,,,Y,,D,72,1,0,0,0,0,0,0,0,0,"- ","- ",37.061561584472656,-120.84294891357422,MERCED,"LOS BANOS",-120.84310150146484,37.061435699462891
90062495,2015,2015-12-01,9460,2015-09-10,0207,019005,,4,3,9,2400,0,3,5,,2,070,"MINTURN RD.","LE GRAND RD",39.00,S,N,A,-,N,,,,,,,,,,Y,1,1,1,2,A,-,01,23152,A,N,C,C,A,A,H,-,D,A,0,,,,Y,Y,Y,A,01,1,0,0,0,0,0,0,0,0,"- ","- ",37.220399999999998,-120.271,MERCED,UNINCORPORATED,-120.27087992,37.228282919999998
90340023,2016,2016-12-08,9460,2016-11-28,0115,019665,,1,3,9,2400,0,3,5,,2,090,"BLOSS AVE","MERCED AVE",300.00,W,N,B,-,N,,,,,,,,,,Y,2,0,1,1,A,-,01,23152,A,N,F,A,A,A,H,-,D,D,0,,,,,Y,Y,A,07,1,0,0,0,0,0,0,0,0,"- ","- ",37.405149999999999,-120.79662999999999,MERCED,UNINCORPORATED,-120.79682977,37.40507787
91125510,2019,2019-11-21,9460,2019-11-11,1830,021407,,1,2,9,2400,0,2,4,,1,031,"N WINTON WAY","ALMOND AVE",9.00,S,N,A,-,N,,,,,,,,,,N,2,0,1,2,A,-,11,21456,C,N,G,B,B,A,H,-,C,A,0,Y,,,,Y,,N,60,1,0,0,0,1,0,0,0,0,"- ","- ",37.382198333740234,-120.61360168457031,MERCED,UNINCORPORATED,-120.61354064941406,37.382133483886719
91318674,2020,2021-02-03,9461,2020-09-09,0200,018910,,3,3,9,2400,0,1,3,,1,152,"STATE ROUTE 152 WESTBOUND","BASALT ROAD",1056.00,E,N,A,G,Y,,,152,,,,,,W,Y,1,1,1,1,A,-,08,22107,,N,F,A,A,A,H,-,D,D,0,,,,,Y,,A,07,1,0,0,0,0,0,0,0,0,"- ","- ",37.059150695800781,-121.05384826660156,MERCED,UNINCORPORATED,-121.05385589599609,37.059139251708984
91628628,2021,2021-11-18,9461,2021-11-14,1910,019052,,7,2,9,2400,0,1,3,,2,453,"SR-152 E/B","COYOTE RD",0.00,,Y,B,-,Y,,,152,,,,,,E,Y,2,0,1,2,A,-,09,21801,A,F,D,C,A,A,H,-,D,A,0,,,,,Y,,-,99,1,0,0,0,0,0,0,0,0,"- ","- ",37.076431274414062,-120.51010894775391,MERCED,UNINCORPORATED,-120.51009368896484,37.076393127441406
91921763,2022,2022-11-18,9460,2022-11-11,1518,021468,,5,2,9,2400,0,1,3,,2,002,"SR-99 N/B","E. ATWATER BLVD",500.00,N,N,A,-,Y,MER,,99,,,21.787,H,,R,Y,2,0,2,1,A,-,08,22107,,N,E,I,A,A,D,-,A,D,0,,,,,Y,,A,01,2,0,0,0,0,0,0,0,0,"- ","- ",37.340068817138672,-120.59703063964844,MERCED,UNINCORPORATED,-120.59703826904297,37.340137481689453
91923157,2022,2022-11-21,9461,2022-11-11,0235,021660,,5,3,9,2400,0,1,1,,2,205,"I-5 S/B","ARBURUA RD",1584.00,S,N,A,-,Y,MER,,5,,,9.303,H,,L,N,2,0,1,3,A,-,08,22107,,F,G,1,E,A,H,-,D,D,0,Y,,,,Y,,-,99,1,0,0,0,1,0,0,0,0,"- ","- ",36.961490631103516,-120.87882232666016,MERCED,UNINCORPORATED,-120.87880706787109,36.961498260498047
92289073,2024,2024-01-17,9461,2024-01-10,1918,019052,,3,2,9,2400,0,1,3,,1,103,SR-33,"CANAL SCHOOL RD",0.00,,Y,B,-,Y,MER,,33," "," ",28.776,H,,R,Y,2,0,3,2,A,-,09,21800,A,N,D,C,A,A,H,-,D,A,0,,,,,Y,,A,01,1,1,1,0,0,0,0,0,0,"- ","- ",37.283248901367188,-121.00824737548828,MERCED,UNINCORPORATED,-121.00823211669922,37.283252716064453
6501324,2014,2014-07-28,9460,2014-05-04,1630,019155,,7,2,9,2400,0,3,5,,2,040,"KEYES RD","FIELDS RD",305.00,E,N,A,-,N,,,,,,,,,,N,2,0,1,1,B,-,22,,,N,F,A,A,A,H,-,A,D,0,,,Y,,Y,,C,02,1,0,0,0,0,0,0,0,1,"- ","- ",37.536169999999998,-120.46164,MERCED,UNINCORPORATED,-120.46139845,37.536201269999999
8630940,2017,2018-06-05,2405,2017-08-14,1909,PD19,6,1,5,3,2405,0,0,0,,0,B42,"SANTA BARBARA ST","RANCHWOOD DR",0.00,,Y,A,-,N,,,,,,,,,,N,2,0,3,4,A,-,11,21954,A,N,G,B,B,A,A,H,B,A,0,Y,,,,Y,,A,01,1,1,1,0,3,0,0,0,0,"- ","- ",37.076790000000003,-120.83974000000001,MERCED,"LOS BANOS",-120.83974997999999,37.076810070000001
9786438,2024,2025-07-31,2406,2024-07-25,2059,129,CENTR,4,5,5,2406,0,0,0,,0,021,"EAST 21ST ST","CALIMYRNA AV",0.00,,Y,A,-,N,,,,,,,,,,Y,1,1,0,3,A,-,08,22107,,N,A,G,A,A,H,-,C,D,0,,Y,,,Y,,A,07,0,0,0,0,0,1,0,0,0,"- ","- ",,,MERCED,MERCED,-120.46669769287109,37.300148010253906
90198368,2016,2016-06-09,9460,2016-02-13,0735,017827,,6,1,9,2400,0,1,3,,1,591,SR-59,"RAHILLY RD.",2640.00,S,N,E,-,Y,,,59,,,,,,,Y,1,2,1,2,A,-,03,22350,,N,D,C,A,A,H,-,A,D,0,,,,Y,Y,,D,22,1,0,0,0,0,0,0,0,0,"- ","- ",37.207630000000002,-120.48814,MERCED,UNINCORPORATED,-120.4880771,37.207629249999997
90591674,2017,2017-11-09,9460,2017-10-30,1950,019838,,1,2,9,2400,0,2,4,,1,101,"WESTSIDE BLVD","DWIGHT WAY",86.00,E,N,A,-,N,,,,,,,,,,Y,2,0,2,2,A,-,01,23152,A,N,C,C,A,A,H,-,C,D,0,,,,,Y,Y,A,01,1,0,1,0,0,0,0,0,0,"- ","- ",37.360550000000003,-120.7046,MERCED,UNINCORPORATED,-120.70526415,37.360477920000001
91969821,2023,2023-01-17,9460,2023-01-07,2035,019838,,6,2,9,2400,0,1,3,,2,002,"SR-99 SOUTHBOUND","BUHACH RD",1056.00,S,N,B,C,Y,MER,,99," ",R,20.328,H,,L,Y,2,0,1,2,A,-,08,22107,,F,C,C,A,B,D,-,D,D,0,,,,,Y,,-,99,1,0,0,0,0,0,0,0,0,"- ","- ",37.333118438720703,-120.5723876953125,MERCED,UNINCORPORATED,-120.57239532470703,37.333099365234375
92053093,2023,2023-04-25,9460,2023-03-04,1355,020365,,6,1,5,2406,0,1,3,,2,003,"SR-99 S/B","MARTIN LUTHER KING JR WAY",206.00,N,N,B,-,Y,MER,,99," "," ",14.733,H,,L,Y,2,0,16,1,A,-,08,22107,,N,F,A,A,A,H,-,A,A,0,,,,,Y,,I,11,2,14,0,0,0,0,0,0,0,"- ","- ",37.296558380126953,-120.48342132568359,MERCED,MERCED,-120.48332214355469,37.296730041503906
7006374,2015,2015-12-21,9460,2015-05-24,1607,19604,,7,2,9,2400,0,3,5,,2,020,"AUGUST AV","MERCED AV",2112.00,W,N,A,-,N,,,,,,,,,,Y,1,2,0,1,A,-,01,23152,A,N,E,I,A,A,H,-,A,D,0,,,,,Y,Y,A,01,0,0,0,0,0,0,0,0,0,"- ","- ",37.419240000000002,-120.80262999999999,MERCED,UNINCORPORATED,-120.80268565,37.419229440000002
8347824,2016,2017-04-26,2405,2016-11-08,2218,716,3,2,5,3,2405,0,0,0,,0,004,"VINEYARD DR","STONEWOOD DR",383.00,W,N,A,-,N,,,,,,,,,,N,2,0,1,2,A,-,11,21954,A,M,G,B,E,A,H,-,D,D,0,Y,,,,Y,,N,60,1,0,0,0,1,0,0,0,0,"- ","- ",,,MERCED,"LOS BANOS",-120.84512284,37.082805819999997
8685565,2018,2018-10-05,2406,2018-08-11,1144,211,1,6,5,5,2406,0,0,0,,0,010,"EAST YOSEMITE AV","CORDOVA AV",0.00,,Y,A,-,N,,,,,,,,,,Y,2,0,2,2,A,-,08,22107,,N,D,C,A,A,H,-,A,D,0,,,Y,,Y,,A,07,1,1,0,0,0,0,0,0,1,"- ","- ",,,MERCED,MERCED,-120.46314239501953,37.332141876220703
9072911,2020,2020-06-23,2406,2020-03-03,1932,289,MERCE,2,5,5,2406,0,0,0,,0,"3 31","13TH ST","V ST",300.00,E,N,A,-,N,,,,,,,,,,N,2,0,1,2,A,-,05,21650,1,F,D,G,A,A,H,-,C,D,0,,Y,,,Y,,L,04,1,0,0,0,0,0,1,0,0,"- ","- ",,,MERCED,MERCED,-120.49993896484375,37.302352905273438
90261341,2016,2016-09-06,9461,2016-08-18,1846,020586,,4,2,9,2400,0,1,3,,1,140,SR-140,"WHITWORTH RD",0.00,,Y,A,-,Y,,,140,,,,,,,Y,1,1,1,2,A,-,12,22450,A,N,D,C,A,A,H,-,A,A,0,,,,Y,Y,,A,01,0,0,1,0,0,0,0,0,0,"- ","- ",37.24577,-121.0309,MERCED,UNINCORPORATED,-121.03089957,37.245823379999997
90919827,2019,2019-02-05,9460,2019-01-24,0942,016206,,4,1,9,2400,0,3,5,,2,040,"OAKDALE RD","BUHACH RD",182.00,W,N,A,-,N,,,,,,,,,,Y,2,0,1,2,A,-,05,21460,A,N,A,C,A,A,H,-,A,D,0,,,,Y,Y,,A,01,1,0,0,0,0,0,0,0,0,"- ","- ",37.43994140625,-120.57652282714844,MERCED,UNINCORPORATED,-120.57646179199219,37.439849853515625
94652450,2025,2025-04-16,9460,2025-04-06,1646,022406,,7,2,9,2400,0,3,5,,2,030,"WINTON WAY","CRAWFORD ST",0.00,,Y,A,-,N,,,,,,,,,,Y,2,0,1,2,A,-,09,21802,A,N,D,2,A,A,H,-,A,D,0,,,Y,,Y,,A,01,1,0,0,0,0,0,0,0,1,"- ","- ",37.383979797363281,-120.61361694335938,MERCED,UNINCORPORATED,-120.61355590820312,37.383956909179688