CASE_ID,ACCIDENT_YEAR,PROC_DATE,JURIS,COLLISION_DATE,COLLISION_TIME,OFFICER_ID,REPORTING_DISTRICT,DAY_OF_WEEK,CHP_SHIFT,POPULATION,CNTY_CITY_LOC,SPECIAL_COND,BEAT_TYPE,CHP_BEAT_TYPE,CITY_DIVISION_LAPD,CHP_BEAT_CLASS,BEAT_NUMBER,PRIMARY_RD,SECONDARY_RD,DISTANCE,DIRECTION,INTERSECTION,WEATHER_1,WEATHER_2,STATE_HWY_IND,CALTRANS_COUNTY,CALTRANS_DISTRICT,STATE_ROUTE,ROUTE_SUFFIX,POSTMILE_PREFIX,POSTMILE,LOCATION_TYPE,RAMP_INTERSECTION,SIDE_OF_HWY,TOW_AWAY,COLLISION_SEVERITY,NUMBER_KILLED,NUMBER_INJURED,PARTY_COUNT,PRIMARY_COLL_FACTOR,PCF_CODE_OF_VIOL,PCF_VIOL_CATEGORY,PCF_VIOLATION,PCF_VIOL_SUBSECTION,HIT_AND_RUN,TYPE_OF_COLLISION,MVIW,PED_ACTION,ROAD_SURFACE,ROAD_COND_1,ROAD_COND_2,LIGHTING,CONTROL_DEVICE,CHP_ROAD_TYPE,PEDESTRIAN_ACCIDENT,BICYCLE_ACCIDENT,MOTORCYCLE_ACCIDENT,TRUCK_ACCIDENT,NOT_PRIVATE_PROPERTY,ALCOHOL_INVOLVED,STWD_VEHTYPE_AT_FAULT,CHP_VEHTYPE_AT_FAULT,COUNT_SEVERE_INJ,COUNT_VISIBLE_INJ,COUNT_COMPLAINT_PAIN,COUNT_PED_KILLED,COUNT_PED_INJURED,COUNT_BICYCLIST_KILLED,COUNT_BICYCLIST_INJURED,COUNT_MC_KILLED,COUNT_MC_INJURED,PRIMARY_RAMP,SECONDARY_RAMP,LATITUDE,LONGITUDE,COUNTY,CITY,POINT_X,POINT_Y
6375800,2014,2014-06-10,2406,2014-01-20,1018,195,2-21,1,5,5,2406,0,0,0,,0,2-20,"CAROL AV","EAST CHILDS AV",0.00,,Y,A,-,N,,,,,,,,,,N,2,0,1,2,A,-,08,22107,,N,D,G,A,A,H,-,A,A,0,,Y,,,Y,,L,04,1,0,0,0,0,0,1,0,0,"- ","- ",,,MERCED,MERCED,-120.454802,37.288096000000003
8674165,2018,2018-09-10,2405,2018-04-25,2033,PD28,1,3,5,3,2405,0,0,0,,0,0B1,"PACHECO BL","4TH ST",50.00,W,N,A,-,Y,MER,10,152,-,-,20.270,H,-,E,Y,2,0,1,1,D,-,00,,,N,E,I,A,A,H,-,C,A,0,,,Y,,Y,,-,"- ",1,0,0,0,0,0,0,0,1,"- ","- ",37.056880950927734,-120.85311889648438,MERCED,"LOS BANOS",-120.85379791259766,37.056884765625
9324525,2021,2021-11-10,2406,2021-09-01,2027,283,2,3,5,5,2406,0,0,0,,0,021,"R ST","WEST 19TH ST",0.00,,Y,A,-,N,,,,,,,,,,Y,2,0,2,2,A,-,01,23152,A,N,A,C,A,A,H,-,C,D,0,,,,,Y,Y,A,07,1,1,0,0,0,0,0,0,0,"- ","- ",,,MERCED,MERCED,-120.49127197265625,37.3067626953125
9551170,2023,2023-03-15,2406,2023-01-05,2500,162,2,4,5,5,2406,0,0,0,,0,020,"MARTIN LUTHER KING JR WY","RT 99",0.00,,Y,A,-,Y,MER,10,99,-,-,14.551,R,1,N,N,2,0,1,2,A,-,10,21950,A,F,G,B,B,A,H,-,C,A,0,Y,,,,Y,,A,07,1,0,0,0,1,0,0,0,0,"- ",NF,,,MERCED,MERCED,-120.48020172119141,37.295753479003906
90091537,2015,2016-01-08,9460,2015-12-15,2145,018673,,2,2,9,2400,0,1,3,,1,165,SR-165,"FOWLER RD",0.00,,N,A,-,Y,,,165,,,,,,,Y,2,0,1,2,A,-,05,21650,,N,A,C,A,A,H,-,D,D,0,,,,Y,Y,,A,01,1,0,0,0,0,0,0,0,0,"- ","- ",37.442210000000003,-120.84931,MERCED,UNINCORPORATED,-120.84933427999999,37.442211200000003
90507632,2017,2017-07-25,9461,2017-07-17,2342,020586,,1,3,9,2400,0,1,3,,1,103,"SR-33 N/B","HULEN RD",1056.00,S,N,A,-,Y,,,33,,,,,,N,Y,2,0,1,1,C,-,18,,,N,H,H,A,A,H,-,D,D,0,,,,,Y,,-,"- ",1,0,0,0,0,0,0,0,0,"- ","- ",37.148679999999999,-121.01428,MERCED,UNINCORPORATED,-121.01431189,37.148681269999997
91681118,2021,2022-01-19,9460,2021-10-21,0546,018673,,4,3,9,2400,0,3,5,,2,080,"TYLER RD","CHILDS AVE",528.00,S,N,A,-,N,,,,,,,,,,N,1,1,0,2,D,-,00,,,F,G,B,E,A,H,-,D,D,0,Y,,,,Y,,-,"- ",0,0,0,1,0,0,0,0,0,"- ","- ",37.286258697509766,-120.46977996826172,MERCED,UNINCORPORATED,-120.46980285644531,37.286521911621094
92414039,2024,2024-06-13,9460,2024-06-05,2050,021150,,3,2,9,2400,0,1,3,,1,165,SR-165,"RIVER RD",100.00,N,N,A,-,Y,MER,,165," ",R,30.331,H,,R,Y,2,0,11,2,A,-,01,23152,A,N,A,C,A,A,H,-,B,D,0,,,,,Y,Y,A,07,5,6,0,0,0,0,0,0,0,"- ","- ",37.362308502197266,-120.85047149658203,MERCED,UNINCORPORATED,-120.85047912597656,37.362300872802734
8811660,2019,2019-03-15,2406,2019-02-12,1953,270,2,2,5,5,2406,0,0,0,,0,020,"PARSONS AV","DINKEY CREEK",0.00,,Y,B,-,N,,,,,,,,,,N,2,0,1,2,A,-,03,22350,,N,D,C,A,A,H,-,C,D,0,,Y,,,Y,,L,04,1,0,0,0,0,0,1,0,0,"- ","- ",,,MERCED,MERCED,-120.45165252685547,37.284999847412109
9297792,2021,2021-08-18,2406,2021-07-06,0123,301,3,2,5,5,2406,0,0,0,,0,030,"WEST CHILDS AV","RT 59",388.00,E,N,A,-,N,,,,,,,,,,Y,2,0,1,1,D,-,00,,,N,E,I,A,A,H,-,C,A,0,,,,,Y,,-,"- ",1,0,0,0,0,0,0,0,0,"- ","- ",,,MERCED,MERCED,-120.4874267578125,37.28826904296875
90360926,2016,2017-01-04,9460,2016-08-28,2500,019500,,7,4,9,2400,0,3,5,,2,040,"OAKDALE RD","OAKDALE CT.",1056.00,W,N,A,-,N,,,,,,,,,,Y,1,1,0,1,A,-,01,23152,F,N,E,I,A,A,H,-,D,D,0,,,,,Y,Y,A,01,0,0,0,0,0,0,0,0,0,"- ","- ",37.459600000000002,-120.614,MERCED,UNINCORPORATED,-120.68159,37.518590000000003
91297993,2020,2021-09-14,9461,2020-07-11,1632,021387,,6,2,9,2400,0,1,1,,2,206,"INTERSTATE 5 NORTHBOUND","DOS AMIGOS VISTA POINT",5280.00,S,N,A,-,Y,,,5,,,,,,N,Y,1,2,1,8,A,-,03,22350,,N,C,C,A,A,H,-,A,D,0,,,,Y,Y,,G,25,0,1,0,0,0,0,0,0,0,"- ","- ",36.904411315917969,-120.81378173828125,MERCED,UNINCORPORATED,-120.81378173828125,36.904403686523438
91530683,2021,2021-07-28,9460,2021-07-17,2038,020822,,6,2,9,2400,0,3,5,,2,020,"GOLDEN STATE BLVD","GRIFFITH AVE",819.00,N,N,A,-,N,,,,,,,,,,Y,2,0,4,2,A,-,01,23152,A,N,C,C,A,A,H,-,B,D,0,,,,,Y,Y,A,01,2,2,0,0,0,0,0,0,0,"- ","- ",37.464618682861328,-120.81378173828125,MERCED,UNINCORPORATED,-120.81355285644531,37.464736938476562
91960206,2022,2023-01-04,9460,2022-12-24,1724,021320,,6,2,9,2400,0,1,3,,2,002,"SR-99 S/B","SULTANA DR.",0.00,,N,E,-,Y,MER,,99,,,26.905,H,,L,Y,2,0,3,1,A,-,08,22107,,N,F,A,A,A,H,-,D,D,0,,,,,Y,,A,01,1,2,0,0,0,0,0,0,0,"- ","- ",37.37200927734375,-120.67868041992188,MERCED,UNINCORPORATED,-120.67862701416016,37.372066497802734
94637496,2025,2025-04-04,9460,2025-03-27,2333,021511,,4,3,9,2400,0,3,5,,2,050,"SANTA FE DRIVE","BUISNESS PARK WAY",1056.00,E,N,B,-,Y,,,,,,,,,,N,2,0,1,2,A,-,11,21954,A,N,G,B,D,A,H,-,D,D,0,Y,,,,Y,,N,60,1,0,0,0,1,0,0,0,0,"- ","- ",37.326061248779297,-120.51776885986328,MERCED,UNINCORPORATED,-120.5189208984375,37.326866149902344
9533576,2023,2023-02-15,2406,2023-01-13,2146,283,2,5,5,5,2406,0,0,0,,0,020,"WEST 15TH ST","CANAL ST",0.00,,Y,C,-,N,,,,,,,,,,Y,2,0,2,2,A,-,01,23152,A,N,D,C,A,B,H,-,C,A,0,,,,,Y,Y,A,08,1,0,1,0,0,0,0,0,0,"- ","- ",,,MERCED,MERCED,-120.48464965820312,37.299148559570312
9613869,2023,2023-10-24,2406,2023-09-07,"924 ",329,1,4,5,5,2406,0,0,0,,0,010,"G ST","EAST ALEXANDER AV",0.00,,Y,A,-,N,,,,,,,,,,Y,2,0,1,2,A,-,12,21453,A,N,D,C,A,A,H,-,A,A,0,,,,,Y,,A,07,1,0,0,0,0,0,0,0,0,"- ","- ",,,MERCED,MERCED,-120.46931457519531,37.315261840820312
90852949,2018,2018-11-08,9461,2018-08-14,1525,020486,,2,2,9,2400,0,1,3,,1,103,"STATE HIGHWAY 33","SANCHES ROAD",891.00,S,N,A,-,Y,,,33,,,,,,,Y,1,1,1,2,A,-,08,22107,,N,A,C,A,A,H,-,A,D,0,,,,Y,Y,,A,07,1,0,0,0,0,0,0,0,0,"- ","- ",37.294158935546875,-121.01242828369141,MERCED,UNINCORPORATED,-121.01242828369141,37.294158935546875
91498495,2021,2021-06-16,9460,2021-06-03,1510,019918,,4,2,9,2400,0,3,5,,2,090,"SULTANA DR","ATWATER JORDAN RD",0.00,,Y,A,-,N,,,,,,,,,,N,2,0,2,2,A,-,12,22450,A,N,D,C,A,A,H,-,A,A,0,,,,,Y,,A,01,1,0,1,0,0,0,0,0,0,"- ","- ",37.331371307373047,-120.68715667724609,MERCED,UNINCORPORATED,-120.68714904785156,37.331333160400391
91538895,2021,2021-08-06,9461,2021-08-03,0340,021126,,2,3,9,2400,0,1,3,,1,152,"SR-152 W/B","VOLTA ROAD",0.00,,Y,A,-,Y,,,152,,,,,,W,Y,2,0,1,2,A,-,09,21802,A,N,D,C,A,A,H,-,D,D,0,,,,Y,Y,,G,25,1,0,0,0,0,0,0,0,0,"- ","- ",37.056411743164062,-120.92613220214844,MERCED,UNINCORPORATED,-120.92613220214844,37.056686401367188
94743341,2025,2025-06-30,9461,2025-06-25,2145,022967,,3,2,9,2400,0,1,3,,1,152,"SR-152 W/B","HILLDALE AVENUE",0.00,,Y,A,-,Y,MER,,152," "," ",12.256,H,,L,Y,2,0,1,2,A,-,01,23152,A,N,D,C,A,A,H,-,D,D,0,,,,,Y,Y,A,01,1,0,0,0,0,0,0,0,0,"- ","- ",37.056938171386719,-120.99857330322266,MERCED,UNINCORPORATED,-120.99857330322266,37.056972503662109
9227641,2021,2021-04-08,2401,2021-02-02,0000,728,1,2,5,3,2401,0,0,0,,0,001,"WINTON WY","IVY ST",20.00,S,N,A,-,N,,,,,,,,,,N,2,0,1,2,A,-,03,22350,,F,B,C,A,B,H,-,D,A,0,,,Y,,Y,Y,C,02,1,0,0,0,0,0,0,0,1,"- ","- ",37.355709075927734,-120.61379241943359,MERCED,ATWATER,-120.61380767822266,37.355236053466797
9423634,2022,2022-04-11,2406,2022-03-02,1944,313,3,3,5,5,2406,0,0,0,,0,030,"M ST","WEST 12TH ST",0.00,,Y,A,-,N,,,,,,,,,,N,2,0,2,3,A,-,10,21950,A,F,A,B,B,A,H,-,C,D,0,Y,,,,Y,,A,01,2,0,0,0,2,0,0,0,0,"- ","- ",,,MERCED,MERCED,-120.48789978027344,37.29669189453125
9464222,2022,2023-03-29,2406,2022-09-08,0602,129,CENTR,4,5,5,2406,0,0,0,,0,020,"EAST CHILDS AV","KIBBY RD",0.00,,Y,A,-,N,,,,,,,,,,Y,1,1,2,2,A,-,09,21801,A,N,A,C,A,A,H,-,C,D,0,,,,,Y,,D,22,1,0,1,0,0,0,0,0,0,"- ","- ",,,MERCED,MERCED,-120.41545867919922,37.287883758544922
9602079,2023,2023-08-08,2406,2023-07-12,1440,129,CENTR,3,5,5,2406,0,0,0,,0,020,"W 18TH ST","M ST",177.00,W,N,A,-,N,,,,,,,,,,N,2,0,2,2,A,-,08,22107,,N,D,G,A,A,H,-,A,D,0,,Y,,,Y,,L,04,2,0,0,0,0,0,1,0,0,"- ","- ",,,MERCED,MERCED,-120.48480987548828,37.303203582763672
90202848,2016,2016-06-16,9460,2016-06-01,2224,018922,,3,3,9,2400,0,1,3,,1,165,SR-165,"ELKO STREET",118.00,S,N,A,-,Y,,,165,,,,,,,Y,2,0,2,2,A,-,01,23152,A,F,C,C,A,A,H,-,D,D,0,,,,,Y,Y,A,01,1,1,0,0,0,0,0,0,0,"- ","- ",37.328830000000004,-120.85106,MERCED,UNINCORPORATED,-120.85111569,37.328830289999999
90575317,2017,2017-12-29,9460,2017-10-13,1650,018549,,5,2,9,2400,0,1,3,,1,143,SR-140,"PLAINSBURG RD",0.00,,Y,A,-,Y,,,140,,,,,,,Y,1,1,1,2,A,-,09,21802,A,N,D,C,A,A,H,-,A,A,0,,,,Y,Y,,A,08,0,1,0,0,0,0,0,0,0,"- ","- ",37.295560000000002,-120.32478,MERCED,UNINCORPORATED,-120.32478308,37.295383000000001
91021661,2019,2019-08-12,9461,2019-06-21,2212,021854,,5,3,9,2400,0,3,5,,2,010,"H ST.","COLORADO AVE",425.00,W,N,A,-,N,,,,,,,,,,Y,2,0,1,1,A,-,08,22107,,N,E,I,A,A,H,-,D,D,0,,,,,Y,,A,07,1,0,0,0,0,0,0,0,0,"- ","- ",37.07080078125,-120.86669921875,MERCED,UNINCORPORATED,-120.86553192138672,37.070400238037109
91247494,2020,2020-06-04,9460,2020-05-27,1350,018603,,3,1,9,2400,0,3,5,,2,040,"OAKDALE RD","SHAFFER RD",1056.00,W,N,A,-,N,,,,,,,,,,Y,2,0,1,2,A,-,03,22350,,N,C,C,A,A,H,-,A,D,0,,,,,Y,,A,01,1,0,0,0,0,0,0,0,0,"- ","- ",37.445781707763672,-120.59622192382812,MERCED,UNINCORPORATED,-120.59736633300781,37.446495056152344
91800322,2022,2022-06-21,9460,2022-04-08,0020,020840,,5,3,9,2400,0,1,3,,2,001,"SR-99 NORTHBOUND","BRADBURY ROAD",301.00,N,N,A,-,Y,MER,,99,,R,35.603,H,,R,N,1,1,0,2,C,-,18,,,F,H,A,A,A,H,-,D,D,0,,,,,Y,,-,"- ",0,0,0,0,0,0,0,0,0,"- ","- ",37.449321746826172,-120.79775238037109,MERCED,UNINCORPORATED,-120.79770660400391,37.449344635009766
91912994,2022,2022-11-08,9460,2022-10-03,1530,018422,,1,2,9,2400,0,3,5,,2,080,"DICKENSON FERRY ROAD","EL CAPITAN SCHOOL ROAD",213.00,W,N,A,-,N,,,,,,,,,,Y,1,1,0,1,A,-,01,23152,F,N,F,A,A,A,H,-,A,D,0,,,,,Y,,D,22,0,0,0,0,0,0,0,0,0,"- ","- ",37.273139953613281,-120.54296112060547,MERCED,UNINCORPORATED,-120.54290008544922,37.273185729980469
92173664,2023,2023-09-19,9460,2023-09-16,2351,020840,,6,3,9,2400,0,1,3,,1,143,SR-140,"CUNNINGHAM ROAD",5808.00,W,N,A,-,Y,MER,,140," "," ",47.188,H,,R,N,2,0,1,1,A,-,08,22107,,N,E,I,A,A,H,-,D,D,0,,,,,Y,,D,22,1,0,0,0,0,0,0,0,0,"- ","- ",37.319271087646484,-120.26931762695312,MERCED,UNINCORPORATED,-120.26935577392578,37.319316864013672
92399804,2024,2024-05-28,9461,2024-05-17,1945,021837,,5,2,9,2400,0,3,5,,2,050,"SWIFT AVENUE","CARMELLIA AVE",1584.00,N,N,A,-,N,,,,,,,,,,N,2,0,1,1,B,-,22,,,N,F,A,A,A,H,-,B,D,0,,,Y,,Y,,C,02,1,0,0,0,0,0,0,0,1,"- ","- ",36.9993896484375,-120.68087005615234,MERCED,UNINCORPORATED,,
6718554,2014,2015-06-10,9460,2014-05-01,1140,18673,,4,1,9,2400,0,3,5,,2,040,"FRANKLIN RD","CARDELLA RD",1584.00,N,N,A,-,N,,,,,,,,,,Y,1,1,2,2,A,-,08,22107,,N,A,C,A,A,H,-,A,D,0,,,,,Y,,A,01,0,2,0,0,0,0,0,0,0,"- ","- ",37.351179999999999,-120.54046,MERCED,UNINCORPORATED,-120.54051081999999,37.350538880000002
7196538,2016,2016-03-10,2406,2016-02-02,1740,162,3,2,5,5,2406,0,0,0,,0,030,"S CANAL ST",CARTMEL,230.00,S,N,A,-,N,,,,,,,,,,N,2,0,1,2,A,-,11,21954,A,N,G,B,D,A,H,-,A,D,0,Y,,,,Y,,N,60,1,0,0,0,1,0,0,0,0,"- ","- ",,,MERCED,MERCED,-120.49120000000001,37.285498519999997
8648533,2018,2019-01-22,2406,2018-05-13,0206,129,NORTH,7,5,5,2406,0,0,0,,0,011,"R ST","BUENA VISTA DR",9.00,N,N,A,-,N,,,,,,,,,,N,1,1,0,2,A,-,00,21456,1,F,G,B,B,A,H,-,C,A,0,Y,,,,Y,Y,N,60,0,0,0,1,0,0,0,0,0,"- ","- ",,,MERCED,MERCED,-120.48683929443359,37.326393127441406
9039135,2019,2020-02-11,2406,2019-12-16,1909,285,2,1,5,5,2406,0,0,0,,0,020,"EAST 16TH ST","G ST",600.00,E,N,A,-,N,,,,,,,,,,N,2,0,1,2,A,-,11,21954,A,F,G,B,E,A,H,-,C,D,0,Y,,,,Y,Y,N,60,1,0,0,0,1,0,0,0,0,"- ","- ",,,MERCED,MERCED,-120.4747314453125,37.296726226806641
9275350,2021,2021-07-07,2406,2021-05-31,1226,301,1,1,5,5,2406,0,0,0,,0,010,"G ST","BROOKDALE DR",0.00,,Y,A,-,N,,,,,,,,,,N,2,0,1,2,A,-,09,21801,A,N,D,G,A,A,H,-,A,D,0,,Y,,,Y,,A,01,1,0,0,0,0,0,1,0,0,"- ","- ",,,MERCED,MERCED,-120.4693603515625,37.321666717529297
9453261,2021,2022-06-30,2405,2021-12-08,0548,PD35,3,3,5,3,2405,0,0,0,,0,0B3,"ORTIGALITA RD","CARDOZA RD",0.00,,Y,A,-,N,,,,,,,,,,N,2,0,1,2,A,-,10,21950,A,N,G,B,B,A,H,-,C,A,0,Y,,,,Y,,D,22,1,0,0,0,1,0,0,0,0,"- ","- ",37.049339294433594,-120.87201690673828,MERCED,"LOS BANOS",-120.87201690673828,37.049346923828125
90400869,2016,2017-02-27,9461,2016-12-09,1715,019838,,5,2,9,2400,0,1,3,,1,152,"SR-152 E/B","ROMERO VISITOR CENTER",5280.00,E,N,A,-,N,,,152,,,,,,E,Y,1,1,1,2,A,-,07,21658,A,N,B,C,A,A,H,-,D,D,0,,,,,Y,,-,"- ",1,0,0,0,0,0,0,0,0,"- ","- ",37.078539999999997,-121.08754999999999,MERCED,UNINCORPORATED,-121.08761479,37.078429130000004
6290907,2014,2014-08-20,9461,2014-05-30,0213,18354,,5,3,9,2400,0,1,3,,1,153,"RT 152","VOLTA RD",1056.00,W,N,A,-,Y,MER,10,152,-,-,16.100,H,-,E,Y,1,1,4,1,A,-,01,23152,A,N,F,A,A,A,H,-,D,D,5,,,,,Y,Y,A,07,1,2,1,0,0,0,0,0,0,"- ","- ",37.056489999999997,-120.92986999999999,MERCED,UNINCORPORATED,-120.92893158,37.056448250000003
6291471,2014,2014-10-27,9460,2014-06-14,1205,18806,,6,1,9,2400,0,3,5,,2,090,"WESTSIDE BL","SULTANA DR",1426.00,W,N,A,-,N,,,,,,,,,,Y,1,1,0,2,A,-,08,22107,,N,D,C,A,A,H,-,A,D,0,,,,,Y,,M,96,0,0,0,0,0,0,0,0,0,"- ","- ",37.216239999999999,-120.41497,MERCED,UNINCORPORATED,-120.69160538,37.360383419999998
6291653,2014,2014-11-25,9461,2014-10-09,1905,014933,,4,2,9,2400,0,1,3,,1,452,"RT 152","COZZI RD",0.00,,Y,A,-,Y,MER,10,152,-,-,29.322,I,5,E,Y,1,1,1,2,A,-,09,21802,A,N,D,C,A,A,H,-,D,A,5,,,,,Y,,A,01,0,0,1,0,0,0,0,0,0,"- ","- ",37.054090000000002,-120.68973,MERCED,UNINCORPORATED,-120.68984553999999,37.054178919999998
6292472,2015,2015-08-12,9460,2015-06-02,2050,19237,,2,2,9,2400,0,3,5,,2,070,"DOPPLER RD","RANCH RD",5280.00,N,N,A,-,N,,,,,,,,,,Y,1,1,0,2,A,-,11,21956,A,N,G,B,E,A,H,-,D,D,0,Y,,,,Y,,N,60,0,0,0,1,0,0,0,0,0,"- ","- ",37.23574,-120.39292,MERCED,UNINCORPORATED,-120.39249354,37.235405720000003
6328118,2014,2016-01-15,9461,2014-01-05,1500,019052,,7,2,9,2400,0,1,1,,2,205,"RT 5","ARBURUA RD",3168.00,S,N,A,-,Y,MER,10,5,-,-,9.080,H,-,S,Y,2,0,2,2,A,-,03,22350,,N,C,C,A,A,H,-,A,D,1,,,,,Y,,A,01,1,0,1,0,0,0,0,0,0,"- ","- ",36.959209999999999,-120.87586,MERCED,UNINCORPORATED,-120.87600390999999,36.959203420000001
6377133,2014,2014-06-24,2406,2014-02-15,1818,220,2,6,5,5,2406,0,0,0,,0,020,"S PARSONS AV","DINKEY CREEK DR",18.00,E,N,A,-,N,,,,,,,,,,N,2,0,1,2,A,-,05,21650,1,N,D,G,A,A,H,-,C,D,0,,Y,,,Y,,L,04,1,0,0,0,0,0,1,0,0,"- ","- ",,,MERCED,MERCED,-120.45164523,37.284950719999998
6475692,2014,2014-07-14,9460,2014-04-20,0700,018673,,7,1,9,2400,0,2,4,,1,051,"SNELLING RD","LA PALOMA RD",10032.00,N,N,A,-,N,,,,,,,,,,Y,2,0,1,1,A,-,03,22350,,N,E,I,A,A,H,-,A,D,0,,,Y,,Y,,C,02,1,0,0,0,0,0,0,0,1,"- ","- ",37.422429999999999,-120.44541,MERCED,UNINCORPORATED,-120.44554698,37.421675819999997
6489953,2014,2014-07-31,9460,2014-05-28,1430,011510,,3,2,9,2400,0,3,5,,2,020,"BALLICO AV","EL CAPITAN WY",0.00,,Y,A,-,N,,,,,,,,,,Y,2,0,2,2,A,-,09,21802,A,N,D,C,A,A,H,-,A,A,0,,,,,Y,,D,22,1,1,0,0,0,0,0,0,0,"- ","- ",37.433759999999999,-120.70147,MERCED,UNINCORPORATED,-120.70146991999999,37.43376997
6568968,2014,2016-04-09,9461,2014-06-30,0308,19661,,1,3,9,2400,0,1,3,,1,152,"RT 152","BASALT RD",14256.00,W,N,A,-,Y,MER,10,152,-,R,8.550,H,-,W,Y,2,0,4,5,A,-,03,22350,,N,D,C,E,A,H,-,D,D,5,Y,,,Y,Y,,E,22,1,2,1,0,3,0,0,0,0,"- ","- ",37.081560000000003,-121.09247000000001,MERCED,UNINCORPORATED,-121.09228723,37.081385150000003
6573503,2014,2016-04-29,9461,2014-07-09,1235,014933,,3,1,9,2400,0,1,3,,1,465,"RT 165","SANTA FE GRADE",5280.00,N,N,A,-,Y,MER,10,165,-,-,13.080,H,-,S,Y,2,0,1,3,A,-,05,21650,,N,B,C,A,A,H,-,A,D,0,,,,Y,Y,Y,A,01,1,0,0,0,0,0,0,0,0,"- ","- ",37.122549999999997,-120.83477000000001,MERCED,UNINCORPORATED,-120.83482995,37.119175339999998
6592415,2014,2016-04-29,9461,2014-08-03,1248,014933,,7,1,9,2400,0,1,3,,1,152,"RT 152","RT 33",1056.00,W,N,A,-,Y,MER,10,152,-,-,12.950,H,-,W,Y,2,0,1,2,A,-,03,22350,,N,C,C,A,A,H,-,A,D,5,,,Y,,Y,,C,02,1,0,0,0,0,0,0,0,1,"- ","- ",,,MERCED,UNINCORPORATED,-120.98598561999999,37.056892019999999
6605233,2014,2016-05-02,9461,2014-08-24,1930,019637,,7,2,9,2400,0,1,3,,1,152,"RT 152","RT 5",5280.00,W,N,A,-,Y,MER,10,152,-,-,12.850,H,-,E,Y,2,0,3,2,A,-,03,22350,,N,C,C,A,A,H,-,B,D,5,,,,,Y,,A,07,1,0,2,0,0,0,0,0,0,"- ","- ",37.056890000000003,-120.98745,MERCED,UNINCORPORATED,-120.98773545,37.0567128
6606386,2015,2016-02-05,2406,2015-11-28,1618,M24,2,6,5,5,2406,0,0,0,,0,020,"E SANTA FE AV","GLEN AV",950.00,E,N,A,-,N,,,,,,,,,,N,1,1,0,2,A,-,03,22350,,F,G,B,E,A,H,-,A,D,0,Y,,,,Y,,A,01,0,0,0,1,0,0,0,0,0,"- ","- ",,,MERCED,MERCED,-120.45912527999999,37.301256870000003
6665574,2014,2014-12-12,9460,2014-10-03,1518,018806,,5,2,9,2400,0,1,3,,2,002,"RT 99","HAMMATT AV",4752.00,S,N,A,-,Y,,,,,,,,,,Y,2,0,1,1,A,-,08,22107,,N,F,A,A,A,H,-,A,D,0,,,,,Y,,D,22,1,0,0,0,0,0,0,0,0,"- ","- ",37.227029999999999,-120.41856,MERCED,UNINCORPORATED,-120.69865746000001,37.378646850000003
6821162,2015,2015-03-10,9460,2015-02-07,2028,019640,,6,2,9,2400,0,3,5,,2,020,"LOONEY RD","TURLOCK RD",0.00,,Y,A,-,N,,,,,,,,,,Y,2,0,5,2,A,-,01,23152,A,N,D,C,A,B,H,-,D,A,0,,,,,Y,Y,A,01,1,0,4,0,0,0,0,0,0,"- ","- ",37.476849999999999,-120.63075000000001,MERCED,UNINCORPORATED,-120.63078997,37.476859949999998
6849301,2015,2015-03-23,2405,2015-01-28,1823,727,3,3,5,3,2405,0,0,0,,0,001,"WILLMOTT AV","N 1ST ST",0.00,,Y,A,-,N,,,,,,,,,,N,2,0,1,2,A,-,17,38026,5,F,D,C,A,A,H,-,C,A,0,,,Y,,Y,Y,C,02,1,0,0,0,0,0,0,0,1,"- ","- ",,,MERCED,"LOS BANOS",-120.85258992999999,37.069160109999999
6893550,2015,2016-09-13,9461,2015-03-30,1335,14205,,1,1,9,2400,0,1,3,,2,453,"RT 152","LODI RD",100.00,W,N,A,-,Y,MER,10,152,-,R,35.020,H,-,E,Y,2,0,1,2,A,-,01,23152,E,N,B,C,A,A,H,-,A,D,5,,,,,Y,,D,22,1,0,0,0,0,0,0,0,0,"- ","- ",,,MERCED,UNINCORPORATED,-120.58817478,37.048918190000002
6900232,2015,2016-09-13,2405,2015-02-16,2053,720,3,1,5,3,2405,0,0,0,,0,003,"RT 152","ARIZONA AV",29.00,W,N,A,-,Y,MER,10,152,-,-,20.020,H,-,W,N,2,0,1,2,A,-,11,21954,A,F,G,B,D,A,H,-,C,D,0,Y,,,,Y,Y,N,60,1,0,0,0,1,0,0,0,0,"- ","- ",,,MERCED,"LOS BANOS",-120.85774871,37.05688232
6916901,2015,2016-11-15,9461,2015-05-03,1415,019724,,7,2,9,2400,0,1,3,,1,152,"RT 152","ROMERO VISITOR CENTER",3696.00,E,N,A,-,Y,MER,10,152,-,R,8.090,H,-,E,Y,2,0,3,2,A,-,01,23152,A,N,D,C,A,A,H,-,A,D,5,,,,,Y,Y,A,01,1,1,1,0,0,0,0,0,0,"- ","- ",37.079909999999998,-121.09004,MERCED,UNINCORPORATED,-121.10002018,37.083302109999998
6934733,2015,2016-11-05,9461,2015-06-25,2130,19052,,4,2,9,2400,0,1,3,,1,103,"RT 33","RT 152",3168.00,N,N,A,-,Y,MER,10,33,-,-,5.040,H,-,N,Y,2,0,3,2,A,-,06,21751,,N,A,C,A,A,H,-,D,D,0,,,,,Y,,A,01,2,0,1,0,0,0,0,0,0,"- ","- ",37.066360000000003,-121.01636999999999,MERCED,UNINCORPORATED,-120.63556048,37.041557570000002