CASE_ID,ACCIDENT_YEAR,PROC_DATE,JURIS,COLLISION_DATE,COLLISION_TIME,OFFICER_ID,REPORTING_DISTRICT,DAY_OF_WEEK,CHP_SHIFT,POPULATION,CNTY_CITY_LOC,SPECIAL_COND,BEAT_TYPE,CHP_BEAT_TYPE,CITY_DIVISION_LAPD,CHP_BEAT_CLASS,BEAT_NUMBER,PRIMARY_RD,SECONDARY_RD,DISTANCE,DIRECTION,INTERSECTION,WEATHER_1,WEATHER_2,STATE_HWY_IND,CALTRANS_COUNTY,CALTRANS_DISTRICT,STATE_ROUTE,ROUTE_SUFFIX,POSTMILE_PREFIX,POSTMILE,LOCATION_TYPE,RAMP_INTERSECTION,SIDE_OF_HWY,TOW_AWAY,COLLISION_SEVERITY,NUMBER_KILLED,NUMBER_INJURED,PARTY_COUNT,PRIMARY_COLL_FACTOR,PCF_CODE_OF_VIOL,PCF_VIOL_CATEGORY,PCF_VIOLATION,PCF_VIOL_SUBSECTION,HIT_AND_RUN,TYPE_OF_COLLISION,MVIW,PED_ACTION,ROAD_SURFACE,ROAD_COND_1,ROAD_COND_2,LIGHTING,CONTROL_DEVICE,CHP_ROAD_TYPE,PEDESTRIAN_ACCIDENT,BICYCLE_ACCIDENT,MOTORCYCLE_ACCIDENT,TRUCK_ACCIDENT,NOT_PRIVATE_PROPERTY,ALCOHOL_INVOLVED,STWD_VEHTYPE_AT_FAULT,CHP_VEHTYPE_AT_FAULT,COUNT_SEVERE_INJ,COUNT_VISIBLE_INJ,COUNT_COMPLAINT_PAIN,COUNT_PED_KILLED,COUNT_PED_INJURED,COUNT_BICYCLIST_KILLED,COUNT_BICYCLIST_INJURED,COUNT_MC_KILLED,COUNT_MC_INJURED,PRIMARY_RAMP,SECONDARY_RAMP,LATITUDE,LONGITUDE,COUNTY,CITY,POINT_X,POINT_Y
6938628,2015,2016-12-19,9460,2015-05-09,0220,19640,,6,3,5,2406,0,1,3,,2,002,"RT 99","BUHACH RD",1056.00,S,N,A,-,Y,MER,10,99,-,-,20.160,H,-,N,Y,2,0,1,1,A,-,08,22107,,N,E,I,A,A,D,-,D,D,1,,,,Y,Y,,G,25,1,0,0,0,0,0,0,0,0,"- ","- ",37.332610000000003,-120.57293,MERCED,MERCED,-120.57013899,37.331724250000001
6962022,2015,2016-11-15,9461,2015-06-07,0500,19923,,7,3,9,2400,0,1,3,,1,452,"RT 152","CARLUCCI RD",1056.00,E,N,A,-,Y,MER,10,152,-,-,30.140,H,-,W,Y,2,0,2,1,A,-,08,22107,,N,F,A,A,A,H,-,B,D,5,,,,,Y,,D,22,1,1,0,0,0,0,0,0,0,"- ","- ",37.054609999999997,-120.67601999999999,MERCED,UNINCORPORATED,-120.67506487999999,37.054537070000002
7006163,2015,2016-04-14,9460,2015-07-17,1750,19106,,5,2,9,2400,0,3,5,,2,070,"SANTA FE AV","WHITE ROCK RD",2112.00,E,N,A,-,N,,,,,,,,,,Y,1,1,0,1,A,-,01,23152,A,N,E,I,A,A,H,-,A,D,0,,,,,Y,Y,A,01,0,0,0,0,0,0,0,0,0,"- ","- ",37.186459999999997,-120.19352000000001,MERCED,UNINCORPORATED,-120.19369675999999,37.186565190000003
7054193,2015,2015-09-26,2404,2015-02-01,2205,X28,,7,5,3,2404,0,0,0,,0,,"ROBIN AV","B ST",1727.00,N,N,A,-,N,,,,,,,,,,N,2,0,1,1,C,-,18,,,N,H,H,A,A,H,-,D,D,0,,,Y,,Y,,-,"- ",1,0,0,0,0,0,0,0,1,"- ","- ",37.378309999999999,-120.72105000000001,MERCED,LIVINGSTON,-120.74136059,37.390621209999999
7190041,2016,2018-09-24,2406,2016-01-15,2202,237,2,5,5,5,2406,0,0,0,,0,021,"16TH ST","P ST",198.00,E,N,B,-,N,,,,,,,,,,N,1,1,0,2,A,-,11,21954,A,F,G,B,D,A,H,-,C,D,0,Y,,,,Y,Y,N,60,0,0,0,1,0,0,0,0,0,"- ","- ",,,MERCED,MERCED,-120.48935147,37.302413209999997
8015066,2016,2016-04-14,2406,2016-03-20,1941,220,2,7,5,5,2406,0,0,0,,0,020,"GLEN AV","EAST 19TH ST",0.00,,Y,A,-,N,,,,,,,,,,N,2,0,1,2,A,-,09,21801,,N,D,G,A,A,H,-,C,D,0,,Y,,,Y,Y,D,22,1,0,0,0,0,0,1,0,0,"- ","- ",,,MERCED,MERCED,-120.46515992,37.297130109999998
8084262,2016,2016-08-05,2406,2016-06-14,2103,195,NORTH,2,5,5,2406,0,0,0,,0,010,"WEST OLIVE AV","G ST",0.00,,Y,A,-,N,,,,,,,,,,Y,2,0,2,5,A,-,01,23153,A,N,C,B,E,A,C,-,C,A,0,Y,,,,Y,Y,A,01,1,0,1,0,2,0,0,0,0,"- ","- ",,,MERCED,MERCED,-120.46943992,37.318540069999997
8301737,2017,2017-02-09,2406,2017-01-02,1705,113,1,1,5,5,2406,0,0,0,,0,011,"WEST OLIVE AV","M ST",860.00,W,N,B,-,N,,,,,,,,,,N,2,0,1,2,A,-,08,22107,,N,D,G,A,B,H,-,A,A,0,,Y,,,Y,,L,04,1,0,0,0,0,0,1,0,0,"- ","- ",,,MERCED,MERCED,-120.48140644,37.319192729999997
8334545,2017,2017-03-30,2406,2017-02-12,2051,241,3,7,5,5,2406,0,0,0,,0,030,"EAST 16TH ST","D ST",213.00,E,N,A,-,N,,,,,,,,,,N,2,0,1,2,A,-,11,21954,A,N,G,B,E,A,H,-,C,D,0,Y,,,,Y,,N,60,1,0,0,0,1,0,0,0,0,"- ","- ",,,MERCED,MERCED,-120.47075628,37.295053279999998
8341168,2017,2017-04-12,2406,2017-03-11,1200,182,1,6,5,5,2406,0,0,0,,0,011,"SAN AUGUSTINE DR","HUNTINGTON DR",0.00,,Y,A,-,N,,,,,,,,,,N,2,0,1,2,A,-,08,22107,,F,B,G,A,A,H,-,A,D,0,,Y,,,Y,,A,01,1,0,0,0,0,0,1,0,0,"- ","- ",,,MERCED,MERCED,-120.49902,37.333539889999997
8416227,2017,2017-07-27,2406,2017-06-21,2138,250,1,3,5,5,2406,0,0,0,,0,010,"G ST","YOSEMITE AV",1056.00,N,N,F,-,N,,,,,,,,,,N,2,0,1,2,A,-,11,21954,A,F,E,B,D,A,H,-,C,D,0,Y,,,,Y,Y,N,60,1,0,0,0,1,0,0,0,0,"- ","- ",,,MERCED,MERCED,-120.46901559,37.335019369999998
8444652,2017,2017-08-31,2406,2017-07-18,0326,174,110,2,5,5,2406,0,0,0,,0,,"G ST",YOSEMITE,1584.00,N,N,A,-,N,,,,,,,,,,N,2,0,1,2,A,-,11,21954,A,N,G,B,D,A,H,-,C,D,0,Y,,,,Y,Y,N,60,1,0,0,0,1,0,0,0,0,"- ","- ",,,MERCED,MERCED,-120.46899838,37.336469059999999
8485880,2017,2017-12-05,2401,2017-10-30,1516,728,2401,1,5,3,2401,0,0,0,,0,003,"1ST ST","BELLEVUE RD",207.00,S,N,A,-,N,,,,,,,,,,N,2,0,1,2,A,-,09,21804,A,N,D,G,A,A,H,-,A,A,0,,Y,,,Y,Y,L,04,1,0,0,0,0,0,1,0,0,"- ","- ",,,MERCED,ATWATER,-120.59621595999999,37.359993009999997
8586221,2018,2018-04-19,2406,2018-02-10,1002,214,SOUTH,6,5,5,2406,0,0,0,,0,030,"EAST 11TH ST","E ST",48.00,E,N,A,-,N,,,,,,,,,,N,2,0,1,1,A,-,03,22350,,N,E,I,A,A,H,-,A,D,0,,,Y,,Y,,C,02,1,0,0,0,0,0,0,0,1,"- ","- ",,,MERCED,MERCED,-120.47707366943359,37.291526794433594
8629478,2018,2018-08-21,2406,2018-04-14,2008,256,2,6,5,5,2406,0,0,0,,0,021,"V ST","WEST 14TH ST",0.00,,Y,A,-,Y,MER,10,99,-,-,15.954,R,4,N,Y,2,0,1,2,A,-,12,21453,A,N,D,C,A,A,H,-,A,A,0,,,Y,,Y,,J,41,1,0,0,0,0,0,0,0,1,"- ","- ",,,MERCED,MERCED,-120.50322723388672,37.304237365722656
8648513,2018,2019-01-09,2406,2018-10-26,1902,255,1,5,5,5,2406,0,0,0,,0,011,"LOUGHBOROUGH DR","SANTA ROSA CT",155.00,E,N,A,-,N,,,,,,,,,,N,1,1,0,2,A,-,11,21954,A,N,G,B,D,A,H,-,C,D,0,Y,,,,Y,,N,60,0,0,0,1,0,0,0,0,0,"- ","- ",,,MERCED,MERCED,-120.48526763916016,37.323444366455078
8648538,2018,2020-05-26,2405,2018-10-09,1910,PD30,1,2,5,3,2405,0,0,0,,0,0B1,"H ST","6TH ST",0.00,,Y,A,-,N,,,,,,,,,,Y,1,1,0,2,A,-,10,21950,A,N,G,B,B,A,H,-,C,D,0,Y,,,,Y,Y,A,01,0,0,0,1,0,0,0,0,0,"- ","- ",37.061489105224609,-120.84697723388672,MERCED,"LOS BANOS",-120.84725189208984,37.061859130859375
8660657,2017,2018-07-17,2404,2017-10-25,1225,X45,,3,5,3,2404,0,0,0,,0,,"MAIN ST","I ST",0.00,,Y,A,-,N,,,,,,,,,,Y,2,0,3,3,A,-,01,23152,E,F,D,C,A,A,H,-,A,A,0,,,,,Y,,A,01,2,1,0,0,0,0,0,0,0,"- ","- ",37.379170000000002,-120.72341,MERCED,LIVINGSTON,-120.72339991,37.379179929999999
8669690,2018,2018-08-03,2406,2018-06-19,2143,266,MERCE,2,5,5,2406,0,0,0,,0,2-21,"R ST","MAIN ST",0.00,,Y,A,-,N,,,,,,,,,,N,2,0,1,2,A,-,12,21453,A,N,G,B,-,A,H,-,A,A,0,Y,,,,Y,Y,N,60,1,0,0,0,1,0,0,0,0,"- ","- ",,,MERCED,MERCED,-120.492431640625,37.304759979248047
8674177,2018,2018-08-14,2405,2018-04-21,0018,PD13,2,6,5,3,2405,0,0,0,,0,0B2,"EAST PACHECO BL","WARD RD",30.00,W,N,A,-,Y,MER,10,152,-,-,22.230,H,-,E,Y,2,0,3,2,A,-,01,23153,,N,C,C,A,A,H,-,C,A,0,,,,,Y,Y,A,01,2,0,1,0,0,0,0,0,0,"- ","- ",37.056850433349609,-120.81754302978516,MERCED,"LOS BANOS",-120.81819152832031,37.056888580322266
8761603,2018,2019-01-16,2406,2018-11-19,2124,162,1,1,5,5,2406,0,0,0,,0,010,"G ST",BROOKDALE,108.00,S,N,A,-,N,,,,,,,,,,N,2,0,1,2,A,-,11,21954,A,N,G,B,D,A,H,-,C,D,0,Y,,,,Y,,N,60,1,0,0,0,1,0,0,0,0,"- ","- ",,,MERCED,MERCED,-120.46936798095703,37.321372985839844
8841090,2019,2019-05-01,2406,2019-03-30,1511,191,3,6,5,5,2406,0,0,0,,0,031,"WEST 13TH ST","O ST",0.00,,N,A,-,N,,,,,,,,,,Y,2,0,4,3,A,-,09,21806,A,N,B,C,E,A,A,H,A,D,0,Y,,,,Y,,A,08,2,0,2,0,1,0,0,0,0,"- ","- ",,,MERCED,MERCED,-120.49037933349609,37.298801422119141
8850137,2018,2019-05-04,2405,2018-11-14,1121,PD38,2,3,5,3,2405,0,0,0,,0,0B2,"I ST","1000 BLOCK OF I STREET",0.00,,-,A,-,N,,,,,,,,,,N,2,0,1,2,A,-,09,21804,A,N,B,C,A,A,H,-,A,A,0,,,,,Y,,D,22,1,0,0,0,0,0,0,0,0,"- ","- ",37.057300567626953,-120.83984375,MERCED,"LOS BANOS",,
8955526,2019,2019-10-21,2406,2019-10-01,1935,262,CENTR,2,5,5,2406,0,0,0,,0,020,"W 21ST","I ST",0.00,,Y,A,-,N,,,,,,,,,,Y,2,0,1,2,A,-,01,23153,A,N,A,C,A,A,H,-,C,D,0,,,Y,,Y,Y,A,01,1,0,0,0,0,0,0,0,1,"- ","- ",,,MERCED,MERCED,-120.4765625,37.303768157958984
8970786,2019,2019-11-19,2406,2019-10-14,2344,237,3,1,5,5,2406,0,0,0,,0,031,"LINDA LN","LOPES AV",129.00,S,N,A,-,N,,,,,,,,,,Y,2,0,1,2,A,-,01,23152,A,N,A,C,A,A,H,-,C,D,0,,,,,Y,Y,A,01,1,0,0,0,0,0,0,0,0,"- ","- ",,,MERCED,MERCED,-120.50933074951172,37.298725128173828
90191529,2016,2016-05-31,9460,2016-05-20,0615,019575,,5,1,9,2400,0,3,5,,2,010,"KELLY RD","RIVER RD",3696.00,N,N,A,-,N,,,,,,,,,,Y,2,0,1,2,A,-,05,21460,A,F,A,C,A,A,H,-,A,D,0,,,,,Y,,A,07,1,0,0,0,0,0,0,0,0,"- ","- ",37.359200000000001,-120.95999999999999,MERCED,UNINCORPORATED,-120.95949975000001,37.359999330000001
90192027,2016,2016-06-01,9461,2016-05-27,1849,019052,,5,2,9,2400,0,3,5,,2,050,"FLANNAGAN RD","SR-152 E/B",2640.00,S,N,A,-,N,,,,,,,,,,N,2,0,2,1,A,-,08,22107,,F,E,I,A,A,H,-,A,D,0,,,,,Y,,D,22,1,1,0,0,0,0,0,0,0,"- ","- ",37.061059999999998,-120.53363,MERCED,UNINCORPORATED,-120.52857299999999,37.061984000000002
90206001,2016,2016-06-21,9460,2016-06-15,1855,019923,,3,2,9,2400,0,3,5,,2,030,"LIVINGSTON CRESSEY RD","SULTANA DR",2640.00,W,N,A,-,N,,,,,,,,,,Y,2,0,2,1,A,-,08,22107,,N,F,A,A,A,H,-,A,D,0,,,,,Y,,A,01,1,1,0,0,0,0,0,0,0,"- ","- ",37.40746,-120.69413,MERCED,UNINCORPORATED,-120.69491896,37.418599999999998
90213346,2016,2016-06-30,9461,2016-06-26,0100,020543,,7,3,9,2400,0,1,3,,1,465,SR-165,"SALT SLOUGH BRIDGE",7080.00,S,N,A,-,Y,,,165,,,,,,,Y,1,1,2,1,A,-,01,23152,A,N,E,I,A,A,H,-,D,D,0,,,,,Y,Y,A,07,0,1,1,0,0,0,0,0,0,"- ","- ",37.227420000000002,-120.85201000000001,MERCED,UNINCORPORATED,-120.85204286,37.227420080000002
90240880,2016,2016-10-11,9461,2016-07-28,0905,017329,,4,1,9,2400,0,3,5,,2,040,"INDIANA ROAD","HUTCHINS ROAD",1584.00,N,N,A,-,N,,,,,,,,,,Y,2,0,3,1,A,-,01,23152,A,N,F,A,A,A,H,-,A,D,0,,,,,Y,Y,D,22,2,0,1,0,0,0,0,0,0,"- ","- ",37.087000000000003,-120.60146,MERCED,UNINCORPORATED,-120.60155431,37.08738984
90244576,2016,2016-08-15,9461,2016-08-07,0141,019052,,7,3,9,2400,0,1,3,,1,465,SR-165,"SALT SLOUGH",0.00,,N,A,-,Y,,,165,,,,,,,Y,2,0,1,1,A,-,01,23152,E,N,E,I,A,A,H,-,D,D,0,,,Y,,Y,,C,02,1,0,0,0,0,0,0,0,1,"- ","- ",37.250160000000001,-120.85209999999999,MERCED,UNINCORPORATED,-120.85203617000001,37.250160350000002
90248661,2016,2016-08-19,9460,2016-07-28,1805,020807,,4,2,9,2400,0,1,3,,1,591,SR-59,"RAHILLY RD",2112.00,S,N,A,-,Y,,,59,,,,,,,Y,2,0,1,2,A,-,03,22350,,N,C,C,A,A,H,-,A,D,0,,,,Y,Y,,A,07,1,0,0,0,0,0,0,0,0,"- ","- ",37.209029999999998,-120.48804,MERCED,UNINCORPORATED,-120.48806897999999,37.209030149999997
90261061,2016,2016-09-05,9460,2016-08-31,1427,020807,,3,2,9,2400,0,3,5,,2,100,"SYCAMORE AVE","BLOSS AVE",2640.00,N,N,A,-,N,,,,,,,,,,Y,2,0,1,1,A,-,01,23152,A,N,E,I,A,A,H,-,A,D,0,,,,,Y,Y,A,07,1,0,0,0,0,0,0,0,0,"- ","- ",37.415239999999997,-120.75926,MERCED,UNINCORPORATED,-120.75925166,37.412108089999997
90264996,2016,2016-09-09,9460,2016-09-03,1620,020707,,6,2,9,2400,0,3,5,,2,090,"SOUTHERN PACIFIC AVE","BUHACH RD",215.00,S,N,A,-,N,,,,,,,,,,Y,2,0,3,2,A,-,05,21460,A,N,A,C,A,A,H,-,A,D,0,,,,,Y,,A,01,1,0,2,0,0,0,0,0,0,"- ","- ",37.332810000000002,-120.57483000000001,MERCED,UNINCORPORATED,-120.57726099999999,37.331662999999999
90276119,2016,2016-09-27,9461,2016-09-18,0508,020351,,7,3,9,2400,0,1,1,,2,205,"I-5 S/B",SR-165,9504.00,N,N,A,-,Y,,,5,,,,,,S,Y,1,1,1,1,A,-,01,23152,A,N,E,I,A,A,H,-,D,D,0,,,,,Y,Y,A,01,1,0,0,0,0,0,0,0,0,"- ","- ",36.948349999999998,-120.86278,MERCED,UNINCORPORATED,-120.86276422,36.948367910000002
90306175,2016,2016-10-28,9460,2016-03-27,2100,019500,,7,2,9,2400,0,3,5,,2,030,"WALNUT AVE","SYCAMORE ST",693.00,E,N,A,-,N,,,,,,,,,,N,1,1,0,2,A,-,05,21202,A,F,H,G,A,A,H,-,D,D,0,,Y,,,Y,,L,04,0,0,0,0,0,1,0,0,0,"- ","- ",37.389499999999998,-120.6991,MERCED,UNINCORPORATED,-120.69941503,37.389567120000002
90308555,2016,2016-11-01,9460,2016-07-25,1821,020365,,1,2,9,2400,0,3,5,,2,020,"EL CAPITAN WAY","PEPPER ST",23.00,E,N,A,-,N,,,,,,,,,,Y,1,1,0,2,A,-,01,23152,E,N,C,C,A,A,H,-,A,D,0,,,Y,,Y,,C,02,0,0,0,0,0,0,0,1,0,"- ","- ",37.433729999999997,-120.72185,MERCED,UNINCORPORATED,-120.7218908,37.433709690000001
90330471,2016,2016-11-28,9460,2016-11-13,0625,019923,,7,1,9,2400,0,1,3,,2,002,"SR-99 (S/B)","WESTSIDE BLVD",528.00,N,N,A,E,Y,,,,,,,,,,Y,2,0,3,2,A,-,08,22107,,N,B,C,A,A,H,-,D,D,0,,,,,Y,Y,A,07,1,2,0,0,0,0,0,0,0,"- ","- ",37.364199999999997,-120.65151,MERCED,UNINCORPORATED,-120.65001393,37.361961979999997
90362333,2016,2017-01-05,9460,2016-09-07,1654,020365,,3,2,9,2400,0,1,3,,2,002,"SR-99 (S/B)","SULTANA DR",4224.00,S,N,A,-,Y,,,99,,,,,,,Y,1,2,1,3,A,-,08,22107,,N,B,C,A,A,H,-,A,D,0,,,,Y,Y,,A,01,0,1,0,0,0,0,0,0,0,"- ","- ",37.367849999999997,-120.66821,MERCED,UNINCORPORATED,-120.66824201,37.367760199999999
9036634,2019,2020-01-29,2406,2019-12-30,1151,256,2,1,5,5,2406,0,0,0,,0,021,"M ST","WEST 25TH ST",0.00,,Y,A,-,N,,,,,,,,,,N,2,0,2,2,A,-,10,21950,A,N,G,B,B,A,H,-,A,D,0,Y,,,,Y,,A,07,1,0,1,0,1,0,0,0,0,"- ","- ",,,MERCED,MERCED,-120.48027801513672,37.309951782226562
90368489,2016,2017-02-22,9461,2016-12-30,2035,019838,,5,2,9,2400,0,1,3,,1,152,"SR-152 E/B","DINOSAUR POINT",19536.00,E,N,A,-,N,,,152,,,,,,E,Y,2,0,3,2,A,-,07,21658,A,N,B,C,A,A,H,-,D,D,0,,,,,Y,,A,07,2,1,0,0,0,0,0,0,0,"- ","- ",37.068849999999998,-121.21219000000001,MERCED,UNINCORPORATED,-121.21225389,37.068906939999998
90395707,2016,2017-02-17,9460,2016-12-23,1644,020707,,5,2,9,2400,0,1,3,,2,001,"SR-99 (S/B)","PLAINSBURG RD",820.00,N,N,B,C,Y,,,,,,,,,,Y,1,1,1,2,A,-,03,22350,,N,D,C,A,B,H,-,D,D,0,,,,,Y,,A,01,1,0,0,0,0,0,0,0,0,"- ","- ",37.190559999999998,-120.33385,MERCED,UNINCORPORATED,-120.33390446,37.190674870000002
90404752,2017,2017-03-02,9461,2017-02-03,1820,019838,,5,2,9,2400,0,1,3,,1,152,"SR-152 E/B","DINOSAUR POINT",5808.00,E,N,B,-,N,,,152,,,,,,E,Y,2,0,5,3,C,-,18,,,N,E,J,A,A,H,-,D,D,0,,,,,Y,,-,"- ",2,0,3,0,0,0,0,0,0,"- ","- ",37.077100000000002,-121.2058,MERCED,UNINCORPORATED,-121.20579964,37.077098120000002
90452499,2017,2017-05-09,9460,2017-02-27,2010,018603,,1,2,9,2400,0,3,5,,2,010,"THIRD AVE","ROSA ROAD",3168.00,W,N,A,-,N,,,,,,,,,,N,2,0,1,2,A,-,11,21954,A,F,G,B,E,A,H,-,D,D,0,Y,,,,Y,Y,N,60,1,0,0,0,1,0,0,0,0,"- ","- ",37.405790000000003,-120.74318,MERCED,UNINCORPORATED,-120.87107450000001,37.327786039999999
90478820,2017,2017-06-15,9460,2017-06-11,1840,020707,,7,2,9,2400,0,1,3,,1,591,SR-59,"GERARD AVE",0.00,,Y,C,-,Y,,,,,,,,,,Y,2,0,1,2,A,-,01,23152,A,N,D,C,A,B,H,-,A,A,0,,,,,Y,Y,A,01,1,0,0,0,0,0,0,0,0,"- ","- ",37.28098,-120.04876,MERCED,UNINCORPORATED,-120.48764995000001,37.280980110000002
90483104,2017,2018-03-06,9460,2017-03-08,0726,018806,,3,1,9,2400,0,1,3,,2,003,"SR-99 (N/B)","DUCK SLOUGH OVERFLOW (BR 39-05)",1646.00,N,N,A,-,Y,,,99,,,,,,,Y,1,3,0,2,A,-,08,22107,,N,A,C,A,A,H,-,A,D,0,,,,,Y,,D,22,0,0,0,0,0,0,0,0,0,"- ","- ",37.257919999999999,-120.41930000000001,MERCED,UNINCORPORATED,-120.41956647000001,37.257589760000002
90496858,2017,2017-07-14,9461,2017-06-17,2300,021188,,6,3,9,2400,0,1,3,,1,152,"SR-152 E/B (PACHECO PASS HWY)","LOWER COTTONWOOD",7920.00,W,N,A,-,Y,,,152,,,,,,E,Y,1,1,0,1,A,-,01,23152,G,N,F,A,A,A,H,-,D,D,0,,,,,Y,Y,A,01,0,0,0,0,0,0,0,0,0,"- ","- ",37.098700000000001,-121.14682999999999,MERCED,UNINCORPORATED,-121.14683814,37.098720970000002
90504193,2017,2017-07-19,9460,2017-07-09,1230,019661,,7,1,9,2400,0,3,5,,2,020,"TIERRA DE ORO COURT (15900 BLOCK)","HINTON AVENUE",362.00,E,N,A,-,N,,,,,,,,,,N,2,0,1,1,A,-,03,22350,,N,F,A,A,A,H,-,A,D,0,,,,,Y,,M,96,1,0,0,0,0,0,0,0,0,"- ","- ",37.423540000000003,-120.77639000000001,MERCED,UNINCORPORATED,-120.77591361,37.423488599999999
90508989,2017,2018-01-03,9461,2017-07-02,1015,014933,,7,1,9,2400,0,1,3,,2,453,"SR-152 E/B","HARMON RD.",964.00,E,N,A,-,Y,,,152,,,,,,E,Y,1,1,3,1,A,-,08,22107,,N,F,A,A,A,H,-,A,D,0,,,,,Y,,A,07,1,1,1,0,0,0,0,0,0,"- ","- ",37.06711,-120.53608,MERCED,UNINCORPORATED,-120.53607657000001,37.067100150000002
90544905,2017,2017-09-11,9460,2017-06-26,2338,020822,,1,3,9,2400,0,1,3,,2,001,"SR-99 (S/B)","SHANKS RD",528.00,N,N,A,-,Y,,,,,,,,,,Y,1,1,3,4,A,-,01,23152,A,N,A,C,A,A,H,-,C,D,0,,,,,Y,Y,A,01,2,1,0,0,0,0,0,0,0,"- ","- ",34.434669999999997,-120.78061,MERCED,UNINCORPORATED,-120.78476237,37.437975080000001
90556315,2017,2017-09-26,9461,2017-09-10,2020,016452,,7,2,9,2400,0,1,3,,1,103,SR-33,"HENRY MILLER RD.",528.00,S,N,A,-,Y,,,33,,,,,,,N,2,0,1,2,A,-,11,21954,A,N,G,B,D,A,H,-,D,D,0,Y,,,,Y,,N,60,1,0,0,0,1,0,0,0,0,"- ","- ",37.099460000000001,-121.01598,MERCED,UNINCORPORATED,-121.01587496,37.099456160000003
90571328,2017,2017-10-16,9460,2017-09-29,0350,020840,,5,3,9,2400,0,1,3,,1,140,SR-140,"KEATON RD",1584.00,W,N,A,-,Y,,,140,,,,,,,Y,2,0,2,2,C,-,18,,,N,H,H,A,A,D,G,D,D,0,,,,,Y,,-,"- ",1,0,1,0,0,0,0,0,0,"- ","- ",37.312959999999997,-120.91892,MERCED,UNINCORPORATED,-120.91886435000001,37.312697409999998
9057400,2020,2020-07-29,2406,2020-04-05,0211,156,3,7,5,5,2406,0,0,0,,0,030,"E CHILOS AV","TYLER AV",0.00,,Y,A,-,N,,,,,,,,,,N,2,0,1,3,A,-,12,22450,A,N,C,E,A,A,H,-,C,A,0,,,,,Y,,D,22,1,0,0,0,0,0,0,0,0,"- ","- ",,,MERCED,MERCED,-120.46980285644531,37.287971496582031
90575846,2017,2017-10-23,9460,2017-10-12,2254,020112,,4,3,9,2400,0,3,5,,2,030,"ASHBY ROAD","BEACHWOOD DRIVE",1500.00,E,N,A,-,N,,,,,,,,,,N,2,0,1,2,A,-,05,21650,,N,A,G,A,A,H,-,D,D,0,,Y,,,Y,,L,04,1,0,0,0,0,0,1,0,0,"- ","- ",37.314830000000001,-120.52347,MERCED,UNINCORPORATED,-120.5235034,37.314881939999999
90578788,2017,2017-10-26,9460,2017-10-13,1530,019838,,5,2,9,2400,0,3,5,,2,080,"APPLEGATE ROAD","MORAN ROAD",81.00,S,N,A,-,N,,,,,,,,,,Y,2,0,2,1,A,-,01,23152,A,N,E,J,A,A,H,-,A,D,0,,,,,Y,Y,A,01,2,0,0,0,0,0,0,0,0,"- ","- ",37.308399999999999,-120.6148,MERCED,UNINCORPORATED,-120.61473454999999,37.309167610000003
90585329,2017,2017-11-02,9460,2017-10-22,0135,020365,,7,3,9,2400,0,1,3,,2,003,"SR-99 S/B","ROAD 15",7920.00,N,N,A,-,Y,,,99,,,,,,S,Y,2,0,1,1,A,-,01,23152,A,N,F,A,A,A,H,-,D,D,0,,,,,Y,Y,A,01,1,0,0,0,0,0,0,0,0,"- ","- ",37.15598,-120.29517,MERCED,UNINCORPORATED,-120.29510641,37.15605678
90601016,2017,2017-11-22,9460,2017-11-13,1000,017827,,1,1,9,2400,0,1,3,,1,591,SR-59,"RAHILLY RD.",302.00,S,N,A,-,Y,,,,,,,,,,Y,2,0,1,4,A,-,03,22350,,N,C,C,A,A,H,-,A,D,0,,,,,Y,,D,22,1,0,0,0,0,0,0,0,0,"- ","- ",37.281419999999997,-120.48438,MERCED,UNINCORPORATED,-120.48801748,37.21389078
90611741,2017,2017-12-06,9460,2017-09-27,1750,018922,,3,2,9,2400,0,1,3,,2,003,"SR-99 (N/B)","PLAINSBURG ROAD",5808.00,N,N,A,-,Y,,,,,,,,,,Y,1,1,1,1,A,-,08,22107,,N,F,A,A,A,H,-,A,D,0,,,,,Y,,A,01,0,1,0,0,0,0,0,0,0,"- ","- ",37.199649999999998,-120.34617,MERCED,UNINCORPORATED,-120.34689048,37.199587860000001
90642712,2018,2018-01-18,9460,2018-01-12,1738,020840,,5,2,9,2400,0,1,3,,1,143,SR-140,"HAYDEN RD",7920.00,E,N,B,-,Y,,,140,,,,,,,Y,2,0,5,3,A,-,01,23152,A,N,B,C,A,A,H,-,D,D,0,,,,,Y,Y,A,01,2,1,2,0,0,0,0,0,0,"- ","- ",37.313030242919922,-120.28298950195312,MERCED,UNINCORPORATED,-120.28294372558594,37.312934875488281
90670029,2018,2018-11-09,9461,2018-02-20,0544,014933,,2,3,9,2400,0,1,3,,1,452,"SR-152 WESTBOUND","DEEP WELL ROAD",1250.00,W,N,A,-,Y,,,152,,,,,,W,Y,1,1,0,2,A,-,11,21954,A,N,G,B,E,A,H,-,D,D,0,Y,,,,Y,,N,60,0,0,0,1,0,0,0,0,0,"- ","- ",37.055049896240234,-120.73030090332031,MERCED,UNINCORPORATED,-120.73030090332031,37.055061340332031
90673995,2018,2018-03-02,9460,2018-02-22,0815,018806,,4,1,9,2400,0,3,5,,2,090,"MAGNOLIA AVENUE","SHEESLEY RD",35.00,E,N,A,-,N,,,,,,,,,,Y,2,0,1,1,A,-,01,23152,A,N,E,I,A,A,H,-,A,D,0,,,,,Y,Y,D,22,1,0,0,0,0,0,0,0,0,"- ","- ",37.367710113525391,-120.69094848632812,MERCED,UNINCORPORATED,-120.69098663330078,37.367618560791016