CASE_ID,ACCIDENT_YEAR,PROC_DATE,JURIS,COLLISION_DATE,COLLISION_TIME,OFFICER_ID,REPORTING_DISTRICT,DAY_OF_WEEK,CHP_SHIFT,POPULATION,CNTY_CITY_LOC,SPECIAL_COND,BEAT_TYPE,CHP_BEAT_TYPE,CITY_DIVISION_LAPD,CHP_BEAT_CLASS,BEAT_NUMBER,PRIMARY_RD,SECONDARY_RD,DISTANCE,DIRECTION,INTERSECTION,WEATHER_1,WEATHER_2,STATE_HWY_IND,CALTRANS_COUNTY,CALTRANS_DISTRICT,STATE_ROUTE,ROUTE_SUFFIX,POSTMILE_PREFIX,POSTMILE,LOCATION_TYPE,RAMP_INTERSECTION,SIDE_OF_HWY,TOW_AWAY,COLLISION_SEVERITY,NUMBER_KILLED,NUMBER_INJURED,PARTY_COUNT,PRIMARY_COLL_FACTOR,PCF_CODE_OF_VIOL,PCF_VIOL_CATEGORY,PCF_VIOLATION,PCF_VIOL_SUBSECTION,HIT_AND_RUN,TYPE_OF_COLLISION,MVIW,PED_ACTION,ROAD_SURFACE,ROAD_COND_1,ROAD_COND_2,LIGHTING,CONTROL_DEVICE,CHP_ROAD_TYPE,PEDESTRIAN_ACCIDENT,BICYCLE_ACCIDENT,MOTORCYCLE_ACCIDENT,TRUCK_ACCIDENT,NOT_PRIVATE_PROPERTY,ALCOHOL_INVOLVED,STWD_VEHTYPE_AT_FAULT,CHP_VEHTYPE_AT_FAULT,COUNT_SEVERE_INJ,COUNT_VISIBLE_INJ,COUNT_COMPLAINT_PAIN,COUNT_PED_KILLED,COUNT_PED_INJURED,COUNT_BICYCLIST_KILLED,COUNT_BICYCLIST_INJURED,COUNT_MC_KILLED,COUNT_MC_INJURED,PRIMARY_RAMP,SECONDARY_RAMP,LATITUDE,LONGITUDE,COUNTY,CITY,POINT_X,POINT_Y
90686612,2018,2018-07-09,9461,2018-03-16,0600,020903,,5,1,9,2400,0,1,3,,1,103,SR-33,"GUN CLUB ROAD",2640.00,S,N,C,-,Y,,,33,,,,,,,N,2,0,1,2,D,-,00,,,F,G,B,E,B,H,-,D,D,0,Y,,,,Y,,-,"- ",1,0,0,0,1,0,0,0,0,"- ","- ",37.223651885986328,-121.01244354248047,MERCED,UNINCORPORATED,-121.01245880126953,37.223651885986328
90689119,2018,2018-03-26,9460,2018-03-18,0345,020112,,7,3,9,2400,0,1,3,,2,003,"STATE ROUTE 99 NORTHBOUND","EAST MISSION AVENUE",1600.00,S,N,A,-,Y,,,99,,,,,,N,Y,2,0,5,1,A,-,08,22107,,N,E,I,A,A,H,-,D,D,0,,,,,Y,,A,07,1,2,2,0,0,0,0,0,0,"- ","- ",37.271560668945312,-120.43450927734375,MERCED,UNINCORPORATED,-120.43441772460938,37.271625518798828
90704368,2017,2018-04-12,9460,2017-12-13,1044,019661,,3,1,9,2400,0,1,3,,2,001,"SR-99 N/B","MERCED RIVER",580.00,S,N,A,-,Y,,,99,,,,,,N,Y,1,1,0,1,A,-,01,23152,F,N,E,I,A,A,H,-,A,D,0,,,,,Y,,A,01,0,0,0,0,0,0,0,0,0,"- ","- ",37.397419999999997,-120.74096,MERCED,UNINCORPORATED,-120.74105839000001,37.39736096
90724433,2018,2018-05-11,9460,2018-05-05,1700,020012,,6,2,9,2400,0,1,3,,1,591,SR-59,"EL NIDO RD",566.00,N,N,A,-,Y,,,59,,,,,,,Y,2,0,4,2,A,-,09,21801,A,N,A,C,A,A,H,-,A,D,0,,,,,Y,,A,01,2,1,1,0,0,0,0,0,0,"- ","- ",37.136459350585938,-120.49212646484375,MERCED,UNINCORPORATED,-120.49208831787109,37.136459350585938
90728746,2018,2018-05-17,9460,2018-03-12,2500,019665,,1,4,9,2400,0,3,5,,2,040,"SHAFFER RD","MERCEDES AVE",1200.00,S,N,B,C,N,,,,,,,,,,Y,1,1,0,1,A,-,01,23152,A,N,F,A,A,B,H,-,D,D,0,,,,,Y,Y,A,01,0,0,0,0,0,0,0,0,0,"- ","- ",37.407699584960938,-120.59485626220703,MERCED,UNINCORPORATED,-120.59490203857422,37.407905578613281
90735945,2018,2018-05-29,9460,2018-05-11,1534,020012,,5,2,9,2400,1,3,5,,2,030,"VINE AVE","ALMOND AVE",780.00,S,N,A,-,N,,,,,,,,,,N,2,0,1,1,C,-,18,,,N,H,A,A,A,H,-,A,D,0,,,,,Y,,-,"- ",1,0,0,0,0,0,0,0,0,"- ","- ",37.379951477050781,-120.63184356689453,MERCED,UNINCORPORATED,-120.63180541992188,37.380096435546875
90737038,2018,2018-05-30,9460,2018-05-13,2140,019665,,7,2,9,2400,0,3,5,,2,090,"SYCAMORE ST","BLOSS AVE.",3696.00,N,N,A,-,N,,,,,,,,,,Y,2,0,1,1,A,-,01,23152,A,M,E,I,A,A,H,-,D,D,0,,,,,Y,Y,D,22,1,0,0,0,0,0,0,0,0,"- ","- ",37.41448974609375,-120.75916290283203,MERCED,UNINCORPORATED,-120.75917816162109,37.415008544921875
90743949,2018,2018-06-08,9460,2018-05-20,2116,020012,,7,2,9,2400,0,3,5,,2,020,"SYCAMORE ST","STEPHENS ST",35.00,S,N,A,-,N,,,,,,,,,,Y,2,0,2,2,A,-,05,21460,A,F,A,C,A,A,H,-,D,D,0,,,,,Y,,A,01,1,0,1,0,0,0,0,0,0,"- ","- ",37.415508270263672,-120.75920104980469,MERCED,UNINCORPORATED,-120.75920867919922,37.415596008300781
90749178,2018,2018-06-15,9460,2018-05-29,0930,012845,,2,1,9,2400,0,3,5,,2,050,"YOSEMITE AVENUE","KIBBY ROAD",2482.00,E,N,A,-,N,,,,,,,,,,Y,1,3,1,2,A,-,06,21751,,N,A,C,A,A,H,-,A,D,0,,,,,Y,Y,A,01,1,0,0,0,0,0,0,0,0,"- ","- ",37.332378387451172,-120.40606689453125,MERCED,UNINCORPORATED,-120.40601348876953,37.332149505615234
90755931,2018,2018-06-26,9460,2018-06-16,1045,019286,,6,1,9,2400,0,1,3,,2,001,"STATE ROUTE 99 (NORTHBOUND)","SHANKS ROAD",673.00,S,N,A,-,Y,,,99,,,,,,,Y,2,0,2,1,A,-,08,22107,,N,F,A,A,A,H,-,A,D,0,,,,,Y,,A,08,1,1,0,0,0,0,0,0,0,"- ","- ",37.435901641845703,-120.78127288818359,MERCED,UNINCORPORATED,-120.78141021728516,37.435714721679688
90756396,2018,2018-06-26,9460,2018-06-17,1435,019838,,7,2,9,2400,0,2,4,,1,041,"SANTA FE DR","SPACEPORT ENTRY",0.00,,Y,A,-,N,,,,,,,,,,Y,2,0,4,2,A,-,12,21453,A,N,D,C,A,A,H,-,A,A,0,,,,,Y,,A,01,3,1,0,0,0,0,0,0,0,"- ","- ",37.359001159667969,-120.57029724121094,MERCED,UNINCORPORATED,-120.57032700000001,37.358978
90759821,2018,2018-06-29,9461,2018-06-22,1551,017029,,5,2,9,2400,0,1,1,,2,205,"I-5 S/B",SR-165,7392.00,N,N,A,-,Y,,,5,,,,,,S,Y,2,0,1,1,A,-,01,23152,F,N,E,J,A,A,H,-,A,A,0,,,,,Y,,D,22,1,0,0,0,0,0,0,0,0,"- ","- ",36.945091247558594,-120.85861968994141,MERCED,UNINCORPORATED,-120.85865783691406,36.945037841796875
90803406,2018,2018-08-31,9461,2018-08-25,0600,021178,,6,1,9,2400,0,1,1,,2,205,"I-5 S/B","VOLTA RD",5808.00,S,N,A,-,Y,,,5,,,,,,S,Y,2,0,1,1,A,-,08,22107,,N,F,A,A,A,H,-,A,D,0,,,,,Y,,A,01,1,0,0,0,0,0,0,0,0,"- ","- ",36.999698638916016,-120.91519927978516,MERCED,UNINCORPORATED,-120.91512298583984,36.999771118164062
90808986,2018,2018-09-10,9461,2018-08-30,0625,021178,,4,1,9,2400,0,2,4,,1,115,"HENRY MILLER AVE","BADGER FLAT RD",177.00,W,N,A,-,N,,,,,,,,,,Y,2,0,2,3,A,-,05,21460,A,N,B,C,A,A,H,-,A,D,0,,,,,Y,,A,01,2,0,0,0,0,0,0,0,0,"- ","- ",37.099899291992188,-120.87870025634766,MERCED,UNINCORPORATED,-120.878173828125,37.099964141845703
90815923,2018,2018-11-13,9461,2018-08-19,1925,019052,,7,2,9,2400,0,1,3,,1,465,SR-165,"BLUE GOOSE",2640.00,S,N,A,-,Y,,,165,,,,,,,Y,1,1,1,2,A,-,05,21650,A,N,A,C,A,A,H,-,B,D,0,,,,Y,Y,,A,08,0,0,1,0,0,0,0,0,0,"- ","- ",37.204261779785156,-120.84462738037109,MERCED,UNINCORPORATED,-120.84468841552734,37.204235076904297
90855046,2018,2018-11-07,9461,2018-08-18,1530,021056,,6,2,9,2400,0,2,4,,1,415,"HENRY MILLER AVENUE",SR-165,6336.00,E,N,A,-,N,,,,,,,,,,Y,1,1,0,2,A,-,08,22107,,N,B,C,A,A,H,-,A,D,0,,,,Y,Y,,A,07,0,0,0,0,0,0,0,0,0,"- ","- ",37.099498748779297,-120.81268310546875,MERCED,UNINCORPORATED,-120.81314086914062,37.099544525146484
90861184,2018,2018-11-15,9460,2018-11-03,0042,020112,,6,3,9,2400,0,1,3,,2,001,"STATE ROUTE 99 NORTHBOUND","GOLDEN STATE BOULEVARD OVER-CROSSING",1056.00,S,N,A,-,Y,,,99,,,,,,N,Y,2,0,2,2,A,-,08,22107,,N,B,C,A,A,H,-,D,D,0,,,,,Y,Y,D,22,1,1,0,0,0,0,0,0,0,"- ","- ",37.455741882324219,-120.80323791503906,MERCED,UNINCORPORATED,-120.80338287353516,37.455543518066406
90881281,2018,2019-05-21,9461,2018-09-07,0830,020486,,5,1,9,2400,0,1,3,,1,103,"STATE HIGHWAY 33","GUN CLUB ROAD",2640.00,S,N,A,-,Y,,,33,,,,,,,Y,1,1,1,3,A,-,06,21751,,N,A,C,A,A,H,-,A,D,0,,,,Y,Y,,D,22,0,1,0,0,0,0,0,0,0,"- ","- ",37.223888397216797,-121.01238250732422,MERCED,UNINCORPORATED,-121.01245880126953,37.223892211914062
90884925,2018,2018-12-18,9461,2018-12-15,1715,017080,,6,2,9,2400,0,1,3,,1,503,SR-33,"CARMELLIA AVE",10.00,N,N,A,-,Y,,,33,,,,,,,N,2,0,2,2,A,-,21,22106,,F,D,C,A,A,H,-,D,D,0,,,,,Y,,A,01,1,1,0,0,0,0,0,0,0,"- ","- ",36.996551513671875,-120.63571166992188,MERCED,UNINCORPORATED,-120.63565063476562,36.996547698974609
90888042,2018,2019-01-22,9460,2018-10-08,0538,019005,,1,3,9,2400,0,3,5,,2,040,"SHAFFER ROAD","MERCEDES AVENUE",0.00,,Y,A,-,N,,,,,,,,,,Y,1,1,2,2,A,-,12,22450,A,N,D,C,A,A,H,-,D,A,0,,,,,Y,,A,01,0,0,2,0,0,0,0,0,0,"- ","- ",37.411190032958984,-120.59483337402344,MERCED,UNINCORPORATED,-120.59484100341797,37.411201477050781
90894394,2018,2018-12-31,9461,2018-12-25,1730,021056,,2,2,9,2400,0,1,3,,1,103,"SR-33 S/B","GUN CLUB RD",3168.00,S,N,A,-,N,,,33,,,,,,S,N,2,0,1,1,A,-,08,22107,,N,F,A,A,A,H,-,D,D,0,,,Y,,Y,Y,C,06,1,0,0,0,0,0,0,0,1,"- ","- ",37.220928192138672,-121.01230621337891,MERCED,UNINCORPORATED,-121.01245880126953,37.220932006835938
90894724,2018,2018-12-31,9460,2018-12-23,0835,017827,,7,1,9,2400,0,3,5,,2,070,"SANTA FE AVE.","MISSION AVE.",155.00,N,N,A,-,N,,,,,,,,,,Y,2,0,1,1,A,-,08,22107,,N,E,I,A,A,H,-,A,D,0,,,,,Y,,A,07,1,0,0,0,0,0,0,0,0,"- ","- ",37.273578643798828,-120.30193328857422,MERCED,UNINCORPORATED,-120.30195617675781,37.273513793945312
90918345,2019,2019-02-04,9461,2019-01-23,1955,021378,,3,2,9,2400,0,1,3,,1,503,"STATE ROUTE 33 NORTHBOUND","VALERIA STREET",1056.00,S,N,A,-,Y,,,33,,,,,,N,Y,1,1,0,2,A,-,11,21954,A,N,G,B,D,A,H,-,D,D,0,Y,,,,Y,,N,60,0,0,0,1,0,0,0,0,0,"- ","- ",36.979698181152344,-120.63559722900391,MERCED,UNINCORPORATED,-120.63559722900391,36.979698181152344
90919446,2019,2019-02-05,9461,2019-02-03,2330,018910,,7,3,9,2400,0,1,3,,1,152,"STATE ROUTE 152 WESTBOUND","UPPER COTTONWOOD STATE WILDLIFE AREA",6336.00,E,N,B,C,Y,,,152,,,,,,W,Y,2,0,1,1,A,-,08,22107,,N,F,A,A,B,H,-,D,D,0,,,,,Y,,D,22,1,0,0,0,0,0,0,0,0,"- ","- ",37.088401794433594,-121.15989685058594,MERCED,UNINCORPORATED,-121.15989685058594,37.088401794433594
90927025,2019,2019-02-14,9461,2019-02-13,0326,017080,,3,3,9,2400,0,1,3,,1,152,"SR-152 W/B",SR-33,6336.00,W,N,B,C,Y,,,152,,,,,,W,Y,2,0,2,2,A,-,01,23152,A,N,B,C,A,B,H,-,D,D,0,,,,,Y,Y,A,01,1,1,0,0,0,0,0,0,0,"- ","- ",37.057041168212891,-121.03881072998047,MERCED,UNINCORPORATED,-121.03881072998047,37.057018280029297
90929816,2019,2019-02-20,9461,2019-02-13,1257,014933,,3,1,9,2400,0,1,3,,1,452,"SR-152 (WESTBOUND)","DELTA ROAD",2659.00,W,N,B,G,Y,,,152,,,,,,,Y,1,1,0,1,A,-,08,22107,,N,E,I,A,A,H,-,A,D,0,,,,,Y,,D,22,0,0,0,0,0,0,0,0,0,"- ","- ",37.055889129638672,-120.77144622802734,MERCED,UNINCORPORATED,-120.77145385742188,37.0557861328125
90960553,2019,2019-04-03,9460,2019-03-24,1609,018778,,7,2,9,2400,0,3,5,,2,010,"SWANSON RD","GRIFFITH RD",1584.00,E,N,A,-,N,,,,,,,,,,Y,2,0,1,1,A,-,01,23152,A,N,F,A,A,A,H,-,A,D,0,,,Y,,Y,Y,C,02,1,0,0,0,0,0,0,0,1,"- ","- ",37.440761566162109,-120.80377960205078,MERCED,UNINCORPORATED,-120.80738067626953,37.440631866455078
90962880,2019,2019-04-08,9461,2019-03-31,1815,021188,,7,2,9,2400,0,1,3,,1,465,"SR-165 (MERCEY SPRINGS ROAD)","CORRAL ROAD",220.00,S,N,A,-,Y,,,165,,,,,,,Y,2,0,2,1,A,-,01,23152,A,N,F,A,A,A,H,-,A,D,0,,,Y,,Y,Y,C,02,2,0,0,0,0,0,0,0,2,"- ","- ",37.214950561523438,-120.85114288330078,MERCED,UNINCORPORATED,-120.85111999511719,37.214962005615234
90970212,2019,2019-10-04,9461,2019-04-11,1138,020486,,4,1,9,2400,0,1,1,,2,105,"INTERSTATE 5 NORTHBOUND","STATE ROUTE 140",1584.00,S,N,A,-,Y,,,5,,,,,,N,Y,1,1,0,1,A,-,08,22107,,N,E,I,A,A,H,-,A,D,0,,,,,Y,,D,22,0,0,0,0,0,0,0,0,0,"- ","- ",37.241840362548828,-121.08751678466797,MERCED,UNINCORPORATED,-121.08761596679688,37.241813659667969
90983866,2019,2019-05-07,9461,2019-04-30,1700,019052,,2,2,9,2400,0,3,5,,2,020,"PIONEER RD","CENTER AVE",1584.00,W,N,B,-,N,,,,,,,,,,Y,2,0,1,1,A,-,08,22107,,N,E,I,A,A,H,-,A,D,0,,,,,Y,,A,01,1,0,0,0,0,0,0,0,0,"- ","- ",37.042400360107422,-120.85870361328125,MERCED,UNINCORPORATED,-120.85921478271484,37.042324066162109
90995582,2019,2019-05-24,9460,2019-05-14,0732,017827,,2,1,9,2400,0,1,3,,1,142,SR-140,"SCOTT RD.",16.00,W,N,A,-,Y,,,,,,,,,,Y,2,0,1,2,A,-,05,21460,C,N,A,C,A,A,H,-,A,D,0,,,Y,,Y,,C,02,1,0,0,0,0,0,0,0,1,"- ","- ",37.301799774169922,-120.51486968994141,MERCED,UNINCORPORATED,-120.56862640380859,37.302391052246094
91032345,2019,2019-07-17,9460,2019-07-06,0355,021320,,6,3,9,2400,0,1,3,,1,591,"STATE ROUTE 59","EL NIDO ROAD",528.00,S,N,A,-,Y,,,59,,,,,,,Y,2,0,1,2,A,-,05,21460,A,N,A,C,A,A,H,-,D,D,0,,,,Y,Y,,A,01,1,0,0,0,0,0,0,0,0,"- ","- ",37.132888793945312,-120.49220275878906,MERCED,UNINCORPORATED,-120.49221038818359,37.132888793945312
91052141,2019,2019-08-14,9460,2019-05-04,0650,021150,,6,1,9,2400,0,1,3,,1,142,SR-140,"SULTANA DRIVE",1584.00,W,N,A,-,Y,,,140,,,,,,,Y,1,1,3,1,A,-,01,23152,A,F,F,A,A,A,H,-,A,D,0,,,,,Y,Y,A,01,0,3,0,0,0,0,0,0,0,"- ","- ",37.299568176269531,-120.69364166259766,MERCED,UNINCORPORATED,-120.69364166259766,37.299560546875
91055394,2019,2019-08-20,9460,2019-08-10,2358,020840,,6,3,9,2400,0,1,3,,1,165,SR-165,"RIVER ROAD",1584.00,N,N,A,-,Y,,,165,,,,,,,Y,2,0,1,1,A,-,01,23152,A,N,E,I,A,A,H,-,D,D,0,,,,,Y,Y,A,01,1,0,0,0,0,0,0,0,0,"- ","- ",37.365619659423828,-120.85452270507812,MERCED,UNINCORPORATED,-120.85443878173828,37.365619659423828
91064333,2019,2019-08-30,9460,2019-08-27,0030,021295,,2,3,9,2400,0,3,5,,2,050,"HORNITOS RD","LA PALOMA RD",7920.00,W,N,A,-,N,,,,,,,,,,Y,2,0,1,1,A,-,08,22107,,N,E,I,A,A,H,-,C,D,0,,,,,Y,,A,01,1,0,0,0,0,0,0,0,0,"- ","- ",37.488899230957031,-120.29759979248047,MERCED,UNINCORPORATED,,
91068050,2019,2019-10-04,9461,2019-08-30,0422,021387,,5,3,9,2400,0,1,3,,1,152,"SR-152 E/B","UPPER COTTONWOOD",4224.00,E,N,A,-,Y,,,152,,,,,,E,Y,2,0,3,1,A,-,08,22107,,N,E,I,A,A,H,-,D,D,0,,,,,Y,,A,07,2,1,0,0,0,0,0,0,0,"- ","- ",37.086368560791016,-121.16522979736328,MERCED,UNINCORPORATED,-121.16522979736328,37.086429595947266
91083768,2019,2019-09-26,9460,2019-09-18,1614,018778,,3,2,9,2400,0,3,5,,2,020,"FLOWER ST","BRADBURY RD",300.00,S,N,A,-,N,,,,,,,,,,Y,2,0,1,2,A,-,05,21460,A,N,A,C,A,A,H,-,A,D,0,,,Y,,Y,,C,02,1,0,0,0,0,0,0,0,1,"- ","- ",37.448009490966797,-120.80079650878906,MERCED,UNINCORPORATED,-120.80075836181641,37.447998046875
91107622,2019,2019-10-28,9460,2019-10-17,1559,018673,,4,2,9,2400,0,1,3,,1,591,SR-59,"FURTADO RD",2640.00,N,N,A,-,Y,,,59,,,,,,,Y,2,0,1,2,A,-,06,21751,,N,A,C,A,A,H,-,A,D,0,,,,Y,Y,,A,01,1,0,0,0,0,0,0,0,0,"- ","- ",37.171760559082031,-120.49191284179688,MERCED,UNINCORPORATED,-120.49191284179688,37.171760559082031
91114364,2019,2019-11-06,9461,2019-10-17,1128,017183,,4,1,9,2400,0,1,3,,2,453,"STATE ROUTE 152, EASTBOUND","PALM AVENUE",260.00,W,N,A,-,Y,,,152,,,,,,E,Y,1,1,0,1,A,-,08,22107,,N,F,I,A,A,H,-,A,D,0,,,,,Y,,D,22,0,0,0,0,0,0,0,0,0,"- ","- ",37.047481536865234,-120.61844635009766,MERCED,UNINCORPORATED,-120.61844635009766,37.047492980957031
91161689,2020,2020-01-08,9461,2020-01-06,1120,020351,,1,1,9,2400,0,1,3,,1,103,"STATE ROUTE 33","COTTONWOOD RD",645.00,N,N,A,-,Y,,,33,,,,,,,Y,2,0,2,2,A,-,08,22107,,N,B,C,A,A,H,-,A,D,0,,,,,Y,,A,01,1,1,0,0,0,0,0,0,0,"- ","- ",37.189548492431641,-121.01258850097656,MERCED,UNINCORPORATED,-121.01262664794922,37.189552307128906
91165512,2019,2020-01-14,9460,2019-11-17,0640,017343,,7,1,9,2400,0,1,3,,1,590,SR-59,"W. BELLEVUE RD.",1056.00,N,N,A,-,Y,,,59,,,,,,,N,1,1,0,2,A,-,11,21954,A,N,G,B,E,A,H,-,A,D,0,Y,,,,Y,,N,60,0,0,0,1,0,0,0,0,0,"- ","- ",37.364608764648438,-120.50331115722656,MERCED,UNINCORPORATED,-120.50331115722656,37.364608764648438
91166552,2019,2020-01-16,9461,2019-12-20,1748,021280,,5,2,9,2400,0,3,5,,2,020,"POLE LINE ROAD","EAGLE FIELD ROAD",3960.00,N,N,A,-,N,,,,,,,,,,Y,1,1,1,3,A,-,03,22350,,N,C,C,E,A,H,-,D,D,0,Y,,,,Y,,A,01,0,1,0,1,0,0,0,0,0,"- ","- ",36.902591705322266,-120.80650329589844,MERCED,UNINCORPORATED,-120.80645751953125,36.902549743652344
91214252,2020,2020-03-23,9461,2020-03-17,1537,021378,,2,2,9,2400,0,1,3,,1,152,"SR-152 E/B","DINOSAUR POINT RD",7920.00,E,N,F,-,Y,,,152,,,,,,E,Y,2,0,3,5,A,-,03,22350,,N,C,C,A,C,H,-,A,D,0,,,,,Y,,D,22,1,0,2,0,0,0,0,0,0,"- ","- ",37.077880859375,-121.19834899902344,MERCED,UNINCORPORATED,-121.19835662841797,37.077892303466797
91219393,2020,2020-05-20,9461,2020-03-06,0435,018910,,5,3,9,2400,0,1,1,,2,105,"INTERSTATE 5 NORTHBOUND","WHITWORTH ROAD",2640.00,N,N,A,-,Y,,,5,,,,,,N,Y,1,1,0,2,A,-,11,21954,A,N,G,B,E,A,H,-,D,D,0,Y,,,Y,Y,,N,60,0,0,0,1,0,0,0,0,0,"- ","- ",37.138351440429688,-121.03756713867188,MERCED,UNINCORPORATED,-121.03752136230469,37.138381958007812
91223813,2020,2020-04-09,9460,2020-02-06,1432,018806,,4,2,9,2400,0,3,5,,2,050,"MERCED FALLS ROAD","LA GRANGE ROAD",21120.00,E,N,A,-,N,,,,,,,,,,Y,1,1,1,1,A,-,08,22107,,N,E,I,A,A,H,-,A,D,0,,,,,Y,,A,07,0,1,0,0,0,0,0,0,0,"- ","- ",37.517539978027344,-120.35687255859375,MERCED,UNINCORPORATED,-120.35850524902344,37.517154693603516
91231311,2020,2020-04-30,9460,2020-04-19,1115,017343,,7,1,9,2400,0,1,3,,1,165,SR-165,"CRANE AVE",0.00,,Y,A,-,Y,,,165,,,,,,,Y,2,0,2,2,A,-,01,23152,A,N,D,C,A,A,H,-,A,A,0,,,,,Y,Y,A,07,1,1,0,0,0,0,0,0,0,"- ","- ",37.382499694824219,-120.85040283203125,MERCED,UNINCORPORATED,-120.85048675537109,37.382503509521484
91247553,2020,2020-06-04,9460,2020-05-22,2050,021468,,5,2,3,2401,0,1,3,,2,002,"SR-99 S/B","EAST ATWATER BOULEVARD",841.00,S,N,A,-,Y,,,99,,,,,,S,Y,2,0,1,1,A,-,08,22107,,N,E,I,A,A,D,-,D,D,0,,,Y,,Y,,C,02,1,0,0,0,0,0,0,0,1,"- ","- ",37.340240478515625,-120.5908203125,MERCED,ATWATER,-120.59082794189453,37.3402099609375
91251864,2020,2020-06-15,9460,2020-05-28,1355,021468,,4,1,9,2400,0,3,5,,2,030,"LIVINGSTON CRESSEY RD","SULTANA AVE",2323.00,W,N,A,-,N,,,,,,,,,,Y,2,0,1,1,A,-,08,22107,,N,E,I,A,A,H,-,A,D,0,,,,,Y,,A,01,1,0,0,0,0,0,0,0,0,"- ","- ",37.418628692626953,-120.69560241699219,MERCED,UNINCORPORATED,-120.69382476806641,37.418598175048828
91260077,2020,2020-06-29,9461,2020-06-11,1205,017329,,4,1,9,2400,0,1,1,,2,105,"INTERSTATE 5 SOUTHBOUND","BUTTS ROAD",335.00,S,N,A,-,Y,,,5,,,,,,S,Y,1,1,0,1,A,-,08,22107,,N,E,I,A,A,H,-,A,D,0,,,,,Y,,A,01,0,0,0,0,0,0,0,0,0,"- ","- ",37.173530578613281,-121.0606689453125,MERCED,UNINCORPORATED,-121.06083679199219,37.173419952392578
91268128,2020,2020-07-14,9460,2020-06-30,2025,018778,,2,2,9,2400,0,1,3,,2,002,"SR-99 N/B","HAMMATT AVE",2000.00,S,N,A,-,Y,,,99,,,,,,N,Y,2,0,1,2,A,-,03,22350,,N,C,C,A,A,H,-,B,D,0,,,,Y,Y,,A,01,1,0,0,0,0,0,0,0,0,"- ","- ",37.382061004638672,-120.70703125,MERCED,UNINCORPORATED,-120.70703887939453,37.382038116455078
91285812,2020,2020-08-13,9460,2020-05-17,1623,021407,,7,2,9,2400,0,3,5,,2,020,"FLOWER STREET","BRADBURY ROAD",0.00,,Y,A,-,N,,,,,,,,,,Y,1,1,0,2,A,-,12,22450,A,N,D,C,A,A,H,-,A,A,0,,,Y,Y,Y,,C,02,0,0,0,0,0,0,0,1,0,"- ","- ",37.448799133300781,-120.80091094970703,MERCED,UNINCORPORATED,-120.80106353759766,37.448760986328125
91297850,2020,2020-09-03,9460,2020-08-23,1909,018778,,7,2,9,2400,0,3,5,,2,060,"SANTA FE AVE","MCKEE RD",1360.00,W,N,A,-,N,,,,,,,,,,Y,2,0,3,3,A,-,03,22350,,N,D,C,A,A,H,-,A,D,0,,,Y,,Y,,C,02,2,0,1,0,0,0,0,0,2,"- ","- ",37.297721862792969,-120.44954681396484,MERCED,UNINCORPORATED,-120.4493408203125,37.297653198242188
91302324,2020,2020-09-10,9461,2020-09-04,0535,018910,,5,3,9,2400,0,1,3,,1,153,"STATE ROUTE 152 WESTBOUND","VOLTA ROAD",0.00,,Y,A,-,Y,,,152,,,,,,W,Y,2,0,1,2,A,-,03,22350,,N,D,C,A,A,H,-,D,D,0,,,,Y,Y,,D,22,1,0,0,0,0,0,0,0,0,"- ","- ",37.056598663330078,-120.92659759521484,MERCED,UNINCORPORATED,-120.92659759521484,37.056686401367188
91305790,2020,2020-09-16,9460,2020-09-07,1905,018422,,1,2,9,2400,0,1,3,,1,590,SR-59,"TAHOE ST.",106.00,S,N,A,-,Y,,,59,,,,,,,Y,2,0,2,1,A,-,08,22107,,N,E,I,A,A,H,-,A,D,0,,,,,Y,,A,01,2,0,0,0,0,0,0,0,0,"- ","- ",37.353740692138672,-120.50372314453125,MERCED,UNINCORPORATED,-120.50357818603516,37.353736877441406
91312459,2020,2020-09-25,9460,2020-09-15,1945,019286,,2,2,5,2406,0,2,4,,1,042,"SANTA FE DRIVE","SHAFFER ROAD",632.00,E,N,A,-,N,,,,,,,,,,Y,2,0,2,2,A,-,03,22350,,N,C,C,A,A,H,-,C,D,0,,,,,Y,,D,22,1,0,1,0,0,0,0,0,0,"- ","- ",37.373428344726562,-120.59358978271484,MERCED,MERCED,-120.59382629394531,37.373523712158203