CASE_ID,ACCIDENT_YEAR,PROC_DATE,JURIS,COLLISION_DATE,COLLISION_TIME,OFFICER_ID,REPORTING_DISTRICT,DAY_OF_WEEK,CHP_SHIFT,POPULATION,CNTY_CITY_LOC,SPECIAL_COND,BEAT_TYPE,CHP_BEAT_TYPE,CITY_DIVISION_LAPD,CHP_BEAT_CLASS,BEAT_NUMBER,PRIMARY_RD,SECONDARY_RD,DISTANCE,DIRECTION,INTERSECTION,WEATHER_1,WEATHER_2,STATE_HWY_IND,CALTRANS_COUNTY,CALTRANS_DISTRICT,STATE_ROUTE,ROUTE_SUFFIX,POSTMILE_PREFIX,POSTMILE,LOCATION_TYPE,RAMP_INTERSECTION,SIDE_OF_HWY,TOW_AWAY,COLLISION_SEVERITY,NUMBER_KILLED,NUMBER_INJURED,PARTY_COUNT,PRIMARY_COLL_FACTOR,PCF_CODE_OF_VIOL,PCF_VIOL_CATEGORY,PCF_VIOLATION,PCF_VIOL_SUBSECTION,HIT_AND_RUN,TYPE_OF_COLLISION,MVIW,PED_ACTION,ROAD_SURFACE,ROAD_COND_1,ROAD_COND_2,LIGHTING,CONTROL_DEVICE,CHP_ROAD_TYPE,PEDESTRIAN_ACCIDENT,BICYCLE_ACCIDENT,MOTORCYCLE_ACCIDENT,TRUCK_ACCIDENT,NOT_PRIVATE_PROPERTY,ALCOHOL_INVOLVED,STWD_VEHTYPE_AT_FAULT,CHP_VEHTYPE_AT_FAULT,COUNT_SEVERE_INJ,COUNT_VISIBLE_INJ,COUNT_COMPLAINT_PAIN,COUNT_PED_KILLED,COUNT_PED_INJURED,COUNT_BICYCLIST_KILLED,COUNT_BICYCLIST_INJURED,COUNT_MC_KILLED,COUNT_MC_INJURED,PRIMARY_RAMP,SECONDARY_RAMP,LATITUDE,LONGITUDE,COUNTY,CITY,POINT_X,POINT_Y
91315142,2020,2020-09-30,9460,2020-09-28,1000,015398,,1,1,9,2400,0,3,5,,2,020,"6TH ST.","4TH ST.",165.00,N,N,A,-,N,,,,,,,,,,N,2,0,1,1,A,-,16,24002,A,N,F,A,A,A,H,-,A,D,0,,,Y,,Y,,O,05,1,0,0,0,0,0,0,0,1,"- ","- ",37.430721282958984,-120.7705078125,MERCED,UNINCORPORATED,-120.770506,37.430584000000003
91317922,2020,2020-10-05,9461,2020-10-03,0825,017329,,6,1,9,2400,0,1,1,,2,205,"I-5 S/B","BILLY WRIGHT ROAD",3696.00,S,N,B,-,Y,,,5,,,,,,S,Y,2,0,2,1,A,-,08,22107,,N,F,A,A,A,H,-,A,D,0,,,,,Y,,A,01,1,1,0,0,0,0,0,0,0,"- ","- ",37.039260864257812,-120.95285797119141,MERCED,UNINCORPORATED,-120.95301055908203,37.039112091064453
91319549,2020,2020-10-07,9460,2020-09-29,0740,018951,,2,1,9,2400,0,1,3,,2,002,"STATE ROUTE 99 (SOUTHBOUND)","SULTANA DRIVE",528.00,N,N,A,-,Y,,,99,,,,,,,Y,2,0,1,1,A,-,08,22107,,N,E,I,A,A,H,-,A,D,0,,,,,Y,,A,01,1,0,0,0,0,0,0,0,0,"- ","- ",37.375400543212891,-120.68978118896484,MERCED,UNINCORPORATED,-120.68976593017578,37.375450134277344
9132374,2020,2020-11-10,2401,2020-07-05,2059,720,2401,7,5,3,2401,0,0,0,,0,003,"JUNIPER AV","BIRCHWOOD WY",363.00,E,N,A,-,N,,,,,,,,,,Y,2,0,2,3,A,-,07,21658,A,N,G,B,F,A,H,-,C,D,0,Y,,,,Y,,A,07,2,0,0,0,2,0,0,0,0,"- ","- ",,,MERCED,ATWATER,-120.61127471923828,37.355545043945312
91338341,2020,2020-11-03,9461,2020-11-01,2145,018910,,7,2,9,2400,0,1,3,,1,152,"STATE ROUTE 152 WESTBOUND","ROMERO VISITOR CENTER",2640.00,W,N,A,-,Y,,,152,,,,,,W,Y,2,0,2,1,A,-,08,22107,,N,F,A,A,A,H,-,D,D,0,,,,,Y,,A,08,1,1,0,0,0,0,0,0,0,"- ","- ",37.086811065673828,-121.11142730712891,MERCED,UNINCORPORATED,-121.11142730712891,37.086811065673828
91341979,2020,2020-11-09,9461,2020-11-06,1815,020486,,5,2,9,2400,0,2,4,,1,115,"HENRY MILLER AVENUE","JOHNSON ROAD",10.00,W,N,A,-,N,,,,,,,,,,N,2,0,1,2,A,-,03,22350,,N,C,C,A,A,H,-,D,D,0,,,Y,,Y,,A,01,1,0,0,0,0,0,0,0,1,"- ","- ",37.099979400634766,-120.86501312255859,MERCED,UNINCORPORATED,-120.86505126953125,37.099990844726562
9136385,2020,2020-10-02,2406,2020-07-18,0046,256,1,6,5,5,2406,0,0,0,,0,011,"COLLINS DR","M ST",341.00,E,N,A,-,N,,,,,,,,,,Y,2,0,1,1,A,-,01,23152,A,N,E,I,A,A,H,-,C,D,0,,,,,Y,Y,A,07,1,0,0,0,0,0,0,0,0,"- ","- ",,,MERCED,MERCED,-120.47721862792969,37.322696685791016
91380367,2020,2021-01-04,9460,2020-08-05,0030,019005,,3,3,9,2400,0,1,3,,2,002,"SR-99 N/B","WESTSIDE BOULEVARD",4752.00,N,N,A,-,Y,,,99,,,,,,N,Y,1,1,0,2,A,-,11,21954,A,N,G,B,E,A,H,-,D,D,0,Y,,,,Y,,N,60,0,0,0,1,0,0,0,0,0,"- ","- ",37.365558624267578,-120.6622314453125,MERCED,UNINCORPORATED,-120.66222381591797,37.365581512451172
91386904,2020,2021-01-13,9460,2020-12-26,1300,017343,,6,1,3,2401,0,1,3,,2,002,"SR-99 S/B","APPLEGATE ROAD",420.00,S,N,A,-,Y,,,99,,,,,,S,Y,2,0,1,2,A,-,07,21658,A,N,D,C,A,A,D,H,A,D,0,,,Y,,Y,,C,02,1,0,0,0,0,0,0,0,1,"- ","- ",37.343990325927734,-120.61190795898438,MERCED,ATWATER,-120.61190795898438,37.344005584716797
91389191,2021,2021-01-22,9461,2021-01-14,0354,020385,,4,3,9,2400,0,1,3,,1,152,"SR-152 W/B","LOWER COTTONWOOD ROAD",0.00,,Y,A,-,Y,,,152,,,,,,W,Y,2,0,1,1,A,-,08,22107,,N,E,I,A,A,H,-,D,D,0,,,,,Y,,A,01,1,0,0,0,0,0,0,0,0,"- ","- ",37.099411010742188,-121.12284851074219,MERCED,UNINCORPORATED,-121.12202453613281,37.099742889404297
91400596,2021,2021-02-02,9460,2021-01-21,1440,019838,,4,2,9,2400,0,2,4,,1,051,"SNELLING ROAD","YOUD RD",2640.00,N,N,A,-,N,,,,,,,,,,Y,2,0,1,1,A,-,08,22107,,N,F,A,A,A,H,-,A,D,0,,,Y,,Y,,C,02,1,0,0,0,0,0,0,0,1,"- ","- ",37.485298156738281,-120.44612884521484,MERCED,UNINCORPORATED,,
91405537,2021,2021-02-09,9460,2021-01-21,1530,018422,,4,2,9,2400,0,3,5,,2,010,"FAITH HOME RD.","CRANE AVE.",678.00,S,N,B,-,N,,,,,,,,,,N,1,1,0,2,A,-,09,21804,A,N,D,G,A,A,H,-,A,D,0,,Y,,,Y,,L,04,0,0,0,0,0,1,0,0,0,"- ","- ",37.381168365478516,-120.92305755615234,MERCED,UNINCORPORATED,-120.92303466796875,37.381088256835938
91440374,2021,2021-03-31,9460,2021-03-20,1655,019806,,6,2,5,2406,0,1,3,,2,003,"SR-99 N/B","CANAL STREET",120.00,S,N,A,-,Y,,,99,,,,,,N,Y,2,0,1,1,A,-,08,22107,,N,E,I,A,A,H,-,A,D,0,,,,,Y,,A,08,1,0,0,0,0,0,0,0,0,"- ","- ",37.297500610351562,-120.48499298095703,MERCED,MERCED,-120.48497772216797,37.297534942626953
91447022,2021,2021-04-09,9461,2021-03-31,1512,021387,,3,2,9,2400,0,1,3,,1,452,"SR-152 E/B","ARROYA AVE",600.00,E,N,A,-,Y,,,152,,,,,,E,Y,2,0,1,2,A,-,03,22350,,N,C,C,A,A,H,-,A,D,0,,,Y,Y,Y,,C,02,1,0,0,0,0,0,0,0,1,"- ","- ",37.054039001464844,-120.669921875,MERCED,UNINCORPORATED,-120.669921875,37.0540771484375
91457185,2021,2021-04-23,9461,2021-04-18,0215,021387,,7,3,9,2400,0,2,4,,1,115,"HENRY MILLER AVENUE","WILSON RD",200.00,W,N,A,-,N,,,,,,,,,,Y,2,0,1,1,A,-,01,23152,A,N,E,I,A,A,H,-,D,D,0,,,,,Y,Y,A,01,1,0,0,0,0,0,0,0,0,"- ","- ",37.099868774414062,-120.87117767333984,MERCED,UNINCORPORATED,-120.87188720703125,37.099941253662109
91466447,2021,2021-05-05,9461,2021-04-29,0719,017183,,4,1,9,2400,0,2,4,,1,410,"TURNER ISLAND ROAD SB","HENRY MILLER AVENUE",3168.00,N,N,A,-,N,,,,,,,,,,Y,2,0,1,1,A,-,08,22107,,N,E,I,A,A,H,-,A,D,0,,,,,Y,,D,22,1,0,0,0,0,0,0,0,0,"- ","- ",37.107089996337891,-120.70751953125,MERCED,UNINCORPORATED,-120.70747375488281,37.106647491455078
91472336,2021,2021-05-13,9460,2021-05-07,0940,016917,,5,1,9,2400,0,3,5,,2,040,"YOUD RD","AMSTERDAM RD",2640.00,E,N,A,-,N,,,,,,,,,,Y,2,0,1,1,A,-,08,22107,,N,E,I,A,A,H,-,A,D,0,,,,,Y,,A,01,1,0,0,0,0,0,0,0,0,"- ","- ",37.447158813476562,-120.53254699707031,MERCED,UNINCORPORATED,-120.53955841064453,37.442329406738281
91474694,2021,2021-05-27,9461,2021-05-05,1848,017029,,3,2,9,2400,0,1,3,,1,153,"SR-152 E/B","ROMERO VISITOR CENTER",4752.00,E,N,A,-,Y,,,152,,,,,,E,Y,2,0,1,2,A,-,08,22107,,N,E,I,A,A,H,-,A,A,0,,,,,Y,,A,07,1,0,0,0,0,0,0,0,0,"- ","- ",37.078620910644531,-121.08802795410156,MERCED,UNINCORPORATED,-121.08800506591797,37.078659057617188
91481854,2021,2021-07-14,9460,2021-05-08,1850,019286,,6,2,9,2400,0,2,4,,1,091,"LINCOLN BOULEVARD","SUNSET DRIVE",0.00,,Y,A,-,N,,,,,,,,,,Y,2,0,2,2,A,-,09,21802,A,N,D,C,A,A,H,-,A,A,0,,,,,Y,,A,01,1,1,0,0,0,0,0,0,0,"- ","- ",37.338779449462891,-120.72376251220703,MERCED,UNINCORPORATED,-120.72377777099609,37.338760375976562
91489917,2021,2021-06-04,9460,2021-05-25,1240,016323,,2,1,3,2401,0,1,3,,2,002,"STATE ROUTE 99 SOUTHBOUND","ATWATER BLVD",1134.00,S,N,A,-,Y,,,99,,,,,,S,Y,2,0,1,3,A,-,03,22350,,N,C,C,A,A,D,-,A,A,0,,,,Y,Y,,G,26,1,0,0,0,0,0,0,0,0,"- ","- ",37.338291168212891,-120.58628845214844,MERCED,ATWATER,-120.58633422851562,37.338230133056641
9150024,2020,2020-10-21,2406,2020-06-26,0945,201,SOUTH,5,5,5,2406,0,0,0,,0,031,"WEST 13TH ST","R ST",0.00,,Y,A,-,Y,MER,10,59,-,L,14.415,I,5,S,N,2,0,1,1,A,-,03,22350,,N,F,A,A,A,H,-,A,A,0,,,Y,,Y,,C,02,1,0,0,0,0,0,0,0,1,"- ","- ",,,MERCED,MERCED,-120.49491119384766,37.300472259521484
91528740,2021,2021-07-26,9460,2021-05-23,2035,019005,,7,2,9,2400,0,2,4,,1,052,"LAKE ROAD","YOSEMITE AVE",54.00,N,N,A,-,N,,,,,,,,,,Y,1,1,4,3,A,-,01,23152,A,N,C,C,A,A,H,-,D,A,0,,,,,Y,Y,A,01,1,1,2,0,0,0,0,0,0,"- ","- ",37.332229614257812,-120.43296051025391,MERCED,UNINCORPORATED,-120.43294525146484,37.332286834716797
91545665,2021,2021-08-16,9460,2021-08-04,0054,021320,,3,3,9,2400,0,3,5,,2,010,"WILLIAMS AVE.","WASHINGTON ROAD",1584.00,E,N,A,-,N,,,,,,,,,,N,2,0,3,1,A,-,08,22107,,N,E,I,A,A,H,-,D,D,0,,,,,Y,,A,01,3,0,0,0,0,0,0,0,0,"- ","- ",37.390079498291016,-120.89115905761719,MERCED,UNINCORPORATED,-120.89949798583984,37.390098571777344
91549111,2021,2021-08-19,9460,2021-08-07,2255,021150,,6,3,3,2404,0,1,3,,2,001,"SR-99 S/B","MAIN ST.",1056.00,S,N,A,-,Y,,,99,,,,,,S,Y,2,0,1,1,A,-,08,22107,,N,F,A,A,A,H,-,C,D,0,,,,,Y,,A,01,1,0,0,0,0,0,0,0,0,"- ","- ",37.386409759521484,-120.7191162109375,MERCED,LIVINGSTON,-120.71907806396484,37.386520385742188
91551468,2021,2021-08-23,9461,2021-07-09,1419,021854,,5,2,9,2400,0,3,5,,2,010,"VOLTA ROAD","RAMOS ROAD",2112.00,N,N,A,-,N,,,,,,,,,,Y,1,1,1,2,A,-,11,21954,A,N,G,B,E,A,H,-,A,D,0,Y,,,Y,Y,,N,60,0,1,0,1,0,0,0,0,0,"- ","- ",37.077091217041016,-120.92606353759766,MERCED,UNINCORPORATED,-120.92597961425781,37.076457977294922
91557391,2021,2021-08-27,9461,2021-08-22,0610,020486,,7,1,9,2400,0,1,1,,2,105,"INTERSTATE 5","HENRY MILLER ROAD",3168.00,S,N,A,-,Y,,,5,,,,,,,Y,2,0,3,2,A,-,08,22107,,N,D,2,A,A,D,-,B,D,0,,,,,Y,,D,22,1,2,0,0,0,0,0,0,0,"- ","- ",37.092269897460938,-121.0045166015625,MERCED,UNINCORPORATED,-121.00448608398438,37.092304229736328
91558123,2021,2021-08-30,9460,2021-08-13,0410,020365,,5,3,9,2400,0,1,3,,1,165,SR-165,"TURNER AVE",1584.00,S,N,A,-,Y,,,165,,,,,,,Y,2,0,2,1,A,-,08,22107,,N,E,I,A,A,H,-,D,D,0,,,,,Y,Y,A,01,2,0,0,0,0,0,0,0,0,"- ","- ",37.367809295654297,-120.85447692871094,MERCED,UNINCORPORATED,-120.85439300537109,37.367782592773438
91567568,2021,2021-09-10,9460,2021-08-29,2012,019838,,7,2,9,2400,0,3,5,,2,030,"WALNUT AVENUE","CYPRESS AVENUE",900.00,E,N,A,-,N,,,,,,,,,,N,2,0,1,2,A,-,11,21954,A,F,G,B,D,A,H,-,D,D,0,Y,,,,Y,,N,60,1,0,0,0,1,0,0,0,0,"- ","- ",37.389400482177734,-120.62090301513672,MERCED,UNINCORPORATED,-120.61946105957031,37.389389038085938
91602571,2021,2021-10-21,9460,2021-07-22,0540,015305,,4,3,5,2406,0,1,3,,2,003,"SR 99 (NORTHBOUND) TO E. 16TH STREET","E. 16TH STREET",823.00,S,N,A,-,Y,,,99,,,,R,,,N,1,1,0,2,A,-,11,21956,A,F,G,B,E,A,H,-,B,D,0,Y,,,,Y,,N,60,0,0,0,1,0,0,0,0,0,"- ","- ",37.296051025390625,-120.47023010253906,MERCED,MERCED,-120.47023010253906,37.296051025390625
91613680,2021,2021-11-02,9460,2021-10-22,0919,015398,,5,1,9,2400,0,1,3,,2,003,"SR-99 N/B","PLAINSBURG RD.",710.00,N,N,B,C,Y,,,,,,,,,,Y,2,0,8,2,A,-,08,22107,,N,D,C,A,B,H,-,A,D,0,,,,,Y,,A,01,2,4,2,0,0,0,0,0,0,"- ","- ",37.190689086914062,-120.33342742919922,MERCED,UNINCORPORATED,-120.33173370361328,37.189418792724609
9162711,2020,2020-11-19,2406,2020-09-28,0332,293,1,1,5,5,2406,0,0,0,,0,011,"R ST","OLIVE AV",6.00,S,N,A,-,N,,,,,,,,,,N,2,0,1,2,A,-,08,22107,A,F,D,G,A,A,H,-,C,A,0,,Y,,,Y,,D,22,1,0,0,0,0,0,1,0,0,"- ","- ",,,MERCED,MERCED,-120.48686981201172,37.319282531738281
91635700,2021,2022-01-21,9460,2021-10-05,0358,020967,,2,3,9,2400,0,2,4,,1,091,"WESTSIDE BOULEVARD","SULTANA DRIVE",317.00,W,N,A,-,N,,,,,,,,,,Y,1,1,1,1,A,-,08,22107,,N,F,A,A,A,H,-,D,D,0,,,,,Y,,A,07,1,0,0,0,0,0,0,0,0,"- ","- ",37.360439300537109,-120.68760681152344,MERCED,UNINCORPORATED,-120.68778991699219,37.3603515625
91657372,2021,2021-12-21,9460,2021-12-05,0030,020099,,7,3,9,2400,0,1,3,,1,165,"SR-165 N/B","WESTSIDE BLVD",938.00,S,N,E,-,Y,,,,,,,,,,Y,2,0,2,1,A,-,01,23152,A,N,A,I,A,B,H,-,D,D,0,,,,,Y,Y,A,01,2,0,0,0,0,0,0,0,0,"- ","- ",37.359340667724609,-120.84921264648438,MERCED,UNINCORPORATED,-120.85013580322266,37.35821533203125
91658660,2021,2021-12-22,9461,2021-12-12,0445,018586,,7,3,9,2400,0,1,3,,2,453,"SR-152 E/B","PALM AVE",2640.00,W,N,A,-,Y,,,,,,,,,,Y,2,0,1,2,A,-,07,21658,A,M,B,C,A,A,H,-,D,D,0,,,,,Y,Y,A,01,1,0,0,0,0,0,0,0,0,"- ","- ",37.048458099365234,-120.92588043212891,MERCED,UNINCORPORATED,-120.62638854980469,37.048515319824219
91679321,2021,2022-01-17,9460,2021-10-04,1648,021407,,1,2,9,2400,0,3,5,,2,030,"LIVINGSTON CRESSEY RD","SULTANA DR",2112.00,W,N,A,-,N,,,,,,,,,,Y,1,1,0,1,A,-,01,23152,A,N,E,I,A,A,H,-,A,D,0,,,,,Y,Y,A,01,0,0,0,0,0,0,0,0,0,"- ","- ",37.418701171875,-120.693603515625,MERCED,UNINCORPORATED,-120.69309997558594,37.418594360351562
91688627,2022,2022-01-28,9461,2022-01-12,0805,019052,,3,1,9,2400,0,1,3,,1,103,"STATE ROUTE 33","MARSHALL ROAD",1056.00,N,N,E,-,Y,MER,,33,,,19.099,H,,R,Y,1,2,0,2,A,-,03,22350,,N,C,C,A,A,H,-,A,D,0,,,Y,,Y,,C,02,0,0,0,0,0,0,0,2,0,"- ","- ",37.139598846435547,-121.0146484375,MERCED,UNINCORPORATED,-121.01462554931641,37.139598846435547
91689722,2021,2022-01-31,9460,2021-09-09,0421,019005,,4,3,9,2400,0,1,3,,1,591,SR-59,"CANTON RD",918.00,N,N,A,-,Y,,,59,,,,,,,Y,1,1,2,3,A,-,01,23152,A,F,A,C,A,A,H,-,D,D,0,,,,,Y,Y,D,22,1,1,0,0,0,0,0,0,0,"- ","- ",37.203128814697266,-120.48809814453125,MERCED,UNINCORPORATED,-120.48812866210938,37.203128814697266
91696960,2022,2022-02-09,9461,2022-02-04,1225,017329,,5,1,9,2400,0,1,1,,2,105,"I-5 N/B","COTTONWOOD ROAD",3168.00,N,N,A,-,Y,MER,,5,,,28.904,H,,R,Y,2,0,1,1,A,-,08,22107,,N,F,8,A,A,H,-,A,D,0,,,,,Y,,A,01,1,0,0,0,0,0,0,0,0,"- ","- ",37.196788787841797,-121.075439453125,MERCED,UNINCORPORATED,-121.07555389404297,37.196746826171875
91717460,2022,2022-03-08,9461,2022-02-27,1900,021378,,7,2,9,2400,0,1,3,,1,103,"SR-33 S/B","COMET RD",300.00,N,N,A,-,N,,,,,,,,,,N,2,0,1,2,A,-,11,21954,A,F,G,B,D,A,H,-,C,D,0,Y,,,,Y,Y,N,60,1,0,0,0,1,0,0,0,0,"- ","- ",37.098819732666016,-121.01593780517578,MERCED,UNINCORPORATED,-121.01589202880859,37.098819732666016
91734058,2022,2022-03-25,9460,2022-02-23,1940,018922,,3,2,9,2400,0,1,3,,2,003,"SR-99 S/B","LE GRAND ROAD",768.00,N,N,A,-,Y,MER,,99,,R,7.009,H,,L,N,1,1,2,3,A,-,08,22107,,N,A,C,A,A,H,-,D,D,0,,,,,Y,,D,22,1,0,1,0,0,0,0,0,0,"- ","- ",37.227020263671875,-120.37738800048828,MERCED,UNINCORPORATED,-120.37742614746094,37.226974487304688
91735083,2022,2022-03-28,9460,2022-03-18,2358,020840,,5,3,9,2400,0,1,3,,2,002,"SR-99 S/B","SULTANA DR",4224.00,N,N,A,-,Y,MER,,99,,,28.268,H,,L,N,2,0,8,2,A,-,01,23152,A,N,A,C,A,A,H,-,D,D,0,,,,,Y,Y,A,01,3,4,1,0,0,0,0,0,0,"- ","- ",37.379501342773438,-120.70149230957031,MERCED,UNINCORPORATED,-120.70140838623047,37.379642486572266
91744385,2022,2022-04-08,9460,2022-04-05,1355,018422,,2,1,9,2400,0,1,3,,1,165,SR-165,"FIRST AVE.",2112.00,N,N,A,-,Y,MER,,165,,,29.354,H,,R,Y,2,0,1,3,A,-,06,21751,,N,B,C,A,A,H,-,A,D,0,,,,Y,Y,,A,01,1,0,0,0,0,0,0,0,0,"- ","- ",37.349128723144531,-120.85056304931641,MERCED,UNINCORPORATED,-120.8505859375,37.349132537841797
91767419,2022,2022-05-09,9461,2022-04-30,1940,018910,,6,2,9,2400,0,1,3,,1,152,"STATE ROUTE 152 EASTBOUND","DINOSAUR POINT ROAD",5808.00,E,N,A,-,Y,MER,,152,,R,0.868,H,,R,N,2,0,3,1,A,-,08,22107,,N,E,I,A,A,H,-,B,D,0,,,,,Y,,A,01,2,0,1,0,0,0,0,0,0,"- ","- ",37.077220916748047,-121.20516967773438,MERCED,UNINCORPORATED,-121.20516204833984,37.077171325683594
91768078,2022,2022-05-09,9460,2022-05-02,1650,019838,,1,2,9,2400,0,3,5,,2,030,"CENTRAL AVENUE","WALNUT AVENUE",0.00,,Y,A,-,N,,,,,,,,,,Y,2,0,2,2,A,-,01,23152,A,N,D,C,A,A,H,-,A,A,0,,,,,Y,Y,A,01,1,1,0,0,0,0,0,0,0,"- ","- ",37.389408111572266,-120.64997100830078,MERCED,UNINCORPORATED,-120.64990234375,37.389347076416016
91768819,2022,2022-05-10,9460,2022-02-06,2016,019918,,7,2,9,2400,0,3,5,,2,090,"ATWATER BOULEVARD","BERT CRANE ROAD",178.00,E,N,A,-,N,,,,,,,,,,Y,1,1,0,1,A,-,01,23152,A,N,E,I,A,A,H,-,D,D,0,,,Y,,Y,,C,02,0,0,0,0,0,0,0,1,0,"- ","- ",37.354019165039062,-120.63163757324219,MERCED,UNINCORPORATED,-120.63152313232422,37.353935241699219
91783604,2022,2022-05-27,9460,2022-05-21,1810,019806,,6,2,5,2406,0,1,3,,2,003,"SR-99 S/B","V ST",2112.00,N,N,A,-,Y,MER,,99,,,16.166,H,,L,N,2,0,2,2,A,-,11,21954,A,N,G,B,D,A,D,-,A,D,0,Y,,,,Y,,N,60,1,1,0,0,1,0,0,0,0,"- ","- ",37.305419921875,-120.50698852539062,MERCED,MERCED,-120.50698852539062,37.305423736572266
91795154,2022,2022-06-14,9461,2022-06-09,0024,021280,,4,3,9,2400,0,1,3,,1,265,SR-165,"PHILLIPS RD.",1056.00,N,N,A,-,N,,,,,,,,,,Y,2,0,1,2,A,-,01,23152,A,N,F,A,A,A,H,-,C,D,0,,,,,Y,Y,A,01,1,0,0,0,0,0,0,0,0,"- ","- ",37.037860870361328,-120.83598327636719,MERCED,UNINCORPORATED,-120.83589935302734,37.037857055664062
9179974,2020,2020-11-24,2406,2020-09-30,1456,162,2,3,5,5,2406,0,0,0,,0,021,"V ST","WEST 16TH ST",45.00,N,N,A,-,N,,,,,,,,,,N,2,0,1,1,A,-,15,26453,,N,E,I,A,A,H,-,A,A,0,,,Y,,Y,,C,02,1,0,0,0,0,0,0,0,1,"- ","- ",,,MERCED,MERCED,-120.49893951416016,37.306041717529297
91810189,2022,2022-07-05,9460,2022-06-26,0910,019106,,7,1,9,2400,0,3,5,,2,030,"WALNUT AVENUE","CRESSEY WAY",30.00,W,N,A,-,N,,,,,,,,,,Y,2,0,1,1,A,-,08,22107,,N,E,I,A,A,H,-,A,D,0,,,,,Y,,A,01,1,0,0,0,0,0,0,0,0,"- ","- ",37.389389038085938,-120.66806030273438,MERCED,UNINCORPORATED,-120.66804504394531,37.389362335205078
91812801,2022,2022-07-08,9460,2022-06-26,2500,020365,,7,4,9,2400,0,3,5,,2,040,"KEYES RD","OLSEN RD",1056.00,W,N,A,-,N,,,,,,,,,,Y,2,0,1,1,A,-,08,22107,,N,F,A,A,A,H,-,B,D,0,,,,,Y,,A,07,1,0,0,0,0,0,0,0,0,"- ","- ",37.552879333496094,-120.54232025146484,MERCED,UNINCORPORATED,-120.54369354248047,37.553726196289062
9181743,2020,2020-12-31,2406,2020-10-02,2138,285,1,5,5,5,2406,0,0,0,,0,010,"OLIVE AV","QUEENS CIR",150.00,E,N,A,-,N,,,,,,,,,,Y,2,0,1,2,A,-,03,22350,,N,C,C,A,A,H,-,C,D,0,,,,,Y,Y,A,01,1,0,0,0,0,0,0,0,0,"- ","- ",,,MERCED,MERCED,-120.4547119140625,37.318489074707031
91825452,2022,2022-07-26,9460,2022-07-14,1955,019838,,4,2,9,2400,0,3,5,,2,010,"WILLIAMS AVENUE","WASHINGTON ROAD",34.00,W,N,A,-,N,,,,,,,,,,N,2,0,3,1,A,-,08,22107,,N,E,I,A,A,H,-,A,D,0,,,,,Y,,A,01,3,0,0,0,0,0,0,0,0,"- ","- ",37.390129089355469,-120.90493774414062,MERCED,UNINCORPORATED,-120.90506744384766,37.390129089355469
91833280,2022,2022-08-04,9460,2022-07-24,0120,020365,,7,3,9,2400,0,1,3,,1,591,SR-59,"SANDY MUSH RD",2640.00,S,N,A,-,Y,MER,,59,,,6.549,H,,R,Y,2,0,1,1,A,-,01,23152,A,N,F,A,A,A,H,-,D,D,0,,,,,Y,Y,A,01,1,0,0,0,0,0,0,0,0,"- ","- ",37.178901672363281,-120.49176025390625,MERCED,UNINCORPORATED,-120.49187469482422,37.178905487060547
91841732,2022,2022-08-16,9460,2022-06-28,0823,015398,,2,1,9,2400,0,3,5,,2,040,"VINCENT ROAD","LINWOOD ROAD",2112.00,S,N,A,-,N,,,,,,,,,,Y,1,1,4,2,A,-,09,21801,A,N,A,C,A,A,H,-,A,D,0,,,,,Y,,A,07,4,0,0,0,0,0,0,0,0,"- ","- ",37.471969604492188,-120.77610015869141,MERCED,UNINCORPORATED,-120.776123046875,37.472000122070312
91847633,2022,2022-08-24,9460,2022-08-12,2304,020156,,5,3,9,2400,0,1,3,,1,591,SR-59,"SANDY MUSH RD",199.00,S,N,A,-,Y,MER,,59,,,7.040,H,,R,Y,2,0,3,2,A,-,03,22350,,N,A,C,A,A,H,-,C,D,0,,,,,Y,,A,01,1,2,0,0,0,0,0,0,0,"- ","- ",37.185390472412109,-120.48822784423828,MERCED,UNINCORPORATED,-120.48823547363281,37.185390472412109
91852003,2022,2022-08-29,9460,2022-08-20,2055,019838,,6,2,9,2400,0,1,3,,1,165,"SR-165 SOUTHBOUND","TURNER AVENUE",1584.00,S,N,A,-,N,,,,,,,,,,Y,2,0,1,1,A,-,08,22107,,N,E,J,A,A,H,-,D,D,0,,,Y,,Y,,C,02,1,0,0,0,0,0,0,0,1,"- ","- ",37.367900848388672,-120.85453033447266,MERCED,UNINCORPORATED,-120.85437774658203,37.367824554443359
91854696,2022,2022-08-31,9461,2022-06-24,1820,017029,,5,2,9,2400,0,3,5,,2,050,"REYNOLDS AVENUE","CARMELLIA AVENUE",1056.00,S,N,B,-,N,,,,,,,,,,N,1,1,3,1,A,-,01,23152,G,N,F,A,A,A,H,-,A,D,0,,,,,Y,Y,A,07,1,2,0,0,0,0,0,0,0,"- ","- ",36.992111206054688,-120.64466094970703,MERCED,UNINCORPORATED,-120.64472961425781,36.993480682373047