CASE_ID,ACCIDENT_YEAR,PROC_DATE,JURIS,COLLISION_DATE,COLLISION_TIME,OFFICER_ID,REPORTING_DISTRICT,DAY_OF_WEEK,CHP_SHIFT,POPULATION,CNTY_CITY_LOC,SPECIAL_COND,BEAT_TYPE,CHP_BEAT_TYPE,CITY_DIVISION_LAPD,CHP_BEAT_CLASS,BEAT_NUMBER,PRIMARY_RD,SECONDARY_RD,DISTANCE,DIRECTION,INTERSECTION,WEATHER_1,WEATHER_2,STATE_HWY_IND,CALTRANS_COUNTY,CALTRANS_DISTRICT,STATE_ROUTE,ROUTE_SUFFIX,POSTMILE_PREFIX,POSTMILE,LOCATION_TYPE,RAMP_INTERSECTION,SIDE_OF_HWY,TOW_AWAY,COLLISION_SEVERITY,NUMBER_KILLED,NUMBER_INJURED,PARTY_COUNT,PRIMARY_COLL_FACTOR,PCF_CODE_OF_VIOL,PCF_VIOL_CATEGORY,PCF_VIOLATION,PCF_VIOL_SUBSECTION,HIT_AND_RUN,TYPE_OF_COLLISION,MVIW,PED_ACTION,ROAD_SURFACE,ROAD_COND_1,ROAD_COND_2,LIGHTING,CONTROL_DEVICE,CHP_ROAD_TYPE,PEDESTRIAN_ACCIDENT,BICYCLE_ACCIDENT,MOTORCYCLE_ACCIDENT,TRUCK_ACCIDENT,NOT_PRIVATE_PROPERTY,ALCOHOL_INVOLVED,STWD_VEHTYPE_AT_FAULT,CHP_VEHTYPE_AT_FAULT,COUNT_SEVERE_INJ,COUNT_VISIBLE_INJ,COUNT_COMPLAINT_PAIN,COUNT_PED_KILLED,COUNT_PED_INJURED,COUNT_BICYCLIST_KILLED,COUNT_BICYCLIST_INJURED,COUNT_MC_KILLED,COUNT_MC_INJURED,PRIMARY_RAMP,SECONDARY_RAMP,LATITUDE,LONGITUDE,COUNTY,CITY,POINT_X,POINT_Y
91862284,2022,2022-09-12,9461,2022-09-05,2500,020486,,1,4,9,2400,0,1,3,,1,152,"STATE HIGHWAY 152","ROMERO VISITOR CENTER",5280.00,W,N,A,-,Y,MER,,152,,R,7.172,H,,R,N,2,0,1,1,A,-,08,22107,,N,F,A,A,A,H,-,D,D,0,,,,,Y,,A,08,1,0,0,0,0,0,0,0,0,"- ","- ",37.088718414306641,-121.11499786376953,MERCED,UNINCORPORATED,-121.11495971679688,37.088760375976562
91906569,2022,2022-11-01,9460,2022-10-24,0242,020857,,1,3,9,2400,0,3,5,,2,020,"BLOSS AVE","GRIFFITH RD",1320.00,E,N,A,-,N,,,,,,,,,,Y,2,0,1,1,A,-,01,23152,A,N,E,I,A,A,H,-,D,D,0,,,,,Y,Y,A,01,1,0,0,0,0,0,0,0,0,"- ","- ",37.404369354248047,-120.80980682373047,MERCED,UNINCORPORATED,-120.80900573730469,37.404327392578125
91919516,2022,2022-11-16,9461,2022-11-04,0743,014933,,5,1,9,2400,0,1,3,,1,452,"SR-152 W/B","BOX CAR RD.",2.00,W,N,A,-,Y,MER,,152,,,26.812,H,,L,Y,2,0,1,1,A,-,08,22107,,N,E,I,A,A,H,-,A,D,0,,,,,Y,,A,01,1,0,0,0,0,0,0,0,0,"- ","- ",37.055339813232422,-120.73519897460938,MERCED,UNINCORPORATED,-120.73520660400391,37.055152893066406
91938414,2022,2022-12-09,9461,2022-12-04,1942,021387,,7,2,9,2400,0,1,3,,1,153,"SR 152 WESTBOUND","BILLY WRIGHT RD",850.00,E,N,A,-,Y,MER,,152,,,15.078,H,,L,Y,2,0,2,2,A,-,09,21801,A,N,D,C,A,A,H,-,D,D,0,,,,,Y,,A,07,1,0,1,0,0,0,0,0,0,"- ","- ",37.056800842285156,-120.94759368896484,MERCED,UNINCORPORATED,-120.94759368896484,37.056804656982422
91939773,2022,2022-12-12,9460,2022-11-30,1510,021407,,3,2,9,2400,0,1,3,,1,591,SR-59,"GERARD AVE",0.00,,Y,A,-,Y,MER,,59,,,13.629,H,,R,Y,2,0,2,2,A,-,09,21802,A,N,D,C,A,A,H,-,A,A,0,,,,,Y,,A,01,1,1,0,0,0,0,0,0,0,"- ","- ",37.280979156494141,-120.48764801025391,MERCED,UNINCORPORATED,-120.48764801025391,37.280979156494141
91945772,2022,2022-12-19,9461,2022-12-10,0331,021854,,6,3,9,2400,0,1,3,,1,153,"SR-152 W/B","VOLTA RD.",2112.00,W,N,A,-,Y,MER,,152,,,15.781,H,,L,Y,2,0,1,1,A,-,01,23152,A,N,F,A,A,A,H,-,D,D,0,,,,,Y,Y,D,22,1,0,0,0,0,0,0,0,0,"- ","- ",37.056629180908203,-120.93489074707031,MERCED,UNINCORPORATED,-120.93489074707031,37.056648254394531
91951370,2022,2022-12-23,9460,2022-12-10,0652,019005,,6,1,9,2400,0,1,3,,2,002,"SR-99 S/B","BUHACH RD.",3696.00,N,N,C,-,Y,MER,,99,,,21.161,H,,L,Y,2,0,1,2,A,-,01,23152,A,N,E,8,A,B,D,-,A,A,0,,,,Y,Y,Y,G,25,1,0,0,0,0,0,0,0,0,"- ","- ",37.338150024414062,-120.58616638183594,MERCED,UNINCORPORATED,-120.586181640625,37.338138580322266
91955804,2022,2022-12-29,9460,2022-12-27,1900,021468,,2,2,9,2400,0,1,3,,2,003,"SR-99 S/B","LE GRAND RD",5280.00,N,N,C,-,Y,MER,,99,,R,7.804,H,,L,Y,2,0,5,4,A,-,03,22350,,N,G,E,F,B,H,-,D,D,0,Y,,,,Y,,A,01,1,4,0,0,2,0,0,0,0,"- ","- ",37.2335205078125,-120.38928985595703,MERCED,UNINCORPORATED,-120.38945770263672,37.233375549316406
91955810,2022,2022-12-29,9461,2022-12-21,1058,021280,,3,1,9,2400,0,1,3,,1,153,"SR-152 E/B","BILLY WRIGHT RD.",0.00,,Y,B,-,Y,MER,,152,,,14.708,H,,R,Y,2,0,1,2,A,-,09,21801,A,N,D,C,A,A,H,-,A,A,0,,,,,Y,,B,08,1,0,0,0,0,0,0,0,0,"- ","- ",37.056598663330078,-120.95416259765625,MERCED,UNINCORPORATED,-120.95416259765625,37.05657958984375
91970046,2022,2023-01-17,9461,2022-11-12,0655,017329,,6,1,9,2400,0,1,3,,1,452,"SR-152 WESTBOUND","DELTA ROAD",0.00,,Y,E,-,Y,MER,,152,,,25.318,H,,L,Y,1,1,0,2,A,-,03,22350,,N,D,C,A,A,H,-,B,A,0,,,,Y,Y,,A,01,0,0,0,0,0,0,0,0,0,"- ","- ",37.055610656738281,-120.76222991943359,MERCED,UNINCORPORATED,-120.76222991943359,37.055633544921875
91972802,2023,2023-01-20,9460,2023-01-12,1720,019286,,4,2,9,2400,0,3,5,,2,020,"EL CAPITAN WAY","BALLICO AVENUE",0.00,,Y,A,-,N,,,,,,,,,,Y,2,0,3,2,A,-,09,21802,A,N,D,C,A,A,H,-,C,A,0,,,,,Y,,D,22,2,1,0,0,0,0,0,0,0,"- ","- ",37.433769226074219,-120.70147705078125,MERCED,UNINCORPORATED,-120.70146942138672,37.433773040771484
91998910,2023,2023-02-21,9460,2023-02-13,"836 ",015398,,1,1,9,2400,0,3,5,,2,020,"SANTA FE DR.","BALLICO AVE.",200.00,W,N,A,-,N,,,,,,,,,,Y,2,0,1,3,A,-,03,22350,,N,C,C,A,A,H,-,A,D,0,,,,,Y,,A,01,1,0,0,0,0,0,0,0,0,"- ","- ",37.451339721679688,-120.70188140869141,MERCED,UNINCORPORATED,-120.70128631591797,37.451240539550781
92010921,2023,2023-03-06,9460,2023-03-01,1134,015305,,3,1,9,2400,0,3,5,,2,040,"OAKDALE ROAD","OAKDALE CT.",0.00,,Y,A,-,N,,,,,,,,,,Y,2,0,1,2,A,-,05,21752,D,N,B,C,A,A,H,-,A,D,0,,,,,Y,,A,01,1,0,0,0,0,0,0,0,0,"- ","- ",37.455879211425781,-120.60951995849609,MERCED,UNINCORPORATED,-120.65744781494141,37.491622924804688
9203315,2020,2021-01-14,2406,2020-10-22,2355,156,SOUTH,4,5,5,2406,0,0,0,,0,031,"RT 140","X ST",370.00,E,N,A,-,Y,MER,10,140,-,-,35.620,H,-,W,N,2,0,1,2,A,-,03,22350,,F,A,G,A,A,H,-,C,D,0,,Y,,,Y,,L,04,1,0,0,0,0,0,1,0,0,"- ","- ",,,MERCED,MERCED,-120.5032958984375,37.30279541015625
92036739,2023,2023-04-04,9460,2023-03-31,1640,018922,,5,2,9,2400,0,3,5,,2,040,"SHAFFER ROAD","EUCALYPTUS AVENUE",0.00,,Y,A,-,N,,,,,,,,,,Y,2,0,1,5,A,-,09,21802,A,N,D,C,A,A,H,-,A,A,0,,,,Y,Y,,A,01,1,0,0,0,0,0,0,0,0,"- ","- ",37.403968811035156,-120.59500885009766,MERCED,UNINCORPORATED,-120.594970703125,37.403964996337891
92048740,2023,2023-04-19,9460,2023-04-17,1330,018922,,1,1,9,2400,0,1,3,,1,590,SR-59,"YOUD ROAD",3696.00,S,N,A,-,Y,MER,,59," "," ",25.911,H,,R,N,2,0,1,1,A,-,08,22107,,N,F,A,A,A,H,-,A,D,0,,,Y,,Y,,C,02,1,0,0,0,0,0,0,0,1,"- ","- ",37.453838348388672,-120.49717712402344,MERCED,UNINCORPORATED,-120.49728393554688,37.453868865966797
92048818,2023,2023-04-19,9460,2023-04-17,1331,018922,,1,1,9,2400,0,1,3,,1,590,SR-59,"YOUD ROAD",3696.00,S,N,A,-,Y,MER,,59," "," ",25.900,H,,R,N,2,0,1,1,A,-,08,22107,,N,F,0,A,A,H,-,A,D,0,,,Y,,Y,,C,02,1,0,0,0,0,0,0,0,1,"- ","- ",37.453678131103516,-120.49726104736328,MERCED,UNINCORPORATED,-120.49736022949219,37.453708648681641
9207454,2020,2021-02-09,2406,2020-12-14,1953,294,2,1,5,5,2406,0,0,0,,0,020,"G ST","EAST 21ST ST",0.00,,Y,A,-,N,,,,,,,,,,Y,2,0,2,2,A,-,09,21801,A,N,A,C,A,A,H,-,C,A,0,,,Y,,Y,,A,07,2,0,0,0,0,0,0,0,2,"- ","- ",,,MERCED,MERCED,-120.47355651855469,37.302700042724609
92135549,2023,2023-08-03,9460,2023-06-24,"850 ",018422,,6,1,9,2400,0,1,3,,1,165,"SR-165 (LANDER AVENUE)","TURNER AVENUE",1584.00,S,N,B,-,Y,MER,,165," "," ",30.771,H,,R,Y,1,1,0,1,A,-,08,22107,,N,F,0,A,A,H,-,A,D,0,,,Y,,Y,,C,02,0,0,0,0,0,0,0,1,0,"- ","- ",37.367748260498047,-120.85443878173828,MERCED,UNINCORPORATED,-120.85440063476562,37.367744445800781
92156086,2023,2023-08-28,9460,2023-07-27,"801 ",018922,,4,1,9,2400,0,3,5,,2,090,"APPLEGATE ROAD","ATWATER JORDAN ROAD",1056.00,S,N,A,-,N,,,,,,,,,,Y,1,1,0,2,A,-,08,22107,,N,A,C,A,A,H,-,A,D,0,,,Y,,Y,,C,02,0,0,0,0,0,0,0,1,0,"- ","- ",37.328498840332031,-120.61453247070312,MERCED,UNINCORPORATED,-120.614501953125,37.328258514404297
92163307,2023,2023-09-06,9460,2023-09-02,"325 ",021474,,6,3,9,2400,0,1,3,,2,001,"SR-99 N/B","SHANKS RD",370.00,S,N,A,-,Y,MER,,99," ",R,34.351,H,,R,Y,2,0,1,2,A,-,08,22107,,F,C,C,A,A,H,-,D,D,0,,,,,Y,Y,-,99,1,0,0,0,0,0,0,0,0,"- ","- ",37.436351776123047,-120.78212738037109,MERCED,UNINCORPORATED,-120.78217315673828,37.436313629150391
92195323,2023,2023-10-10,9460,2023-08-23,2220,021150,,3,3,9,2400,0,1,3,,1,165,SR-165,"OSLO ROAD",186.00,S,N,A,-,Y,MER,,165," "," ",34.933,H,,R,Y,1,1,0,2,A,-,06,21751,,N,A,C,A,A,H,-,D,D,0,,,Y,,Y,,A,07,0,0,0,0,0,0,0,1,0,"- ","- ",37.426998138427734,-120.84980010986328,MERCED,UNINCORPORATED,-120.84982299804688,37.427001953125
92202473,2023,2023-10-18,9460,2023-09-09,"407 ",020857,,6,3,9,2400,0,1,3,,2,003,"SR-99 N/B","LE GRAND ROAD",5280.00,N,N,B,-,Y,MER,,99," ",R,8.145,H,,L,Y,1,1,0,1,A,-,01,23152,A,N,F,A,A,A,H,-,D,D,0,,,,,Y,Y,A,01,0,0,0,0,0,0,0,0,0,"- ","- ",37.236770629882812,-120.39398956298828,MERCED,UNINCORPORATED,-120.39386749267578,37.236865997314453
92206014,2023,2023-10-23,9461,2023-10-14,"200 ",021785,,6,3,9,2400,0,1,3,,1,153,"SR-152 W/B","VOLTA ROAD",1320.00,W,N,A,-,Y,MER,,152," "," ",15.965,H,,L,Y,2,0,1,2,A,-,02,22400,A,N,C,C,A,A,H,-,D,D,0,,,,,Y,,A,01,1,0,0,0,0,0,0,0,0,"- ","- ",37.056659698486328,-120.93150329589844,MERCED,UNINCORPORATED,-120.93150329589844,37.056652069091797
92207654,2023,2023-10-24,9460,2023-07-23,2240,021150,,7,3,9,2400,0,1,3,,1,590,SR-59,"OAKDALE RD.",6864.00,N,N,A,-,Y,MER,,59," "," ",24.458,H,,R,N,2,0,1,2,A,-,11,21954,A,F,E,B,E,A,H,-,D,D,0,Y,,,,Y,,N,60,1,0,0,0,1,0,0,0,0,"- ","- ",37.435268402099609,-120.50640869140625,MERCED,UNINCORPORATED,-120.50648498535156,37.435276031494141
92229060,2023,2023-11-06,9460,2023-10-11,2228,021537,,3,3,9,2400,0,1,3,,1,165,"SR-165 S/B",SR-140,1056.00,N,N,A,-,Y,MER,,165," "," ",27.163,H,,L,N,1,1,0,2,A,-,11,21954,A,N,G,B,E,A,H,-,D,D,0,Y,,,,Y,,N,60,0,0,0,1,0,0,0,0,0,"- ","- ",37.317470550537109,-120.85121154785156,MERCED,UNINCORPORATED,-120.85121154785156,37.317470550537109
92234509,2023,2023-11-13,9461,2023-11-07,"350 ",022000,,2,3,9,2400,0,1,1,,2,105,"I-5 SOUTHBOUND",SR-152,13200.00,N,N,A,-,Y,MER,,5," "," ",20.103,H,,L,Y,2,0,1,2,A,-,03,22350,,N,C,C,A,A,H,-,D,D,0,,,,Y,Y,,A,01,1,0,0,0,0,0,0,0,0,"- ","- ",37.085529327392578,-120.998046875,MERCED,UNINCORPORATED,-120.99800872802734,37.085552215576172
92243069,2023,2023-11-22,9461,2023-11-18,1215,018910,,6,1,9,2400,0,1,1,,2,105,"INTSERSTATE 5 SOUTHBOUND","STATE ROUTE 152",0.00,,Y,B,-,Y,MER,,5," "," ",17.572,H,,L,Y,2,0,1,3,A,-,04,21703,,N,C,C,A,B,H,-,A,D,0,,,,,Y,,A,01,1,0,0,0,0,0,0,0,0,"- ","- ",37.056648254394531,-120.96997833251953,MERCED,UNINCORPORATED,-120.96999359130859,37.056640625
92261098,2023,2023-12-13,9461,2023-12-05,1110,021280,,2,1,9,2400,0,1,3,,1,152,"SR-152 E/B","ROMERO VISITOR CENTER ENTRANCE",1056.00,W,N,A,-,Y,MER,,152," ",R,6.486,H,,R,Y,2,0,1,1,A,-,08,22107,,N,E,I,A,A,H,-,A,D,0,,,,,Y,,A,01,1,0,0,0,0,0,0,0,0,"- ","- ",37.097160339355469,-121.121337890625,MERCED,UNINCORPORATED,-121.12123107910156,37.097187042236328
92268072,2023,2023-12-21,9460,2023-10-11,2235,020365,,3,3,9,2400,0,1,3,,2,001,"SR-99 S/B","WINTON PARKWAY",4224.00,S,N,A,-,Y,MER,,99," ",R,29.744,H,,L,Y,2,0,2,3,A,-,01,23152,A,N,F,A,A,A,H,-,D,D,0,,,,,Y,Y,A,01,1,0,1,0,0,0,0,0,0,"- ","- ",37.388599395751953,-120.72537994384766,MERCED,UNINCORPORATED,-120.72537231445312,37.388637542724609
92309552,2024,2024-02-08,9460,2024-02-07,1442,016476,,3,2,9,2400,0,1,3,,2,001,"SR-99 S/B","SHANKS ROAD",528.00,N,N,B,C,Y,MER,,99," ",R,34.491,H,,L,Y,2,0,1,1,A,-,01,23152,A,N,E,J,A,B,H,-,A,D,0,,,,,Y,Y,A,01,1,0,0,0,0,0,0,0,0,"- ","- ",37.437530517578125,-120.78440856933594,MERCED,UNINCORPORATED,-120.78432464599609,37.437595367431641
92337305,2024,2024-03-13,9460,2024-03-09,"858 ",018778,,6,1,9,2400,0,1,3,,1,165,SR-165,"WESTSIDE BLVD",126.00,N,N,A,-,Y,MER,,165," ",R,30.186,H,,R,N,2,0,2,1,A,-,08,22107,,N,F,A,A,A,H,-,A,D,0,,,Y,,Y,,C,02,1,0,1,0,0,0,0,0,2,"- ","- ",37.360691070556641,-120.8486328125,MERCED,UNINCORPORATED,-120.84838104248047,37.36077880859375
92354867,2024,2024-04-03,9461,2024-03-24,"203 ",022033,,7,3,9,2400,0,2,4,,1,115,"HENRY MILLER AVENUE","JOHNSON ROAD",540.00,W,N,B,-,N,,,,,,,,,,Y,2,0,1,3,A,-,03,22350,,F,C,C,E,A,H,-,D,D,0,Y,,,,Y,,A,08,1,0,0,0,1,0,0,0,0,"- ","- ",37.099998474121094,-120.86689758300781,MERCED,UNINCORPORATED,-120.86687469482422,37.099998474121094
92368209,2024,2024-04-18,9461,2024-04-15,1654,019052,,1,2,9,2400,0,1,3,,1,465,SR-165,"BLUE GOOSE",1584.00,N,N,A,-,Y,MER,,165," "," ",20.188,H,,R,Y,2,0,1,1,A,-,08,22107,,N,F,A,A,A,H,-,A,B,0,,,,,Y,,A,01,1,0,0,0,0,0,0,0,0,"- ","- ",37.216419219970703,-120.85185241699219,MERCED,UNINCORPORATED,-120.85184478759766,37.216423034667969
9240082,2021,2021-04-28,2406,2021-03-25,1320,256,2,4,5,5,2406,0,0,0,,0,020,"RT 140","KELLY AV",3.00,W,N,A,-,Y,MER,10,140,-,-,36.878,I,5,E,Y,2,0,1,2,A,-,08,22100,A,F,D,C,A,A,H,-,A,A,0,,,Y,,Y,,A,07,1,0,0,0,0,0,0,0,1,"- ","- ",,,MERCED,MERCED,-120.44841003417969,37.295150756835938
92404356,2024,2024-06-28,9460,2024-05-25,2050,022221,,6,2,9,2400,0,3,5,,2,040,"BUHACH ROAD","FISHER ROAD",0.00,,Y,A,-,N,,,,,,,,,,Y,2,0,6,2,A,-,12,22450,A,N,D,C,A,A,H,-,D,A,0,,,,,Y,Y,D,22,2,4,0,0,0,0,0,0,0,"- ","- ",37.432868957519531,-120.57595825195312,MERCED,UNINCORPORATED,-120.57595062255859,37.432861328125
92405440,2024,2024-06-04,9461,2024-05-28,2053,019052,,2,2,9,2400,0,1,3,,1,465,SR-165,"SALT SLOUGH",5808.00,S,N,A,-,Y,MER,,165," "," ",21.218,H,,R,Y,2,0,3,3,A,-,01,23152,A,N,A,C,A,A,H,-,D,D,0,,,,,Y,Y,A,01,1,1,1,0,0,0,0,0,0,"- ","- ",37.231258392333984,-120.85205078125,MERCED,UNINCORPORATED,-120.85204315185547,37.231258392333984
92420476,2024,2024-06-21,9461,2024-06-14,1304,021536,,5,1,9,2400,0,1,1,,2,105,"I-5 N/B",SR-33,720.00,N,N,A,-,Y,MER,,5," "," ",21.984,H,,R,Y,2,0,8,5,A,-,03,22350,,N,C,C,A,A,H,-,A,D,0,,,,,Y,,A,07,2,3,3,0,0,0,0,0,0,"- ","- ",37.108261108398438,-121.01719665527344,MERCED,UNINCORPORATED,-121.01717376708984,37.1082763671875
92440469,2024,2024-07-16,9460,2024-07-05,"215 ",020099,,5,3,9,2400,0,1,3,,1,142,SR-140,"TINA AVE.",200.00,W,N,A,-,Y,MER,,140," "," ",34.168,H,,R,Y,2,0,2,1,A,-,01,23152,A,N,F,A,A,A,H,-,D,D,0,,,,,Y,Y,-,"- ",2,0,0,0,0,0,0,0,0,"- ","- ",37.302558898925781,-120.52980041503906,MERCED,UNINCORPORATED,-120.52980041503906,37.302738189697266
92441309,2024,2024-07-17,9461,2024-07-07,1708,021837,,7,2,9,2400,0,1,3,,1,103,"COTTONWOOD RD",SR-33,20.00,E,N,A,-,N,,,,,,,,,,Y,2,0,2,2,A,-,09,21801,A,N,D,C,A,A,H,-,A,A,0,,,,,Y,,A,07,1,0,1,0,0,0,0,0,0,"- ","- ",37.187690734863281,-121.01258087158203,MERCED,UNINCORPORATED,-121.01263427734375,37.187698364257812
9247292,2021,2023-06-17,2406,2021-01-18,1933,295,2,1,5,5,2406,0,0,0,,0,020,"G ST","W MAIN",89.00,S,N,A,-,N,,,,,,,,,,N,1,1,0,2,A,-,05,21202,A,F,C,G,A,A,H,-,C,D,0,,Y,,,Y,,L,04,0,0,0,0,0,1,0,0,0,"- ","- ",,,MERCED,MERCED,-120.4759521484375,37.298454284667969
9250052,2021,2021-04-28,2401,2021-03-20,0646,728,2,6,5,3,2401,0,0,0,,0,002,"BUHACH RD","NOBELA DR",251.00,S,N,A,-,N,,,,,,,,,,Y,2,0,1,1,A,-,03,22350,,N,F,I,A,A,H,-,D,D,0,,,,,Y,Y,A,01,1,0,0,0,0,0,0,0,0,"- ","- ",37.357200622558594,-120.57650756835938,MERCED,ATWATER,-120.57653045654297,37.356491088867188
9259635,2021,2021-06-02,2401,2021-04-24,0700,718,4,6,5,3,2401,0,0,0,,0,004,"ATWATER BL","3RD ST",0.00,,Y,A,-,N,,,,,,,,,,N,2,0,1,1,A,-,05,21650,A,N,E,J,A,A,H,-,A,D,0,,,,,Y,,D,22,1,0,0,0,0,0,0,0,0,"- ","- ",37.345668792724609,-120.60832214355469,MERCED,ATWATER,-120.60935974121094,37.346031188964844
9283928,2021,2021-06-29,2406,2021-06-04,1320,302,1,5,5,5,2406,0,0,0,,0,011,"RT 59",COOPER,110.00,S,N,A,-,Y,MER,10,59,-,-,15.890,H,-,N,Y,2,0,1,2,A,-,01,23152,A,N,A,C,A,A,H,-,A,D,0,,,,,Y,Y,A,01,1,0,0,0,0,0,0,0,0,"- ","- ",,,MERCED,MERCED,-120.50502777099609,37.316082000732422
9300234,2021,2021-10-13,2405,2021-01-28,1333,PD55,3,4,5,3,2405,0,0,0,,0,0B3,"ORTIGALITA RD","CARDOZA RD",0.00,,Y,B,C,N,,,,,,,,,,Y,2,0,4,2,A,-,12,22450,A,N,D,C,A,B,H,-,A,A,0,,,,,Y,,D,22,1,1,2,0,0,0,0,0,0,"- ","- ",37.049339294433594,-120.87201690673828,MERCED,"LOS BANOS",-120.87201690673828,37.049346923828125
9320131,2021,2021-12-07,2406,2021-10-02,1401,252,2,6,5,5,2406,0,0,0,,0,031,"U ST","11TH ST",0.00,,Y,A,-,N,,,,,,,,,,Y,1,1,1,2,A,-,12,22450,A,N,D,C,A,A,H,-,A,A,0,,,Y,,Y,,C,02,0,1,0,0,0,0,0,1,0,"- ","- ",,,MERCED,MERCED,-120.50051879882812,37.300102233886719
9320763,2022,2022-06-10,2406,2022-02-11,2229,129,CENTR,5,5,5,2406,0,0,0,,0,020,"EAST 21ST ST","G ST",10.00,E,N,A,-,N,,,,,,,,,,N,1,1,0,2,A,-,10,21950,A,N,G,B,B,A,H,-,C,A,0,Y,,,,Y,,D,22,0,0,0,1,0,0,0,0,0,"- ","- ",,,MERCED,MERCED,-120.47352600097656,37.302688598632812
9321174,2022,2023-03-17,2406,2022-03-29,2209,201,CENTR,2,5,5,2406,0,0,0,,0,020,"MLK JR WY (RT-59)","W. 14TH ST",155.00,N,N,A,-,N,,,,,,,,,,N,1,1,0,2,A,-,11,21956,A,F,G,B,E,A,H,-,C,D,0,Y,,,,Y,,N,60,0,0,0,1,0,0,0,0,0,"- ","- ",,,MERCED,MERCED,-120.48197937011719,37.29736328125
9322328,2021,2021-09-20,2401,2021-07-15,2230,726,1,4,5,3,2401,0,0,0,,0,001,"WINTON WY","CARTER WY",149.00,S,N,A,-,N,,,,,,,,,,N,2,0,1,2,A,-,05,21202,A,N,G,G,A,A,H,-,D,D,0,,Y,,,Y,,L,04,1,0,0,0,0,0,1,0,0,"- ","- ",37.355709075927734,-120.61379241943359,MERCED,ATWATER,-120.61383056640625,37.357711791992188
9325804,2021,2021-10-25,2406,2021-08-15,2335,222,2,7,5,5,2406,0,0,0,,0,020,"RT 140","EASY ST",18.00,W,N,A,-,Y,MER,10,140,-,-,38.600,H,-,E,Y,2,0,3,5,A,-,03,22350,,N,C,C,A,A,D,-,C,D,0,,,,,Y,,D,22,1,0,2,0,0,0,0,0,0,"- ","- ",,,MERCED,MERCED,-120.41720581054688,37.295135498046875
9338098,2021,2021-10-04,2406,2021-08-11,2116,275,2,3,5,5,2406,0,0,0,,0,020,"E S BEAR CRK","6TH AV",330.00,E,N,A,-,N,,,,,,,,,,N,2,0,1,2,A,-,11,21956,,F,A,B,D,A,H,-,D,D,0,Y,,,,Y,,N,60,1,0,0,0,1,0,0,0,0,"- ","- ",,,MERCED,MERCED,-120.46399688720703,37.308135986328125
9386354,2021,2022-01-18,2406,2021-12-04,0247,153,2,6,5,5,2406,0,0,0,,0,020,"PARSONS AV","EAST CHILDS AV",24.00,N,N,E,-,N,,,,,,,,,,Y,2,0,3,2,A,-,01,23152,A,N,D,C,A,A,H,-,C,A,0,,,,,Y,Y,A,01,2,1,0,0,0,0,0,0,0,"- ","- ",,,MERCED,MERCED,-120.45159912109375,37.287860870361328
94080864,2024,2024-08-12,9461,2024-07-04,1634,021837,,4,2,9,2400,0,3,5,,2,010,"CANAL SCHOOL ROAD","WEST SANCHES ROAD",528.00,S,N,A,-,N,,,,,,,,,,Y,1,1,4,2,A,-,05,21460,,N,A,C,A,A,H,-,A,D,0,,,,,Y,,A,01,3,0,1,0,0,0,0,0,0,"- ","- ",37.294090270996094,-121.00827789306641,MERCED,UNINCORPORATED,-121.00832366943359,37.295070648193359
9415493,2022,2022-03-10,2406,2022-02-12,1652,183,1,6,5,5,2406,0,0,0,,0,011,"ESPLANADE DR","SAN MORITZ AV",10.00,E,N,A,-,N,,,,,,,,,,N,2,0,1,2,A,-,11,21950,B,N,G,B,D,A,H,-,A,D,0,Y,,,,Y,,A,01,1,0,0,0,1,0,0,0,0,"- ","- ",,,MERCED,MERCED,-120.50176239013672,37.331371307373047
9420558,2022,2022-04-27,2406,2022-03-13,1735,279,NORTH,7,5,5,2406,0,0,0,,0,110,"COLLINS DR","WEST OLIVE AV",4.00,S,N,A,-,N,,,,,,,,,,Y,2,0,1,2,A,-,06,21755,A,N,D,C,A,A,H,-,A,D,0,,,Y,,Y,Y,C,02,1,0,0,0,0,0,0,0,1,"- ","- ",,,MERCED,MERCED,-120.47669982910156,37.319381713867188
94448133,2024,2024-10-28,9461,2024-09-04,1357,019052,,3,1,9,2400,0,1,1,,2,205,"INTERSTATE 5","CANYON ROAD",5280.00,S,N,A,-,Y,MER,,5," "," ",10.926,H,,R,Y,1,1,0,2,A,-,03,22350,,N,C,C,A,A,H,-,A,D,0,,,,Y,Y,,A,01,0,0,0,0,0,0,0,0,0,"- ","- ",36.979850769042969,-120.89723968505859,MERCED,UNINCORPORATED,-120.89722442626953,36.9798583984375
94452180,2024,2024-11-08,9461,2024-10-25,"540 ",021280,,5,3,9,2400,0,3,5,,2,010,"NETHERTON ROAD","WHITWORTH ROAD",2376.00,W,N,A,-,N,,,,,,,,,,Y,1,1,0,1,A,-,08,22107,,N,F,A,A,A,H,-,D,D,0,,,,,Y,,D,22,0,0,0,0,0,0,0,0,0,"- ","- ",37.282009124755859,-121.03952789306641,MERCED,UNINCORPORATED,-121.03921508789062,37.282009124755859