CASE_ID,ACCIDENT_YEAR,PROC_DATE,JURIS,COLLISION_DATE,COLLISION_TIME,OFFICER_ID,REPORTING_DISTRICT,DAY_OF_WEEK,CHP_SHIFT,POPULATION,CNTY_CITY_LOC,SPECIAL_COND,BEAT_TYPE,CHP_BEAT_TYPE,CITY_DIVISION_LAPD,CHP_BEAT_CLASS,BEAT_NUMBER,PRIMARY_RD,SECONDARY_RD,DISTANCE,DIRECTION,INTERSECTION,WEATHER_1,WEATHER_2,STATE_HWY_IND,CALTRANS_COUNTY,CALTRANS_DISTRICT,STATE_ROUTE,ROUTE_SUFFIX,POSTMILE_PREFIX,POSTMILE,LOCATION_TYPE,RAMP_INTERSECTION,SIDE_OF_HWY,TOW_AWAY,COLLISION_SEVERITY,NUMBER_KILLED,NUMBER_INJURED,PARTY_COUNT,PRIMARY_COLL_FACTOR,PCF_CODE_OF_VIOL,PCF_VIOL_CATEGORY,PCF_VIOLATION,PCF_VIOL_SUBSECTION,HIT_AND_RUN,TYPE_OF_COLLISION,MVIW,PED_ACTION,ROAD_SURFACE,ROAD_COND_1,ROAD_COND_2,LIGHTING,CONTROL_DEVICE,CHP_ROAD_TYPE,PEDESTRIAN_ACCIDENT,BICYCLE_ACCIDENT,MOTORCYCLE_ACCIDENT,TRUCK_ACCIDENT,NOT_PRIVATE_PROPERTY,ALCOHOL_INVOLVED,STWD_VEHTYPE_AT_FAULT,CHP_VEHTYPE_AT_FAULT,COUNT_SEVERE_INJ,COUNT_VISIBLE_INJ,COUNT_COMPLAINT_PAIN,COUNT_PED_KILLED,COUNT_PED_INJURED,COUNT_BICYCLIST_KILLED,COUNT_BICYCLIST_INJURED,COUNT_MC_KILLED,COUNT_MC_INJURED,PRIMARY_RAMP,SECONDARY_RAMP,LATITUDE,LONGITUDE,COUNTY,CITY,POINT_X,POINT_Y
94458123,2024,2024-11-05,9460,2024-10-24,2315,022590,,4,3,9,2400,0,1,3,,2,002,"SR-99 SB","WESTSIDE BOULEVARD",100.00,S,N,A,-,Y,MER,,99," "," ",24.936,H,,L,Y,2,0,2,2,A,-,03,22350,,N,D,C,A,A,H,-,C,D,0,,,,,Y,,A,01,1,0,1,0,0,0,0,0,0,"- ","- ",37.360809326171875,-120.64679718017578,MERCED,UNINCORPORATED,-120.64679718017578,37.360809326171875
94488514,2024,2024-12-02,9461,2024-11-20,1710,022904,,3,2,9,2400,0,1,3,,1,103,"SR-33 S/B","DELTA-MENDOTA CANAL",230.00,S,N,A,-,Y,MER,,33," ",R,14.360,H,,L,Y,2,0,2,3,A,-,01,23152,A,N,B,2,A,A,H,-,C,D,0,,,,,Y,Y,A,01,1,0,1,0,0,0,0,0,0,"- ","- ",37.073028564453125,-121.01618957519531,MERCED,UNINCORPORATED,-121.01622009277344,37.073028564453125
94515226,2024,2024-12-24,9461,2024-11-10,1650,021785,,7,2,9,2400,0,1,1,,2,105,"INTERSTATE (I) 5 SOUTHBOUND","STATE ROUTE (SR) 33",142.00,S,N,A,-,Y,MER,,5," "," ",21.805,H,,L,Y,1,1,0,2,A,-,11,21954,A,N,G,B,E,A,H,-,A,D,0,Y,,,,Y,,-,"- ",0,0,0,1,0,0,0,0,0,"- ","- ",37.105640411376953,-121.01545715332031,MERCED,UNINCORPORATED,-121.01547241210938,37.105632781982422
94523053,2024,2025-01-02,9460,2024-12-23,1838,021704,,1,2,9,2400,0,3,5,,2,030,"WALNUT AVE","SULTANA DR",0.00,,Y,A,-,N,,,,,,,,,,Y,2,0,1,2,A,-,01,23152,A,N,D,C,A,A,H,-,D,A,0,,,,Y,Y,Y,A,01,1,0,0,0,0,0,0,0,0,"- ","- ",37.389530181884766,-120.68634033203125,MERCED,UNINCORPORATED,-120.68630981445312,37.389518737792969
94549994,2025,2025-01-27,9461,2025-01-18,"745 ",018910,,6,1,9,2400,0,1,3,,1,152,"SR-152 WESTBOUND","BASALT RD",4224.00,E,N,A,-,Y,MER,,152," ",R,11.806,H,,L,Y,2,0,1,1,A,-,08,22107,,N,F,A,A,A,H,-,A,A,0,,,Y,,Y,,C,02,1,0,0,0,0,0,0,0,1,"- ","- ",37.057109832763672,-121.04238891601562,MERCED,UNINCORPORATED,-121.04237365722656,37.057212829589844
94576738,2025,2025-02-12,9460,2025-02-10,1302,022406,,1,1,9,2400,0,3,5,,2,030,"GURR RD","AVE 1",0.00,,Y,A,-,N,,,,,,,,,,N,2,0,1,2,A,-,12,22450,A,F,D,2,A,A,H,-,A,D,0,,,Y,,Y,,A,01,1,0,0,0,0,0,0,0,1,"- ","- ",37.342430114746094,-120.55873107910156,MERCED,UNINCORPORATED,-120.55873870849609,37.342414855957031
94590940,2025,2025-02-26,9460,2025-02-03,2010,021150,,1,2,9,2400,0,1,3,,2,003,"SR-99 N/B FROM SR-140",SR-140,10.00,N,N,B,-,Y,MER,,140," "," ",35.823,H,,R,N,1,1,0,2,A,-,00,21960,A,N,G,B,C,A,H,-,C,D,0,Y,,,,Y,,N,60,0,0,0,1,0,0,0,0,0,"- ","- ",37.295318603515625,-120.46746063232422,MERCED,UNINCORPORATED,-120.46742248535156,37.295200347900391
94709200,2025,2025-06-02,9460,2025-02-16,"1   ",022049,,7,3,5,2406,0,1,3,,2,003,"SR-99 N/B","MISSION AVENUE",0.00,,Y,A,-,Y,MER,,99," ",R,11.704,H,,R,N,1,1,1,1,A,-,01,23152,F,N,E,I,A,A,H,-,D,D,0,,,Y,,Y,,C,02,1,0,0,0,0,0,0,1,1,"- ","- ",37.274738311767578,-120.43726348876953,MERCED,MERCED,-120.43721008300781,37.274784088134766
94727165,2025,2025-06-16,9460,2025-06-11,"757 ",019665,,3,1,9,2400,0,1,3,,2,002,"SR-99 S/B","WEBER CANAL",285.00,S,N,A,-,Y,MER,,99," "," ",19.431,H,,L,Y,2,0,1,1,A,-,08,22107,,N,F,A,A,A,H,-,A,D,0,,,,,Y,,A,08,1,0,0,0,0,0,0,0,0,"- ","- ",37.326969146728516,-120.55816650390625,MERCED,UNINCORPORATED,-120.55809783935547,37.327095031738281
94743841,2025,2025-06-30,9461,2025-06-18,1700,023167,,3,2,9,2400,0,1,3,,1,103,"SR-33 S/B","GUN CLUB ROAD",0.00,,Y,A,-,Y,MER,,33," "," ",25.459,H,,L,Y,2,0,2,2,A,-,06,21751,,N,D,C,A,A,H,-,A,D,0,,,,,Y,,A,01,1,1,0,0,0,0,0,0,0,"- ","- ",37.231208801269531,-121.01241302490234,MERCED,UNINCORPORATED,-121.01242065429688,37.231208801269531
9480338,2022,2022-07-25,2406,2022-06-15,2232,318,SOUTH,3,5,5,2406,0,0,0,,0,031,"WEST AV","E CHILDS",37.00,N,N,A,-,N,,,,,,,,,,N,2,0,1,2,A,-,11,21966,,N,G,B,E,A,H,-,C,D,0,Y,,,,Y,,N,60,1,0,0,0,1,0,0,0,0,"- ","- ",,,MERCED,MERCED,-120.50583648681641,37.288181304931641
9485618,2022,2022-09-02,2406,2022-06-15,1710,279,NORTH,3,5,5,2406,0,0,0,,0,111,"LOUGHBOROUGH DR","M ST",792.00,W,N,A,-,N,,,,,,,,,,N,2,0,1,2,A,-,06,21750,A,N,D,C,A,A,H,-,A,D,0,,,Y,,Y,,C,02,1,0,0,0,0,0,0,0,1,"- ","- ",,,MERCED,MERCED,-120.48104095458984,37.32305908203125
9494094,2022,2022-10-14,2405,2022-04-02,2208,PD148,2,6,5,3,2405,0,0,0,,0,0B2,"E PACHECO BL","H ST",161.00,W,N,A,-,Y,MER,10,152,-,-,21.050,H,-,W,Y,2,0,3,2,A,-,01,23152,A,N,D,C,A,A,H,-,C,A,0,,,,,Y,Y,D,22,1,1,1,0,0,0,0,0,0,"- ","- ",37.056911468505859,-120.83892059326172,MERCED,"LOS BANOS",-120.83950042724609,37.056972503662109
9502655,2022,2022-10-05,2405,2022-05-26,2033,PD61,6,4,5,3,2405,0,0,0,,0,B42,"VINEYARD DR","SANTA ANA ST",69.00,W,N,A,-,N,,,,,,,,,,N,2,0,1,1,A,-,01,23152,A,N,E,I,A,A,H,-,C,D,0,,,Y,,Y,,C,02,1,0,0,0,0,0,0,0,1,"- ","- ",37.082801818847656,-120.83753204345703,MERCED,"LOS BANOS",-120.83773803710938,37.082748413085938
9506880,2022,2022-10-14,2406,2022-09-30,1106,162,1,5,5,5,2406,0,0,0,,0,011,"R ST","WEST OLIVE AV",120.00,S,N,A,-,N,,,,,,,,,,Y,2,0,1,2,A,-,09,21804,A,N,D,C,A,A,H,-,A,D,0,,,Y,,Y,,A,08,1,0,0,0,0,0,0,0,1,"- ","- ",,,MERCED,MERCED,-120.48683166503906,37.318973541259766
9514590,2024,2024-03-13,2406,2024-01-20,1723,309,NORTH,6,5,5,2406,0,0,0,,0,011,"WEST OLIVE AV","RT 59",0.00,,Y,C,-,Y,MER,10,59,-,-,16.100,I,5,N,Y,2,0,6,2,A,-,12,21453,A,N,D,C,A,B,H,-,C,A,0,,,,,Y,,A,01,1,5,0,0,0,0,0,0,0,"- ","- ",,,MERCED,MERCED,-120.50492858886719,37.319091796875
9520304,2022,2023-01-24,2406,2022-10-26,1335,201,NORTH,3,5,5,2406,0,0,0,,0,011,"M ST","BUENA VISTA DR",0.00,,Y,A,-,N,,,,,,,,,,Y,1,1,2,3,A,-,03,22350,,N,D,C,A,A,H,-,A,D,0,,,,,Y,,A,01,0,2,0,0,0,0,0,0,0,"- ","- ",,,MERCED,MERCED,-120.47853088378906,37.326995849609375
9520391,2022,2023-02-22,2405,2022-09-09,0556,PD126,1,5,5,3,2405,0,0,0,,0,0B1,"RT 33","BADGERFLAT RD",0.00,,Y,A,-,Y,MER,10,152,-,-,18.790,H,-,E,N,1,1,0,2,A,-,11,21954,A,F,G,B,D,A,H,-,D,D,0,Y,,,,Y,,N,60,0,0,0,1,0,0,0,0,0,"- ","- ",37.057548522949219,-120.87899017333984,MERCED,"LOS BANOS",-120.88004302978516,37.056739807128906
9531119,2022,2023-01-13,2401,2022-11-19,1835,724,4,6,5,3,2401,0,0,0,,0,004,"BELL DR","BELL LN",81.00,S,N,A,-,N,,,,,,,,,,N,2,0,1,1,A,-,08,22107,,N,E,I,A,A,H,-,C,A,0,,,,,Y,,A,01,1,0,0,0,0,0,0,0,0,"- ","- ",37.345630645751953,-120.62210083007812,MERCED,ATWATER,-120.61872100830078,37.345371246337891
9546239,2022,2023-02-15,2405,2022-09-10,0602,PD148,6,6,5,3,2405,0,0,0,,0,B42,"REGENCY DR","MERCEY SPRINGS RD",38.00,W,N,A,-,Y,MER,10,165,-,-,10.250,H,-,S,N,2,0,2,2,A,-,09,21802,A,N,A,C,A,A,H,-,C,A,0,,,,,Y,,A,07,1,1,0,0,0,0,0,0,0,"- ","- ",37.078388214111328,-120.83495330810547,MERCED,"LOS BANOS",-120.83501434326172,37.078327178955078
9563964,2023,2023-04-12,2406,2023-01-29,1153,290,1,7,5,5,2406,0,0,0,,0,010,"MCKEE RD","OLIVE AV",105.00,N,N,A,-,N,,,,,,,,,,N,2,0,1,2,A,-,03,22350,,N,E,C,A,A,H,-,A,A,0,,,Y,,Y,,C,02,1,0,0,0,0,0,0,0,1,"- ","- ",,,MERCED,MERCED,-120.44440460205078,37.318778991699219
9580622,2023,2023-06-09,2406,2023-05-27,1850,283,1,6,5,5,2406,0,0,0,,0,010,"G ST","WEST OLIVE AV",0.00,,Y,A,-,N,,,,,,,,,,Y,2,0,3,3,A,-,12,21453,A,N,D,C,A,A,H,-,A,A,0,,,,,Y,,A,07,1,0,2,0,0,0,0,0,0,"- ","- ",,,MERCED,MERCED,-120.46944427490234,37.318534851074219
9592187,2023,2023-06-21,2401,2023-05-09,1702,740,4,2,5,3,2401,0,0,0,,0,004,"ATWATER BL","MAPLE ST",56.00,W,N,A,-,N,,,,,,,,,,N,2,0,1,2,A,-,08,22107,,N,H,G,A,A,H,-,A,A,0,,Y,,,Y,,L,04,1,0,0,0,0,0,1,0,0,"- ","- ",37.348598480224609,-120.61734008789062,MERCED,ATWATER,-120.61627197265625,37.348365783691406
9594470,2023,2023-07-10,2406,2023-06-12,"101 ",313,2,1,5,5,2406,0,0,0,,0,020,"KIBBY RD","RT 140",300.00,S,N,A,-,N,,,,,,,,,,Y,2,0,2,2,A,-,01,23152,A,F,A,E,A,A,H,-,C,D,0,,,,,Y,Y,A,01,2,0,0,0,0,0,0,0,0,"- ","- ",,,MERCED,MERCED,-120.41536712646484,37.294315338134766
9598680,2023,2023-07-27,2401,2023-06-02,1200,732,1,5,5,3,2401,0,0,0,,0,001,"EUCALYPTUS ST","MULBERRY AV",0.00,,Y,A,-,N,,,,,,,,,,N,2,0,1,2,D,-,00,,,F,H,G,A,A,H,-,A,D,0,,Y,,,Y,Y,-,"- ",1,0,0,0,0,0,1,0,0,"- ","- ",37.355720520019531,-120.59868621826172,MERCED,ATWATER,-120.60027313232422,37.353672027587891
9601348,2023,2023-08-30,2405,2023-01-20,1637,PD20,3,5,5,3,2405,0,0,0,,0,0B3,"S MERCEY SPRINGS RD","SCRIPPS DR",474.00,N,N,A,-,Y,MER,10,165,-,-,8.340,H,-,S,N,2,0,1,2,A,-,11,21954,A,N,G,B,D,A,H,-,A,D,0,Y,,,,Y,,N,60,1,0,0,0,1,0,0,0,0,"- ","- ",37.049308776855469,-120.83547973632812,MERCED,"LOS BANOS",-120.83549499511719,37.050594329833984
9606021,2023,2023-08-18,2401,2023-07-16,1219,731,2,7,5,3,2401,0,0,0,,0,002,"SHAFFER RD","CHANNEL AV",216.00,S,N,A,-,N,,,,,,,,,,Y,2,0,1,1,A,-,07,21658,A,N,E,I,A,A,H,-,A,D,0,,,,,Y,,A,01,1,0,0,0,0,0,0,0,0,"- ","- ",37.367408752441406,-120.59565734863281,MERCED,ATWATER,-120.59568786621094,37.366836547851562
9606613,2023,2023-08-28,2405,2023-01-29,1148,PD20,2,7,5,3,2405,0,0,0,,0,0B2,"RT 152","MERCEY SPRINGS RD",75.00,W,N,A,-,Y,MER,10,152,-,-,21.260,H,-,W,Y,2,0,1,3,A,-,03,22350,,N,G,B,F,A,H,-,A,D,0,Y,,,,Y,,A,01,1,0,0,0,1,0,0,0,0,"- ","- ",37.056861877441406,-120.83528900146484,MERCED,"LOS BANOS",-120.83563995361328,37.056976318359375
9612744,2023,2023-08-21,2404,2023-04-02,1950,X38,,7,5,3,2404,0,0,0,,0,,"F ST","HAMMATT AV",0.00,,Y,A,-,N,,,,,,,,,,N,2,0,1,2,A,-,01,23152,,N,D,C,A,A,H,-,C,D,0,,,,,Y,Y,A,01,1,0,0,0,0,0,0,0,0,"- ","- ",37.382148742675781,-120.714111328125,MERCED,LIVINGSTON,-120.71410369873047,37.382129669189453
9613870,2023,2023-10-24,2406,2023-09-02,1957,329,3,6,5,5,2406,0,0,0,,0,030,"G ST","SWALLOW CT",0.00,,Y,A,-,N,,,,,,,,,,N,2,0,2,3,A,-,03,22350,,F,C,G,A,A,H,-,D,D,0,,Y,,,Y,,-,99,2,0,0,0,0,0,2,0,0,"- ","- ",,,MERCED,MERCED,-120.48210906982422,37.286361694335938
9626316,2023,2023-10-24,2406,2023-09-22,1625,183,2,5,5,5,2406,0,0,0,,0,021,"W 28TH ST","P ST",50.00,W,N,A,-,N,,,,,,,,,,N,2,0,1,2,A,-,11,21954,A,N,G,B,D,A,H,-,A,D,0,Y,,,,Y,,N,60,1,0,0,0,1,0,0,0,0,"- ","- ",,,MERCED,MERCED,,
9626317,2023,2023-10-24,2406,2023-09-18,1521,183,1,1,5,5,2406,0,0,0,,0,010,"MCKEE RD","SILVERSTONE DR",0.00,,Y,A,-,N,,,,,,,,,,Y,2,0,1,2,A,-,09,21801,A,N,D,C,A,A,H,-,A,A,0,,,Y,,Y,,A,01,1,0,0,0,0,0,0,0,1,"- ","- ",,,MERCED,MERCED,-120.44435882568359,37.325447082519531
9628529,2023,2023-10-27,2405,2023-04-16,1734,PD163,3,7,5,3,2405,0,0,0,,0,0B3,"S MERCEY SPRINGS RD","SCRIPPS DR",0.00,,Y,A,-,N,,,,,,,,,,Y,2,0,3,3,A,-,08,22107,,N,A,C,A,A,H,-,A,D,0,,,,,Y,,A,01,1,2,0,0,0,0,0,0,0,"- ","- ",37.048480987548828,-120.83394622802734,MERCED,"LOS BANOS",-120.83553314208984,37.049327850341797
9635263,2023,2023-12-04,2401,2023-09-13,"50  ",730,3,3,5,3,2401,0,0,0,,0,003,"BUHACH RD","CLOVER AV",0.00,,Y,A,-,N,,,,,,,,,,N,2,0,1,1,A,-,01,23152,A,M,E,I,A,A,H,-,C,A,0,,,,,Y,Y,A,01,1,0,0,0,0,0,0,0,0,"- ","- ",37.336048126220703,-120.57673645019531,MERCED,ATWATER,-120.57667541503906,37.336067199707031
9640221,2023,2025-07-23,2406,2023-11-03,"918 ",162,2,5,5,5,2406,0,0,0,,0,021,"WEST 15TH ST","M ST",6.00,E,N,A,-,N,,,,,,,,,,N,1,1,0,2,A,-,10,21950,A,N,G,B,B,A,H,-,A,A,0,Y,,,,Y,,D,22,0,0,0,1,0,0,0,0,0,"- ","- ",,,MERCED,MERCED,-120.48612976074219,37.2996826171875
9640862,2023,2024-08-07,2405,2023-11-02,"755 ",PD46,2,4,5,3,2405,0,0,0,,0,0B2,"OVERLAND AV","FAIRMONT DR",402.00,E,N,A,-,N,,,,,,,,,,Y,1,1,1,3,A,-,03,22350,,N,H,G,A,A,H,-,A,D,0,,Y,,,Y,,D,22,1,0,0,0,0,1,1,0,0,"- ","- ",37.073310852050781,-120.82628631591797,MERCED,"LOS BANOS",-120.82730102539062,37.073322296142578
9652681,2023,2024-02-05,2406,2023-12-26,1419,325,NORTH,2,5,5,2406,0,0,0,,0,111,"W OLIVE AVE","APPLEWOOD LN",106.00,E,N,A,-,N,,,,,,,,,,N,2,0,1,2,A,-,00,21210,,N,D,G,A,A,H,-,A,D,0,,Y,,,Y,,L,04,1,0,0,0,0,0,1,0,0,"- ","- ",,,MERCED,MERCED,-120.48138427734375,37.319194793701172
9653322,2023,2024-01-05,2406,2023-11-24,1420,309,NORTH,5,5,5,2406,0,0,0,,0,011,"FREEMARK AV","HEITZ WAY",95.00,S,N,A,-,N,,,,,,,,,,N,2,0,1,1,A,-,08,22107,,N,E,I,A,A,H,-,A,D,0,,,Y,,Y,,C,02,1,0,0,0,0,0,0,0,1,"- ","- ",,,MERCED,MERCED,-120.48226928710938,37.348548889160156
9654312,2023,2024-01-26,2406,2023-12-07,1530,183,2,4,5,5,2406,0,0,0,,0,021,"R ST","WEST 16TH ST",0.00,,Y,A,-,N,,,,,,,,,,N,2,0,1,2,A,-,08,22107,,F,B,G,A,A,H,-,A,A,0,,Y,,,Y,,E,22,1,0,0,0,0,0,0,0,0,"- ","- ",,,MERCED,MERCED,-120.49299621582031,37.303741455078125
9667174,2023,2024-02-22,2406,2023-12-24,1244,328,2,7,5,5,2406,0,0,0,,0,02D,"M ST","W 18TH ST",0.00,,Y,A,-,N,,,,,,,,,,Y,2,0,2,3,A,-,12,21453,A,N,D,C,A,A,H,-,A,A,0,,,,,Y,,A,01,1,1,0,0,0,0,0,0,0,"- ","- ",,,MERCED,MERCED,-120.48426055908203,37.303001403808594
9673040,2024,2024-04-29,2406,2024-02-27,1938,334,1,2,5,5,2406,0,0,0,,0,010,"M ST","UNIVERSITY DR",216.00,S,N,A,-,N,,,,,,,,,,N,2,0,1,1,C,-,18,,,N,F,A,A,A,H,-,C,D,0,,,Y,,Y,,-,"- ",1,0,0,0,0,0,0,0,1,"- ","- ",,,MERCED,MERCED,-120.47838592529297,37.336177825927734
9692938,2024,2024-08-01,2401,2024-04-15,1643,724,2,1,5,3,2401,0,0,0,,0,002,"CREST DR",CAMEO,512.00,N,N,A,-,N,,,,,,,,,,N,2,0,1,2,A,-,11,21954,A,N,G,B,D,A,H,-,A,D,0,Y,,,,Y,,N,60,1,0,0,0,1,0,0,0,0,"- ","- ",37.347721099853516,-120.60909271240234,MERCED,ATWATER,-120.58576202392578,37.362983703613281
9692939,2024,2024-06-21,2401,2024-04-09,"804 ",742,1,2,5,3,2401,0,0,0,,0,001,"WINTON WAY","FRUITLAND AV",0.00,,Y,A,-,N,,,,,,,,,,Y,2,0,2,3,A,-,09,21801,A,N,A,C,A,A,H,-,A,D,0,,Y,,,Y,,A,01,1,1,0,0,0,0,1,0,0,"- ","- ",37.364101409912109,-120.61386871337891,MERCED,ATWATER,-120.61390686035156,37.362113952636719
9707493,2024,2024-06-19,2406,2024-03-09,1845,256,2,6,5,5,2406,0,0,0,,0,020,"WEST MAIN ST","I ST",0.00,,Y,A,-,N,,,,,,,,,,N,2,0,1,2,A,-,00,21954,N,N,G,B,D,A,H,-,C,D,0,Y,,,,Y,,N,60,1,0,0,0,1,0,0,0,0,"- ","- ",,,MERCED,MERCED,-120.47888946533203,37.29974365234375
9714837,2023,2024-07-26,2405,2023-12-26,1700,PD68,2,2,5,3,2405,0,0,0,,0,0B2,"MERCEY SPRINGS RD","PACHECO BL",15.00,S,N,A,-,Y,MER,10,165,-,-,8.780,H,-,N,N,2,0,1,2,A,-,10,21950,A,N,H,G,A,A,H,-,C,A,0,,Y,,,Y,,A,01,1,0,0,0,0,0,1,0,0,"- ","- ",37.056861877441406,-120.83529663085938,MERCED,"LOS BANOS",-120.83535766601562,37.056781768798828
9720505,2024,2024-08-19,2406,2024-07-21,"429 ",129,NORTH,7,5,5,2406,0,0,0,,0,011,"R ST","BUENA VISTA DR",454.00,S,N,A,-,N,,,,,,,,,,Y,2,0,1,2,A,-,11,21954,A,F,G,B,D,A,H,-,C,D,0,Y,,,,Y,,N,60,1,0,0,0,1,0,0,0,0,"- ","- ",,,MERCED,MERCED,-120.48686981201172,37.325122833251953
9725132,2024,2024-08-22,2406,2024-07-12,1657,309,CENTR,5,5,5,2406,0,0,0,,0,021,"R ST","WEST 20TH ST",41.00,S,N,A,-,N,,,,,,,,,,Y,2,0,1,2,A,-,01,23152,A,N,C,A,A,A,H,-,A,A,0,,,Y,,Y,Y,C,02,1,0,0,0,0,0,0,0,1,"- ","- ",,,MERCED,MERCED,-120.49076080322266,37.307636260986328
9725215,2024,2024-08-16,2406,2024-05-15,2200,340,2,3,5,5,2406,0,0,0,,0,020,"E ST","WEST 23RD ST",0.00,,Y,A,-,N,,,,,,,,,,Y,2,0,2,3,A,-,09,21804,A,N,D,C,A,A,H,-,C,A,0,,,,,Y,,A,01,1,1,0,0,0,0,0,0,0,"- ","- ",,,MERCED,MERCED,-121.41078948974609,39.122100830078125
9730747,2024,2024-10-10,2406,2024-08-12,1508,340,2,1,5,5,2406,0,0,0,,0,020,"GLEN AV","RT 140",61.00,N,N,A,-,Y,MER,10,140,-,-,35.880,I,6,W,N,2,0,1,2,A,-,09,21804,A,N,D,G,A,A,H,-,A,D,0,,Y,,,Y,,L,04,1,0,0,0,0,0,1,0,0,"- ","- ",,,MERCED,MERCED,-120.46596527099609,37.29522705078125
9750367,2024,2024-11-12,2401,2024-08-24,2140,747,6,6,5,3,2401,0,0,0,,0,006,"BUHACH RD","JUNIPER AV",902.00,N,N,A,-,N,,,,,,,,,,N,2,0,1,1,A,-,07,21658,A,N,E,I,A,A,H,-,C,A,0,,,Y,,Y,,C,02,1,0,0,0,0,0,0,0,1,"- ","- ",37.349460601806641,-120.57669067382812,MERCED,ATWATER,-120.57682800292969,37.351997375488281
9751464,2023,2025-02-19,2403,2023-10-13,2305,"ID R2",,5,5,2,2403,0,0,0,,0,,"RT 140","KNIEBES RD",4752.00,E,N,A,-,Y,MER,10,140,-,-,7.700,H,-,E,Y,1,3,5,2,A,-,01,23153,G,N,A,C,A,A,H,-,D,D,0,,,,,Y,Y,D,22,5,0,0,0,0,0,0,0,0,"- ","- ",,,MERCED,GUSTINE,-120.96966552734375,37.260242462158203
9772100,2024,2025-01-27,2406,2024-12-05,1044,309,NORTH,4,5,5,2406,0,0,0,,0,011,"OLIVEWOOD DR","R ST",0.00,,Y,A,-,N,,,,,,,,,,N,2,0,1,2,A,-,10,21950,A,N,G,B,B,A,H,-,A,A,0,Y,,,,Y,,A,01,1,0,0,0,1,0,0,0,0,"- ","- ",,,MERCED,MERCED,-120.48672485351562,37.318023681640625
9773162,2024,2025-01-07,2406,2024-10-23,2002,328,1,3,5,5,2406,0,0,0,,0,010,"VIA MORAGA","EAST YOSEMITE AV",28.00,S,N,A,-,N,,,,,,,,,,N,2,0,1,2,A,-,10,21950,A,N,G,B,B,A,H,-,C,A,0,Y,,,,Y,,A,01,1,0,0,0,1,0,0,0,0,"- ","- ",,,MERCED,MERCED,-120.43824005126953,37.33209228515625
9782327,2025,2025-02-20,2406,2025-01-11,1241,304,CENTR,6,5,5,2406,0,0,0,,0,2-21,"R ST","20TH ST",0.00,,Y,A,-,N,,,,,,,,,,Y,2,0,2,2,A,-,03,22350,,N,A,C,A,A,H,-,A,A,0,,,,,Y,,A,01,1,1,0,0,0,0,0,0,0,"- ","- ",,,MERCED,MERCED,-120.49069976806641,37.307735443115234
9786019,2024,2025-03-03,2406,2024-07-24,1128,129,CENTR,3,5,5,2406,0,0,0,,0,021,"WEST 16TH ST","N ST",56.00,W,N,A,-,N,,,,,,,,,,Y,1,1,1,2,A,-,08,22107,,N,A,E,A,A,H,-,A,D,0,,,,,Y,,A,01,0,1,0,0,0,0,0,0,0,"- ","- ",,,MERCED,MERCED,-120.48713684082031,37.301601409912109
9786163,2024,2025-04-25,2406,2024-03-08,1933,256,3,5,5,5,2406,0,0,0,,0,031,"V ST","WEST 12TH ST",15.00,N,N,A,-,N,,,,,,,,,,N,1,1,0,2,A,-,10,21950,A,F,G,B,B,A,H,-,C,D,0,Y,,,,Y,,A,07,0,0,0,1,0,0,0,0,0,"- ","- ",,,MERCED,MERCED,-120.50142669677734,37.301708221435547
9794369,2025,2025-03-26,2406,2025-03-03,"902 ",351,2,1,5,5,2406,0,0,0,,0,020,"R ST","RAMBLER RD",9.00,N,N,A,-,N,,,,,,,,,,Y,2,0,1,2,A,-,09,21801,A,N,A,C,A,A,H,-,A,D,0,,,,,Y,,A,07,1,0,0,0,0,0,0,0,0,"- ","- ",,,MERCED,MERCED,-120.48674011230469,37.315265655517578
9804756,2025,2025-04-25,2406,2025-04-14,"950 ",358,3,1,5,5,2406,0,0,0,,0,031,"HOME AV","R ST",129.00,E,N,A,-,N,,,,,,,,,,N,2,0,1,2,A,-,17,21700,,N,G,B,E,A,D,-,A,A,0,Y,,,,Y,,K,45,1,0,0,0,1,0,0,0,0,"- ","- ",,,MERCED,MERCED,-120.50160980224609,37.286991119384766
9804759,2025,2025-04-24,2406,2025-04-04,"633 ",342,2,5,5,5,2406,0,0,0,,0,020,"DOPPLER RD","E GERARD AV",375.00,N,N,A,-,N,,,,,,,,,,Y,2,0,2,1,A,-,01,23152,,N,E,I,A,A,H,-,A,D,0,,,,,Y,Y,A,01,1,1,0,0,0,0,0,0,0,"- ","- ",,,MERCED,MERCED,-120.44805908203125,37.280559539794922
9806111,2025,2025-05-16,2406,2025-04-18,2049,358,1,5,5,5,2406,0,0,0,,0,011,"M ST","W NORTH BEAR CREEK DR",96.00,N,N,A,-,N,,,,,,,,,,Y,2,0,2,2,A,-,03,22350,,N,F,A,A,A,H,-,C,A,0,,,Y,,Y,,C,02,1,1,0,0,0,0,0,0,1,"- ","- ",,,MERCED,MERCED,-120.47866058349609,37.313713073730469
9812610,2025,2025-07-18,2406,2025-06-12,2105,358,2,4,5,5,2406,0,0,0,,0,020,"16TH ST","K ST",0.00,,Y,A,-,N,,,,,,,,,,N,2,0,1,2,A,-,10,21950,A,F,G,B,B,A,H,-,C,D,0,Y,,,,Y,,A,07,1,0,0,0,1,0,0,0,0,"- ","- ",,,MERCED,MERCED,-120.48236846923828,37.299877166748047