CASE_ID,ACCIDENT_YEAR,PROC_DATE,JURIS,COLLISION_DATE,COLLISION_TIME,OFFICER_ID,REPORTING_DISTRICT,DAY_OF_WEEK,CHP_SHIFT,POPULATION,CNTY_CITY_LOC,SPECIAL_COND,BEAT_TYPE,CHP_BEAT_TYPE,CITY_DIVISION_LAPD,CHP_BEAT_CLASS,BEAT_NUMBER,PRIMARY_RD,SECONDARY_RD,DISTANCE,DIRECTION,INTERSECTION,WEATHER_1,WEATHER_2,STATE_HWY_IND,CALTRANS_COUNTY,CALTRANS_DISTRICT,STATE_ROUTE,ROUTE_SUFFIX,POSTMILE_PREFIX,POSTMILE,LOCATION_TYPE,RAMP_INTERSECTION,SIDE_OF_HWY,TOW_AWAY,COLLISION_SEVERITY,NUMBER_KILLED,NUMBER_INJURED,PARTY_COUNT,PRIMARY_COLL_FACTOR,PCF_CODE_OF_VIOL,PCF_VIOL_CATEGORY,PCF_VIOLATION,PCF_VIOL_SUBSECTION,HIT_AND_RUN,TYPE_OF_COLLISION,MVIW,PED_ACTION,ROAD_SURFACE,ROAD_COND_1,ROAD_COND_2,LIGHTING,CONTROL_DEVICE,CHP_ROAD_TYPE,PEDESTRIAN_ACCIDENT,BICYCLE_ACCIDENT,MOTORCYCLE_ACCIDENT,TRUCK_ACCIDENT,NOT_PRIVATE_PROPERTY,ALCOHOL_INVOLVED,STWD_VEHTYPE_AT_FAULT,CHP_VEHTYPE_AT_FAULT,COUNT_SEVERE_INJ,COUNT_VISIBLE_INJ,COUNT_COMPLAINT_PAIN,COUNT_PED_KILLED,COUNT_PED_INJURED,COUNT_BICYCLIST_KILLED,COUNT_BICYCLIST_INJURED,COUNT_MC_KILLED,COUNT_MC_INJURED,PRIMARY_RAMP,SECONDARY_RAMP,LATITUDE,LONGITUDE,COUNTY,CITY,POINT_X,POINT_Y
9814541,2024,2025-07-28,2403,2024-10-20,1504,Z26,,7,5,2,2403,0,0,0,,0,,"VIA BORRELLI","VIA DEL PETTORUTO",0.00,,Y,A,-,N,,,,,,,,,,N,2,0,1,2,A,-,09,21800,A,N,D,C,A,A,H,-,A,D,0,,,Y,,Y,,C,02,1,0,0,0,0,0,0,0,1,"- ","- ",37.257659912109375,-121.01319885253906,MERCED,GUSTINE,-121.01350402832031,37.257938385009766
9818356,2024,2025-07-28,2406,2024-09-23,1641,275,3,1,5,5,2406,0,0,0,,0,031,"Q ST","CHILDS AV",60.00,N,N,A,-,N,,,,,,,,,,Y,2,0,1,2,A,-,08,22107,,N,A,C,A,A,H,-,A,D,0,,,,,Y,,A,01,1,0,0,0,0,0,0,0,0,"- ","- ",,,MERCED,MERCED,-120.50000762939453,37.288360595703125
9828989,2025,2025-07-31,2406,2025-05-11,2004,357,1,7,5,5,2406,0,0,0,,0,010,"ALEXANDER AV","TAHOE DR",174.00,E,N,A,-,N,,,,,,,,,,Y,2,0,1,2,A,-,03,22350,,N,C,C,A,A,H,-,B,D,0,,,Y,,Y,,C,02,1,0,0,0,0,0,0,0,1,"- ","- ",,,MERCED,MERCED,-120.46466827392578,37.315254211425781
6290335,2014,2014-04-29,9460,2014-02-07,0644,17996,,5,1,9,2400,0,1,3,,2,003,"RT 99","WORDEN AV",2640.00,S,N,A,-,Y,MER,10,99,-,-,7.960,H,-,S,Y,1,1,1,1,A,-,08,22107,,N,E,I,A,A,H,-,A,D,1,,,,,Y,,D,22,0,1,0,0,0,0,0,0,0,"- ","- ",37.137709999999998,-120.23126000000001,MERCED,UNINCORPORATED,-120.39190345999999,37.23494462
6291065,2014,2014-08-19,9460,2014-04-05,0017,20156,,6,3,9,2400,0,1,3,,1,143,"RT 140","ORCHARD DR",221.00,E,N,A,-,Y,MER,10,140,-,-,39.760,H,-,W,N,1,1,0,2,A,-,11,21956,,N,G,B,E,A,H,-,D,D,0,Y,,,Y,Y,,N,60,0,0,0,1,0,0,0,0,0,"- ","- ",37.295560000000002,-120.39758999999999,MERCED,UNINCORPORATED,-120.39612921,37.295535569999998
6291163,2014,2014-08-29,9461,2014-06-14,0545,017329,,6,3,9,2400,0,1,3,,1,153,"RT 152","DELTA MENDOTA CANAL",675.00,W,N,A,-,Y,MER,10,152,-,-,14.960,H,-,E,Y,1,2,2,1,A,-,08,22107,,N,E,I,A,A,H,-,B,D,5,,,,,Y,,A,01,1,1,0,0,0,0,0,0,0,"- ","- ",37.056539999999998,-120.94963,MERCED,UNINCORPORATED,-120.94952044999999,37.056593640000003
6291287,2014,2014-09-30,2406,2014-01-05,2106,M24,1,7,5,5,2406,0,0,0,,0,011,"LOUGHBOROUGH DR","R ST",150.00,W,N,A,-,N,,,,,,,,,,Y,1,1,1,2,A,-,01,23152,B,N,A,C,A,A,H,-,C,D,0,,,,,Y,Y,A,01,0,0,1,0,0,0,0,0,0,"- ","- ",,,MERCED,MERCED,-120.48751568,37.32341452
6291339,2014,2014-10-22,9461,2014-07-14,1607,19052,,1,2,9,2400,0,1,3,,1,141,"RT 140","MUD SLOUGH",37.00,E,N,B,-,Y,MER,10,140,-,-,10.700,H,-,W,Y,1,1,1,2,A,-,08,22107,,N,E,I,A,A,H,-,A,D,0,,,,,Y,,A,01,1,0,0,0,0,0,0,0,0,"- ","- ",37.295879999999997,-120.94009,MERCED,UNINCORPORATED,-120.94042603,37.296420900000001
6291372,2014,2014-10-27,2404,2014-06-07,2248,X33,,6,5,3,2404,0,0,0,,0,,"BRIARWOOD DR","F ST",145.00,S,N,A,-,N,,,,,,,,,,N,1,1,0,2,A,-,08,22107,,F,G,B,E,A,H,-,C,D,0,Y,,,,Y,,A,07,0,0,0,1,0,0,0,0,0,"- ","- ",,,MERCED,LIVINGSTON,-120.73153008,37.381901900000003
6291418,2014,2016-01-14,9461,2014-08-26,1945,17493,,2,2,9,2400,0,3,5,,2,050,"CENTER AV","IONE ST",300.00,N,N,A,-,N,,,,,,,,,,Y,1,1,2,1,A,-,01,23152,A,N,E,I,A,A,H,-,B,D,0,,,,,Y,Y,A,01,2,0,0,0,0,0,0,0,0,"- ","- ",36.994669999999999,-120.62651,MERCED,UNINCORPORATED,-120.6265913,36.993563649999999
6291484,2014,2014-10-30,9460,2014-08-08,2355,19640,,5,3,9,2400,0,1,3,,1,165,"RT 165","WILLIAMS AV",0.00,,Y,A,-,Y,MER,10,165,-,-,32.366,I,5,N,Y,1,2,1,2,A,-,01,23152,A,N,D,C,A,A,H,-,C,A,0,,,,,Y,Y,A,01,1,0,0,0,0,0,0,0,0,"- ","- ",37.389830000000003,-120.85014,MERCED,UNINCORPORATED,-120.85030793,37.38978402
6291654,2014,2015-12-30,2401,2014-10-10,1710,728,2401,5,5,3,2401,0,0,0,,0,003,"WINTON WY","FRUITLANE AV",152.00,S,N,A,-,N,,,,,,,,,,Y,1,1,1,2,A,-,09,21801,A,N,D,C,A,A,H,-,A,D,0,,,Y,,Y,,A,01,0,0,1,0,0,0,0,1,0,"- ","- ",,,MERCED,ATWATER,-120.613918,37.361680999999997
6292150,2015,2015-05-20,9460,2015-02-06,2159,19106,,5,2,9,2400,0,1,3,,2,001,"RT 99","COLLIER RD",300.00,N,N,B,C,Y,MER,10,99,-,R,32.000,H,-,N,Y,1,1,1,1,A,-,08,22107,,N,F,A,A,B,H,-,D,D,1,,,,Y,Y,,F,55,1,0,0,0,0,0,0,0,0,"- ","- ",37.410310000000003,-120.75232,MERCED,UNINCORPORATED,-120.75282824999999,37.409899500000002
6292163,2015,2015-05-20,9460,2015-02-04,2115,19199,,3,2,9,2400,0,1,3,,1,591,"RT 59","CHAMBERLAIN RD",1056.00,S,N,A,-,Y,MER,10,59,-,-,4.820,H,-,N,Y,1,2,1,2,A,-,01,23152,F,N,A,C,A,A,H,-,D,D,0,,,,,Y,Y,D,22,0,1,0,0,0,0,0,0,0,"- ","- ",37.153060000000004,-120.49209999999999,MERCED,UNINCORPORATED,-120.49199950000001,37.153758619999998
6292239,2015,2017-04-04,9461,2015-04-28,2258,18670,,2,3,9,2400,0,2,4,,1,110,"INGOMAR GRADE","SYLVESTER RD",1584.00,W,N,A,-,N,,,,,,,,,,Y,1,3,0,2,A,-,03,22350,,N,A,C,A,A,H,-,D,D,0,,,,,Y,Y,A,01,0,0,0,0,0,0,0,0,0,"- ","- ",37.093240000000002,-120.91500000000001,MERCED,UNINCORPORATED,-120.91413858999999,37.092774300000002
6292366,2015,2015-08-14,9460,2015-02-16,0859,18823,,1,1,9,2400,0,1,3,,2,002,"RT 99","WESTSIDE BL",2112.00,S,N,A,-,Y,MER,10,99,-,-,24.640,H,-,N,Y,1,2,3,3,A,-,08,22107,,F,B,C,A,A,H,-,A,D,1,,,,,Y,,A,01,2,0,1,0,0,0,0,0,0,"- ","- ",37.3581,-120.642,MERCED,UNINCORPORATED,-120.64186017,37.358334339999999
6292842,2015,2016-02-24,2406,2015-12-28,0033,M24,3,1,5,5,2406,0,0,0,,0,031,"WEST AV","GROGAN AV",528.00,N,N,B,-,N,,,,,,,,,,Y,1,1,1,1,A,-,01,23153,B,N,D,C,A,A,H,-,C,D,0,,,,,Y,Y,A,01,0,1,0,0,0,0,0,0,0,"- ","- ",,,MERCED,MERCED,-120.50566954999999,37.292588770000002
6334772,2014,2014-06-04,9460,2014-01-19,2210,18217,,7,3,9,2400,0,3,5,,2,010,"COLUMBUS AV","BLOSS AV",1478.00,S,N,A,-,N,,,,,,,,,,Y,2,0,1,1,A,-,01,23152,A,N,E,I,A,A,H,-,D,D,0,,,,,Y,Y,A,01,1,0,0,0,0,0,0,0,0,"- ","- ",37.400309999999998,-120.86844000000001,MERCED,UNINCORPORATED,-120.86839485,37.400331260000002
6364454,2014,2014-06-04,9460,2014-01-26,2020,17827,,7,2,9,2400,0,2,4,,1,041,"SANTA FE DR","CHESTNUT LN",383.00,W,N,A,-,N,,,,,,,,,,Y,2,0,2,2,A,-,01,23152,A,N,C,C,A,A,H,-,D,D,0,,,,,Y,Y,D,22,1,0,1,0,0,0,0,0,0,"- ","- ",37.430280000000003,-120.76438,MERCED,UNINCORPORATED,-120.60559513,37.38085092
6413627,2014,2014-06-19,2404,2014-02-07,1755,X34,,5,5,3,2404,0,0,0,,0,,"MAIN ST","J ST",6.00,S,N,C,-,N,,,,,,,,,,N,2,0,2,3,A,-,03,22350,,N,G,B,B,B,G,-,C,D,0,Y,,,,Y,,A,01,2,0,0,0,2,0,0,0,0,"- ","- ",37.376609999999999,-120.72337,MERCED,LIVINGSTON,-120.72344,37.377773519999998
6413715,2014,2014-06-20,9460,2014-02-22,2500,017996,,6,4,9,2400,0,3,5,,2,020,"BLOSS AV","MERCED AV",358.00,W,N,A,-,N,,,,,,,,,,Y,2,0,1,1,A,-,01,23152,A,N,E,I,A,A,H,-,D,D,0,,,,,Y,Y,A,01,1,0,0,0,0,0,0,0,0,"- ","- ",37.40475,-120.79866,MERCED,UNINCORPORATED,-120.79702884,37.405065630000003
6425466,2014,2016-01-29,9461,2014-03-28,2340,018670,,5,3,9,2400,0,1,3,,1,153,"RT 152","VOLTA RD",916.00,W,N,A,-,Y,MER,10,152,-,-,16.010,H,-,E,Y,2,0,1,1,A,-,08,22107,,N,F,I,A,A,H,-,D,D,5,,,,,Y,,D,22,1,0,0,0,0,0,0,0,0,"- ","- ",,,MERCED,UNINCORPORATED,-120.9305576,37.05644513
6511999,2014,2016-04-09,9461,2014-06-01,0525,018586,,7,3,9,2400,0,1,3,,1,153,"RT 152","DELTA MENDOTA CANAL",690.00,E,N,A,-,Y,MER,10,152,-,-,15.240,H,-,E,Y,2,0,1,1,A,-,08,22107,,N,E,I,A,A,H,-,B,D,5,,,,,Y,,A,07,1,0,0,0,0,0,0,0,0,"- ","- ",37.056350000000002,-120.94436,MERCED,UNINCORPORATED,-120.94447463,37.056630800000001
6527028,2014,2014-07-09,2406,2014-03-14,2307,M24,2,5,5,5,2406,0,0,0,,0,021,"R ST","WEST 23RD ST",168.00,N,N,A,-,N,,,,,,,,,,N,2,0,1,2,A,-,11,21954,A,N,G,B,D,A,H,-,D,D,0,Y,,,,Y,,N,60,1,0,0,0,1,0,0,0,0,"- ","- ",,,MERCED,MERCED,-120.48872523,37.311167810000001
6593262,2014,2016-04-29,9461,2014-08-10,0320,018910,,7,3,9,2400,0,1,3,,1,141,"RT 140","MUD SLOUGH OVERFLOW 39-107",1056.00,E,N,A,-,Y,MER,10,140,-,-,10.840,H,-,E,Y,2,0,4,1,A,-,08,22107,,N,E,I,A,A,H,-,D,D,0,,,,,Y,,A,07,1,2,1,0,0,0,0,0,0,"- ","- ",37.298340000000003,-120.93908999999999,MERCED,UNINCORPORATED,-120.93905599999999,37.29826482
6599959,2014,2014-09-23,9460,2014-08-08,1605,018922,,5,2,9,2400,0,3,5,,2,060,"SANTA FE DR","STANFORD AV",0.00,,Y,A,-,N,,,,,,,,,,Y,2,0,8,2,A,-,09,21801,A,N,A,C,A,A,H,-,A,D,0,,,,,Y,,A,08,1,0,7,0,0,0,0,0,0,"- ","- ",37.29186,-120.32365,MERCED,UNINCORPORATED,-120.32357997,37.291830079999997
6606210,2014,2015-12-29,2401,2014-06-13,0244,752,2401,5,5,3,2401,0,0,0,,0,003,"ATWATER BL","WILBUR WY",0.00,W,N,A,-,N,,,,,,,,,,Y,1,1,0,1,A,-,05,21650,,N,E,I,A,A,H,-,D,D,0,,,,,Y,Y,A,01,0,0,0,0,0,0,0,0,0,"- ","- ",,,MERCED,ATWATER,-120.62766997999999,37.352530000000002
6619079,2014,2014-09-19,2406,2014-08-30,0443,220,2,6,5,5,2406,0,0,0,,0,021,"R ST","WEST 22ND ST",173.00,N,N,A,-,N,,,,,,,,,,Y,2,0,1,1,A,-,03,22350,,N,A,I,A,A,H,-,D,D,0,,,,,Y,,A,01,1,0,0,0,0,0,0,0,0,"- ","- ",,,MERCED,MERCED,-120.48928732,37.310210009999999
6622975,2014,2015-03-17,2406,2014-09-02,1337,202,,2,5,5,2406,0,0,0,,0,331,"V ST","WEST 12TH ST",0.00,,Y,A,-,N,,,,,,,,,,N,1,1,0,2,A,-,17,21208,A,N,B,G,A,A,H,-,A,D,0,,Y,,,Y,Y,L,04,0,0,0,0,0,1,0,0,0,"- ","- ",,,MERCED,MERCED,-120.50144997,37.301670000000001
6649007,2014,2014-11-14,9461,2014-09-23,1520,019052,,2,2,9,2400,0,2,4,,1,110,"INGOMAR GRD","HUSMAN RD",200.00,N,N,A,-,N,,,,,,,,,,Y,2,0,1,1,C,-,18,,,N,E,I,A,A,B,-,A,D,0,,,,Y,Y,,-,"- ",1,0,0,0,0,0,0,0,0,"- ","- ",,,MERCED,UNINCORPORATED,-120.968442,37.159168999999999
6674474,2014,2014-12-16,2406,2014-10-05,0145,183,2,7,5,5,2406,0,0,0,,0,020,"EAST 27TH ST","G ST",24.00,E,N,A,-,N,,,,,,,,,,Y,2,0,1,1,A,-,01,23152,,N,E,J,A,A,H,-,C,D,0,,,,,Y,Y,A,01,1,0,0,0,0,0,0,0,0,"- ","- ",,,MERCED,MERCED,-120.46996623,37.308600490000003
6696918,2014,2014-11-24,9460,2014-10-23,0640,19378,,4,1,9,2400,0,3,5,,2,060,"OLIVE AV","WILLOW RUN DR",0.00,,Y,A,-,N,,,,,,,,,,Y,2,0,1,2,A,-,05,21752,D,N,D,C,A,A,H,-,B,D,0,,,Y,Y,Y,,C,02,1,0,0,0,0,0,0,0,1,"- ","- ",37.318570000000001,-120.43881,MERCED,UNINCORPORATED,-120.4390399,37.318460000000002
6701956,2014,2014-11-26,2406,2014-10-03,1913,171,2,5,5,5,2406,0,0,0,,0,021,"WEST 16TH ST","V ST",200.00,E,N,A,-,N,,,,,,,,,,N,2,0,1,2,A,-,11,21954,A,N,G,B,D,A,H,-,D,D,0,Y,,,,Y,,N,60,1,0,0,0,1,0,0,0,0,"- ","- ",,,MERCED,MERCED,-120.49838464,37.305701890000002
6718191,2014,2015-03-13,9461,2014-11-24,0731,12447,,1,1,9,2400,0,1,3,,1,152,"RT 152","BASALT RD",250.00,E,N,A,-,Y,MER,10,152,-,R,10.980,H,-,E,Y,1,1,4,4,A,-,03,22350,,N,C,C,A,A,H,-,A,D,5,,,,Y,Y,,G,25,1,0,3,0,0,0,0,0,0,"- ","- ",37.079279999999997,-120.99655,MERCED,UNINCORPORATED,-121.05668864,37.060344919999999
6718765,2017,2019-04-08,2403,2017-09-15,1955,P25,,5,5,2,2403,0,0,0,,0,,"RT 33","3RD AV",0.00,,Y,A,-,Y,MER,10,140,-,-,5.880,I,5,E,N,1,1,0,2,A,-,10,21950,A,N,G,B,B,A,H,-,C,A,0,Y,,,,Y,Y,A,01,0,0,0,1,0,0,0,0,0,"- ","- ",37.254510000000003,-120.99872999999999,MERCED,GUSTINE,-120.99879694000001,37.257587000000001
6745536,2014,2015-01-16,9461,2014-11-17,0010,019724,,1,3,9,2400,0,1,3,,1,103,"RT 33","BAMBAUER RD",53.00,S,N,A,-,Y,,,33,,,,,,,Y,2,0,3,1,A,-,01,23152,A,N,F,A,A,A,H,-,D,D,0,,,,,Y,Y,A,01,1,2,0,0,0,0,0,0,0,"- ","- ",37.272509999999997,-121.004,MERCED,UNINCORPORATED,-121.00413115000001,37.272461069999999
6752144,2014,2015-02-04,9460,2014-12-22,1255,18422,,1,1,9,2400,0,2,4,,1,041,"SANTA FE DR","BUSINESS PARK WY",720.00,E,N,B,-,N,,,,,,,,,,Y,2,0,3,2,A,-,09,21804,A,N,D,C,A,B,H,-,A,D,0,,,,,Y,,A,01,1,1,1,0,0,0,0,0,0,"- ","- ",37.327199999999998,-120.51936000000001,MERCED,UNINCORPORATED,-120.5198293,37.327432680000001
6765906,2014,2015-02-04,9461,2014-12-16,1034,018928,,2,1,9,2400,0,3,5,,2,020,"ORTIGALITA RD","ALMOND ST",1584.00,S,N,A,-,N,,,,,,,,,,Y,2,0,1,1,C,-,18,,,N,H,H,A,A,H,-,A,D,0,,,Y,,Y,,-,"- ",1,0,0,0,0,0,0,0,1,"- ","- ",36.993940000000002,-120.87332000000001,MERCED,UNINCORPORATED,-120.87343581,36.986939890000002
6780548,2014,2015-02-11,2406,2014-12-26,2013,182,2,5,5,5,2406,0,0,0,,0,021,"M ST","WEST 23RD ST",0.00,,Y,A,-,N,,,,,,,,,,N,2,0,1,2,A,-,12,21453,A,N,D,G,A,A,H,-,C,A,0,,Y,,,Y,,L,04,1,0,0,0,0,0,1,0,0,"- ","- ",,,MERCED,MERCED,-120.48142996999999,37.307970050000002
6801699,2015,2015-03-10,9460,2015-02-01,1101,018577,,7,1,9,2400,0,3,5,,2,050,"E NORTH BEAR CREEK DR","FORIST LN",107.00,W,N,A,-,N,,,,,,,,,,Y,2,0,2,2,A,-,01,23152,A,N,A,C,A,A,-,-,A,D,0,,,,,Y,Y,D,22,1,1,0,0,0,0,0,0,0,"- ","- ",37.308019999999999,-120.45726999999999,MERCED,UNINCORPORATED,-120.456969,37.308230999999999
6816643,2015,2016-09-21,9461,2015-01-20,2013,17029,,2,2,9,2400,0,1,1,,2,105,"RT 5","WHITWORTH RD",528.00,N,N,B,-,Y,MER,10,5,-,-,24.580,H,-,S,Y,2,0,1,2,A,-,03,22350,,N,C,C,A,A,H,-,D,A,1,,,,Y,Y,,A,07,1,0,0,0,0,0,0,0,0,"- ","- ",37.142499999999998,-121.04071999999999,MERCED,UNINCORPORATED,-121.03967641,37.14102055
6822245,2015,2015-03-02,2406,2015-01-19,0308,162,3,1,5,5,2406,0,0,0,,0,031,"R ST","CHILDS AV",0.00,,Y,B,-,N,,,,,,,,,,N,2,0,4,4,A,-,01,23152,A,N,E,I,A,A,H,-,C,A,0,,,,,Y,Y,A,01,1,0,3,0,0,0,0,0,0,"- ","- ",,,MERCED,MERCED,-120.50199000000001,37.288200099999997
6826365,2015,2016-09-20,9460,2015-02-15,0201,019106,,7,3,5,2406,0,1,3,,2,003,"RT 99","G ST",350.00,N,N,B,-,Y,MER,10,99,-,-,14.490,H,-,N,Y,2,0,1,1,A,-,01,23152,A,N,E,I,A,A,H,-,C,D,1,,,,,Y,Y,A,07,1,0,0,0,0,0,0,0,0,"- ","- ",37.295589999999997,-120.47942999999999,MERCED,MERCED,-120.47902443,37.295431319999999
6854084,2015,2015-09-04,9461,2015-02-04,0642,14933,,3,1,9,2400,0,1,3,,1,452,"RT 152","CARLUCCI RD",0.00,,Y,E,-,Y,MER,10,152,-,-,29.822,I,5,W,N,1,1,0,2,A,-,09,21802,A,N,D,C,A,A,H,-,B,A,5,,,,Y,Y,,G,25,0,0,0,0,0,0,0,0,0,"- ","- ",37.054650000000002,-120.68083,MERCED,UNINCORPORATED,-120.68079686999999,37.054559009999998
6854231,2015,2015-04-15,9461,2015-02-07,2040,19052,,6,2,9,2400,0,1,3,,1,152,"RT 152","DINOSAUR POINT RD",1100.00,E,N,B,-,Y,MER,10,152,-,-,11.480,H,-,E,Y,1,1,0,1,A,-,01,23152,A,N,E,I,A,A,H,-,D,D,5,,,,,Y,Y,A,01,0,0,0,0,0,0,0,0,0,"- ","- ",37.068980000000003,-121.21232999999999,MERCED,UNINCORPORATED,-121.01253195,37.056801020000002
6854480,2014,2015-04-24,9460,2014-07-07,1059,17911,,1,1,9,2400,0,3,5,,2,050,"ARBOLEDA DR","OLIVE AV",4.00,S,N,B,-,N,,,,,,,,,,Y,1,1,2,2,A,-,09,21801,A,N,D,C,A,A,H,-,A,D,0,,,,,Y,,A,08,0,2,0,0,0,0,0,0,0,"- ","- ",37.317480000000003,-120.37742,MERCED,UNINCORPORATED,-120.37848043,37.317539019999998
6854635,2015,2015-06-01,2401,2015-05-04,2048,726,2401,1,5,3,2401,0,0,0,,0,003,"BELLEVUE RD","BUHACH RD",366.00,W,N,A,-,N,,,,,,,,,,N,1,1,0,2,A,-,11,21954,A,N,G,B,D,A,H,-,C,D,0,Y,,,,Y,Y,N,60,0,0,0,1,0,0,0,0,0,"- ","- ",,,MERCED,ATWATER,-120.57789898,37.360500000000002
6859627,2015,2015-04-22,9460,2015-03-05,1358,17827,,4,1,9,2400,0,3,5,,2,070,"MINTURN RD","HARVEY PETTIT RD",0.00,,Y,A,-,N,,,,,,,,,,Y,2,0,1,2,A,-,09,21801,A,N,D,C,A,A,H,-,A,D,0,,,,,Y,,D,22,1,0,0,0,0,0,0,0,0,"- ","- ",37.146059999999999,-120.27446999999999,MERCED,UNINCORPORATED,-120.27451986,37.170980100000001
6927772,2015,2015-06-08,2401,2015-05-11,1455,729,2401,1,5,3,2401,0,0,0,,0,003,"EAST BELLEVUE RD","SECRETARIAT DR",0.00,,Y,A,-,N,,,,,,,,,,N,2,0,1,2,A,-,05,21650,1,N,B,G,A,A,H,-,A,A,0,,Y,,,Y,,L,04,1,0,0,0,0,0,1,0,0,"- ","- ",,,MERCED,ATWATER,-120.57897997000001,37.360509899999997
6927775,2015,2015-06-08,2401,2015-05-09,2055,726,2401,6,5,3,2401,0,0,0,,0,003,"ATWATER BL","WINTON WY",0.00,,Y,A,-,N,,,,,,,,,,Y,2,0,2,4,A,-,09,21453,C,N,D,C,A,A,H,-,C,A,0,,,Y,,Y,Y,A,01,1,0,1,0,0,0,0,0,2,"- ","- ",,,MERCED,ATWATER,-120.61197989999999,37.346949989999999
6954847,2015,2016-12-19,9460,2015-04-17,2120,019005,,5,2,9,2400,0,1,3,,2,002,"RT 99","E ATWATER BL",528.00,E,N,A,-,Y,MER,10,99,-,-,21.510,H,-,S,N,2,0,1,1,A,-,08,22107,,N,F,A,A,A,H,-,D,D,1,,,,,Y,,A,01,1,0,0,0,0,0,0,0,0,"- ","- ",37.340020000000003,-120.5926,MERCED,UNINCORPORATED,-120.59163488999999,37.340286040000002
6983710,2015,2016-12-05,9461,2015-06-27,1819,19052,,6,2,9,2400,0,1,1,,2,205,"RT 5","RT 152",130.00,S,N,B,-,Y,MER,10,5,-,-,17.384,R,1,S,Y,2,0,1,1,A,-,08,22107,,N,F,A,A,A,H,-,A,D,1,,,,,Y,,A,07,1,0,0,0,0,0,0,0,0,"- ","- ",37.053710000000002,-120.96727,MERCED,UNINCORPORATED,-120.96786595,37.05448878
7003295,2015,2017-01-27,9461,2015-07-03,1810,017029,,5,2,9,2400,0,1,3,,1,152,"RT 152","BASALT RD",4752.00,W,N,A,-,Y,MER,10,152,-,R,9.930,H,-,E,Y,2,0,1,3,A,-,03,22350,,N,B,C,A,A,H,-,A,A,5,,,Y,,Y,,C,02,1,0,0,0,0,0,0,0,1,"- ","- ",37.069290000000002,-121.07205,MERCED,UNINCORPORATED,-121.07155072,37.069031459999998
7006044,2015,2015-07-27,9460,2015-04-11,1435,18806,,6,2,9,2400,0,3,5,,2,050,"HORNITOS RD","ROBINSON RD",3168.00,S,N,A,-,N,,,,,,,,,,Y,1,1,0,1,A,-,08,22107,,N,E,I,A,A,H,-,A,D,0,,,Y,,Y,,C,02,0,0,0,0,0,0,0,1,0,"- ","- ",37.295070000000003,-120.18418,MERCED,UNINCORPORATED,,
7006046,2015,2017-03-28,9461,2015-06-23,1406,17029,,2,2,9,2400,0,1,3,,1,465,"RT 165","SALT SLOUGH",3168.00,S,N,A,-,Y,MER,10,165,-,-,22.280,H,-,N,Y,1,1,2,2,A,-,06,21751,,N,A,C,A,A,H,-,A,A,0,,,,Y,Y,,A,01,1,0,1,0,0,0,0,0,0,"- ","- ",37.237589999999997,-120.85205999999999,MERCED,UNINCORPORATED,-120.85203464999999,37.246612059999997
7006125,2015,2015-09-02,9461,2015-07-29,0932,18928,,3,1,9,2400,0,1,3,,1,103,"RT 33","CALIFORNIA AQUADUCT",160.00,N,N,A,-,Y,MER,10,33,-,R,14.510,H,-,S,Y,1,1,1,2,A,-,17,23114,A,N,E,J,A,A,H,-,A,D,0,,,Y,Y,Y,,G,25,1,0,0,0,0,0,0,1,1,"- ","- ",37.076050000000002,-121.61619,MERCED,UNINCORPORATED,-121.01617847999999,37.075302489999999
7006496,2015,2017-04-03,9461,2015-07-03,1430,20008,,5,2,9,2400,0,1,3,,1,152,"RT 152","BALSALT RD",4224.00,E,N,A,-,Y,MER,10,152,-,R,11.750,H,-,E,Y,1,2,7,3,C,-,18,,,N,E,I,A,A,H,-,A,D,5,,,,,Y,,-,"- ",1,3,3,0,0,0,0,0,0,"- ","- ",37.057180000000002,-121.04514,MERCED,UNINCORPORATED,-121.04328459,37.057144090000001
7015673,2015,2015-08-12,2406,2015-06-08,2310,146,2,1,5,5,2406,0,0,0,,0,020,"EAST MAIN ST",CALIMYRNA,1584.00,E,N,A,-,N,,,,,,,,,,Y,2,0,1,2,A,-,01,23152,C,N,D,C,A,A,H,-,C,D,0,,,Y,,Y,Y,C,02,1,0,0,0,0,0,0,0,1,"- ","- ",,,MERCED,MERCED,-120.46713,37.29522
7155159,2015,2016-01-12,2406,2015-12-05,0120,225,2,6,5,5,2406,0,0,0,,0,020,"E SANTA FE","5TH AV",45.00,W,N,A,-,N,,,,,,,,,,N,2,0,1,2,A,-,05,21650,,F,G,B,E,A,H,-,D,D,0,Y,,,,Y,,A,01,1,0,0,0,1,0,0,0,0,"- ","- ",,,MERCED,MERCED,-120.46790952000001,37.304943350000002
7173150,2016,2016-02-03,2406,2016-01-20,2122,220,2,3,5,5,2406,0,0,0,,0,020,"CAROL AV","MOTEL DR",174.00,N,N,A,-,N,,,,,,,,,,N,2,0,1,2,A,-,05,21650,1,N,-,G,A,A,H,-,C,D,0,,Y,,,Y,,L,04,1,0,0,0,0,0,1,0,0,"- ","- ",,,MERCED,MERCED,-120.45444433,37.288793169999998
7190506,2016,2016-11-09,2405,2016-02-10,2211,738,3,3,5,3,2405,0,0,0,,0,002,"RT 165","WILLMOTT RD",16.00,N,N,A,-,Y,MER,10,165,-,-,9.640,H,-,S,Y,1,1,0,2,A,-,11,21955,,N,G,B,D,A,H,-,E,D,0,Y,,,,Y,Y,N,60,0,0,0,1,0,0,0,0,0,"- ","- ",,,MERCED,"LOS BANOS",-120.83515816000001,37.069359939999998