CASE_ID,ACCIDENT_YEAR,PROC_DATE,JURIS,COLLISION_DATE,COLLISION_TIME,OFFICER_ID,REPORTING_DISTRICT,DAY_OF_WEEK,CHP_SHIFT,POPULATION,CNTY_CITY_LOC,SPECIAL_COND,BEAT_TYPE,CHP_BEAT_TYPE,CITY_DIVISION_LAPD,CHP_BEAT_CLASS,BEAT_NUMBER,PRIMARY_RD,SECONDARY_RD,DISTANCE,DIRECTION,INTERSECTION,WEATHER_1,WEATHER_2,STATE_HWY_IND,CALTRANS_COUNTY,CALTRANS_DISTRICT,STATE_ROUTE,ROUTE_SUFFIX,POSTMILE_PREFIX,POSTMILE,LOCATION_TYPE,RAMP_INTERSECTION,SIDE_OF_HWY,TOW_AWAY,COLLISION_SEVERITY,NUMBER_KILLED,NUMBER_INJURED,PARTY_COUNT,PRIMARY_COLL_FACTOR,PCF_CODE_OF_VIOL,PCF_VIOL_CATEGORY,PCF_VIOLATION,PCF_VIOL_SUBSECTION,HIT_AND_RUN,TYPE_OF_COLLISION,MVIW,PED_ACTION,ROAD_SURFACE,ROAD_COND_1,ROAD_COND_2,LIGHTING,CONTROL_DEVICE,CHP_ROAD_TYPE,PEDESTRIAN_ACCIDENT,BICYCLE_ACCIDENT,MOTORCYCLE_ACCIDENT,TRUCK_ACCIDENT,NOT_PRIVATE_PROPERTY,ALCOHOL_INVOLVED,STWD_VEHTYPE_AT_FAULT,CHP_VEHTYPE_AT_FAULT,COUNT_SEVERE_INJ,COUNT_VISIBLE_INJ,COUNT_COMPLAINT_PAIN,COUNT_PED_KILLED,COUNT_PED_INJURED,COUNT_BICYCLIST_KILLED,COUNT_BICYCLIST_INJURED,COUNT_MC_KILLED,COUNT_MC_INJURED,PRIMARY_RAMP,SECONDARY_RAMP,LATITUDE,LONGITUDE,COUNTY,CITY,POINT_X,POINT_Y
7193842,2016,2016-02-24,2406,2016-01-21,1805,238,2,4,5,5,2406,0,0,0,,0,020,"WEST 21ST ST","K ST",0.00,,Y,A,-,N,,,,,,,,,,N,2,0,1,2,A,-,11,21950,B,N,G,B,D,A,H,-,C,D,0,Y,,,,Y,,N,60,1,0,0,0,1,0,0,0,0,"- ","- ",,,MERCED,MERCED,-120.47954995000001,37.304880070000003
8019864,2016,2016-04-12,2406,2016-03-03,1723,241,2,4,5,5,2406,0,0,0,,0,020,"G ST","WEST 20TH ST",0.00,,Y,A,-,N,,,,,,,,,,Y,2,0,2,2,A,-,09,21801,A,N,D,C,A,A,H,-,A,A,0,,,Y,,Y,,A,08,1,1,0,0,0,0,0,0,1,"- ","- ",,,MERCED,MERCED,-120.47410988,37.301690110000003
8032584,2016,2016-05-03,2406,2016-04-16,0727,183,2,6,5,5,2406,0,0,0,,0,021,"V ST","14TH ST",0.00,,Y,A,-,N,,,,,,,,,,Y,2,0,5,2,D,-,00,,,N,D,C,A,A,H,-,A,A,0,,,,,Y,Y,-,"- ",1,0,4,0,0,0,0,0,0,"- ","- ",,,MERCED,MERCED,-120.50041991000001,37.303470109999999
8066123,2016,2016-06-23,2406,2016-06-03,0634,113,1,5,5,5,2406,0,0,0,,0,011,"BUENA VISTA AV","SAN ISIDRO AV",0.00,,Y,A,-,N,,,,,,,,,,N,2,0,1,2,A,-,09,21801,A,N,B,G,A,A,H,-,A,A,0,,Y,,,Y,,D,22,1,0,0,0,0,0,1,0,0,"- ","- ",,,MERCED,MERCED,-120.50300996,37.326350099999999
8080471,2016,2016-07-27,2406,2016-06-21,2131,237,2,2,5,5,2406,0,0,0,,0,020,"GLEN AV","EAST 23RD ST",0.00,,Y,A,-,N,,,,,,,,,,Y,2,0,1,2,A,-,03,22350,,N,H,J,A,A,H,-,C,D,0,,,Y,,Y,,C,02,1,0,0,0,0,0,0,0,1,"- ","- ",,,MERCED,MERCED,-120.46285996,37.30113008
8104885,2016,2016-08-24,2406,2016-07-22,1548,237,2,5,5,5,2406,0,0,0,,0,020,"WEST 19TH ST","I ST",215.00,W,N,A,-,N,,,,,,,,,,Y,2,0,1,2,A,-,03,22350,,N,H,J,A,A,H,-,A,D,0,,Y,,,Y,,A,08,1,0,0,0,0,0,1,0,0,"- ","- ",,,MERCED,MERCED,-120.47836814999999,37.302012220000002
8146938,2016,2016-10-17,2406,2016-07-24,2312,246,2,7,5,5,2406,0,0,0,,0,020,"MARTIN LUTHER KING JR WY","WEST 19TH ST",0.00,,Y,A,-,N,,,,,,,,,,Y,2,0,6,2,A,-,12,22450,A,N,D,C,A,A,H,-,C,A,0,,,,,Y,,D,22,2,4,0,0,0,0,0,0,0,"- ","- ",,,MERCED,MERCED,-120.47920986,37.302330009999999
8157415,2016,2016-11-02,2406,2016-10-07,1948,162,3,5,5,5,2406,0,0,0,,0,030,"CANAL ST","WEST 10TH ST",0.00,,Y,A,-,N,,,,,,,,,,N,2,0,1,2,A,-,09,21800,B,N,D,G,A,A,H,-,C,-,0,,Y,,,Y,,A,07,1,0,0,0,0,0,1,0,0,"- ","- ",,,MERCED,MERCED,-120.4875499,37.294140030000001
8166888,2016,2017-04-18,2406,2016-12-19,1720,5628,1,1,5,5,2406,0,0,0,,0,011,"WEST OLIVE AV","APPLEWOOD LN",83.00,W,N,A,-,N,,,,,,,,,,Y,1,1,0,2,A,-,11,21954,A,N,G,B,D,A,H,-,C,D,0,Y,,,,Y,,N,60,0,0,0,1,0,0,0,0,0,"- ","- ",,,MERCED,MERCED,-120.48203534,37.319188580000002
8179202,2016,2016-12-13,2406,2016-10-14,1400,235,1,5,5,5,2406,0,0,0,,0,010,"M ST","W DONNA DR",0.00,,Y,B,-,N,,,,,,,,,,N,2,0,1,2,A,-,05,21650,1,N,D,G,A,A,H,-,A,A,0,,Y,,,Y,,L,04,1,0,0,0,0,0,1,0,0,"- ","- ",,,MERCED,MERCED,-120.47847,37.329709950000002
8204128,2016,2017-01-09,2404,2016-06-09,1739,X37,,4,5,3,2404,0,0,0,,0,,"NEW CASTLE DR","SOUTHPORT AV",23.00,E,N,A,-,N,,,,,,,,,,N,2,0,1,2,A,-,08,22107,,N,H,C,A,A,H,-,A,D,0,,,Y,,Y,,C,03,1,0,0,0,0,0,0,0,1,"- ","- ",37.386879999999998,-120.72353,MERCED,LIVINGSTON,-120.72754086,37.371749999999999
8341172,2017,2017-04-12,2406,2017-03-30,2031,195,SOUTH,4,5,5,2406,0,0,0,,0,031,"WEST 8TH ST","Q ST",78.00,E,N,A,-,N,,,,,,,,,,Y,2,0,1,1,A,-,03,22350,A,N,A,I,A,A,H,-,B,D,0,,,,,Y,,A,01,1,0,0,0,0,0,0,0,0,"- ","- ",,,MERCED,MERCED,-120.49599515,37.29485279
8404430,2016,2017-08-30,2405,2016-05-18,2313,716,,3,5,3,2405,0,0,0,,0,,"RT 152","6TH ST",0.00,,Y,A,-,Y,MER,10,152,-,-,20.420,I,5,E,N,1,1,0,2,A,-,11,21950,B,N,G,B,B,A,D,-,C,A,0,Y,,,Y,Y,,N,60,0,0,0,1,0,0,0,0,0,"- ","- ",37.056980000000003,-120.85080000000001,MERCED,"LOS BANOS",-120.85089487,37.056890780000003
8404896,2018,2018-06-28,2405,2018-01-03,1236,PD37,1,3,5,3,2405,0,0,0,,0,0B1,"RT 152","MARYLAND AV",0.00,,Y,B,-,Y,MER,10,152,-,-,19.781,I,5,W,Y,1,1,1,3,A,-,09,21802,,N,A,C,A,A,H,-,A,A,0,,,Y,,Y,,-,,0,0,1,0,0,0,0,1,0,"- ","- ",37.057338714599609,-120.86210632324219,MERCED,"LOS BANOS",-120.86215972900391,37.056880950927734
8422311,2017,2017-10-24,2401,2017-07-18,2022,729,2401,2,5,3,2401,0,0,0,,0,003,"DRAKELEY AV","5TH ST",25.00,E,N,A,-,N,,,,,,,,,,N,2,0,1,2,A,-,21,22106,,N,G,B,F,A,H,-,B,D,0,Y,,,,Y,Y,D,22,1,0,0,0,1,0,0,0,0,"- ","- ",,,MERCED,ATWATER,-120.61004226999999,37.348880649999998
8429605,2017,2017-08-17,2406,2017-07-08,1741,211,1,6,5,5,2406,0,0,0,,0,011,"W NORTH BEAR CREEK DR","PIRA DR",1056.00,W,N,A,-,N,,,,,,,,,,Y,2,0,1,1,A,-,03,22350,,N,E,I,A,A,H,-,A,D,0,,,,,Y,,A,01,1,0,0,0,0,0,0,0,0,"- ","- ",,,MERCED,MERCED,,
8436164,2017,2017-10-02,2406,2017-08-22,1820,260,2,2,5,5,2406,0,0,0,,0,021,"WEST 14TH ST","R STREET (EXTENDED)",36.00,W,N,A,-,N,,,,,,,,,,N,2,0,1,2,A,-,12,21453,A,N,D,G,A,A,H,-,A,A,0,,Y,,,Y,,L,04,1,0,0,0,0,0,1,0,0,"- ","- ",,,MERCED,MERCED,-120.49440308,37.301470129999998
8436193,2017,2017-09-14,2406,2017-08-19,1523,253,1,6,5,5,2406,0,0,0,,0,011,"NORTH BEAR CREEK DR",DRIFTWOOD,165.00,S,N,A,-,N,,,,,,,,,,Y,2,0,1,1,A,-,03,22350,,N,E,I,A,A,H,-,A,D,0,,,,,Y,,A,01,1,0,0,0,0,0,0,0,0,"- ","- ",,,MERCED,MERCED,-120.50231056,37.308355829999996
8447643,2017,2019-04-09,2401,2017-08-19,2154,723,2401,6,5,3,2401,0,0,0,,0,003,"AVENUE 1","GRANDVIEW DR",502.00,E,N,A,-,N,,,,,,,,,,Y,1,1,0,2,A,-,03,22350,,M,C,C,A,A,H,-,C,A,0,,,,,Y,Y,A,01,0,0,0,0,0,0,0,0,0,"- ","- ",,,MERCED,ATWATER,-120.57098361,37.342312130000003
8465678,2018,2019-03-18,2406,2018-12-28,1751,272,,5,5,5,2406,0,0,0,,0,"2 20","G ST","18TH ST",9.00,S,N,A,-,N,,,,,,,,,,N,1,1,0,2,A,-,12,21453,A,F,H,G,A,A,H,-,C,A,0,,Y,,,Y,,L,04,0,0,0,0,0,1,0,0,0,"- ","- ",,,MERCED,MERCED,-120.47527313232422,37.299659729003906
8519103,2017,2018-01-03,2406,2017-11-11,1930,247,2,6,5,5,2406,0,0,0,,0,020,"WEST 14TH ST","G ST",30.00,W,N,A,-,N,,,,,,,,,,N,2,0,1,2,A,-,10,21950,A,N,G,B,D,A,H,-,C,D,0,Y,,,,Y,,A,01,1,0,0,0,1,0,0,0,0,"- ","- ",,,MERCED,MERCED,-120.47776138,37.295545019999999
8533424,2017,2018-01-17,2406,2017-12-24,0153,251,1,7,5,5,2406,0,0,0,,0,001,"M ST","COMMUNITY WY",0.00,,Y,A,-,N,,,,,,,,,,Y,2,0,1,1,A,-,01,23152,A,N,A,I,A,A,H,-,C,A,0,,,,,Y,Y,A,01,1,0,0,0,0,0,0,0,0,"- ","- ",,,MERCED,MERCED,-120.47798,37.33999
8586243,2018,2018-04-18,2406,2018-03-10,0918,191,3,6,5,5,2406,0,0,0,,0,030,"E CONE AV","LAS BRISAS ST",210.00,E,N,B,-,N,,,,,,,,,,N,2,0,1,2,A,-,08,22107,,N,G,G,A,A,H,-,A,D,0,,Y,,,Y,,L,04,1,0,0,0,0,0,1,0,0,"- ","- ",,,MERCED,MERCED,-120.476318359375,37.284408569335938
8605952,2018,2018-05-14,2406,2018-04-30,2026,162,1,1,5,5,2406,0,0,0,,0,010,"G ST","BROCKDALE DR",0.00,,Y,B,-,N,,,,,,,,,,Y,2,0,1,2,A,-,01,23152,A,N,D,G,A,A,H,-,C,D,0,,Y,,,Y,Y,A,07,1,0,0,0,0,0,1,0,0,"- ","- ",,,MERCED,MERCED,-120.469358,37.321660000000001
8640577,2018,2018-07-20,2405,2018-01-01,2000,PD23,1,1,5,3,2405,0,0,0,,0,0B3,"WEST I ST","RT 152",19.00,S,N,-,-,Y,MER,10,152,-,-,19.520,H,-,W,N,2,0,1,2,A,-,02,21654,,N,-,-,-,-,-,-,-,-,0,Y,,,,Y,,N,60,1,0,0,0,1,0,0,0,0,"- ","- ",37.056880950927734,-120.86528778076172,MERCED,"LOS BANOS",-120.86703491210938,37.056831359863281
8640634,2018,2018-07-09,2405,2018-01-26,2033,PD14,1,5,5,3,2405,0,0,0,,0,0B1,"H ST","7TH ST",127.00,W,N,A,-,N,,,,,,,,,,Y,2,0,4,2,A,-,11,21954,A,N,G,B,D,A,H,-,B,D,0,Y,,,,Y,,N,60,2,2,0,0,1,0,0,0,0,"- ","- ",37.061489105224609,-120.84697723388672,MERCED,"LOS BANOS",-120.84616088867188,37.061393737792969
8648134,2018,2020-05-26,2405,2018-06-23,1659,PD14,2,6,5,3,2405,0,0,0,,0,0B2,"E PACHECO","E PACHECO 2000 BLK",0.00,,N,A,-,Y,MER,10,152,-,-,21.870,H,-,W,Y,1,1,0,2,A,-,12,22450,A,N,B,C,A,A,H,-,A,A,0,,,,,Y,Y,A,07,0,0,0,0,0,0,0,0,0,"- ","- ",37.057079315185547,-120.82453918457031,MERCED,"LOS BANOS",-120.82447052001953,37.057033538818359
8652726,2017,2018-07-09,2405,2017-12-10,1228,PD18,1,7,5,3,2405,0,0,0,,0,0B1,"MANDARIN AV","2ND ST",500.00,W,N,A,-,N,,,,,,,,,,N,2,0,1,1,A,-,03,22350,,N,E,I,A,A,H,-,A,D,0,,,Y,,Y,,C,02,1,0,0,0,0,0,0,0,1,"- ","- ",37.072000000000003,-120.85106999999999,MERCED,"LOS BANOS",-120.85216349,37.071780529999998
8660669,2017,2018-07-17,2404,2017-10-22,1924,X43,,7,5,3,2404,0,0,0,,0,,"WALNUT AV","DWIGHT WY",22.00,N,N,A,-,N,,,,,,,,,,Y,2,0,4,3,A,-,01,23153,A,N,C,C,A,A,H,-,C,D,0,,,,,Y,Y,A,07,1,1,2,0,0,0,0,0,0,"- ","- ",37.389560000000003,-120.70496,MERCED,LIVINGSTON,-120.70497,37.389569999999999
8667244,2018,2018-08-08,2405,2018-02-25,1340,PD39,2,7,5,3,2405,0,0,0,,0,0B2,"RT 152","SOUTH 13TH ST",0.00,,Y,A,-,Y,MER,10,152,-,-,21.176,I,5,E,Y,2,0,2,2,A,-,09,21801,A,N,D,C,A,A,H,-,A,D,0,,,,,Y,,A,01,1,0,1,0,0,0,0,0,0,"- ","- ",37.056968688964844,-120.83718872070312,MERCED,"LOS BANOS",-120.83708190917969,37.056922912597656
8669942,2018,2018-08-07,2405,2018-03-30,1849,PD31,3,5,5,3,2405,0,0,0,,0,0B3,"IRVINE DR","VASSAR CT",39.00,S,N,A,-,N,,,,,,,,,,N,2,0,1,1,D,-,00,,,N,H,C,A,A,H,-,A,A,0,,,Y,,Y,,-,"- ",1,0,0,0,0,0,0,0,1,"- ","- ",37.044441223144531,-120.8271484375,MERCED,"LOS BANOS",-120.82743072509766,37.044761657714844
8685234,2018,2018-08-30,2406,2018-06-28,1731,255,2,4,5,5,2406,0,0,0,,0,020,"EAST CHILDS AV","CAROL AV",0.00,,Y,A,-,N,,,,,,,,,,N,2,0,1,2,A,-,12,22450,A,N,D,G,A,A,H,-,A,A,0,,Y,,Y,Y,,L,04,1,0,0,0,0,0,1,0,0,"- ","- ",,,MERCED,MERCED,-120.45480999999999,37.288091000000001
8713213,2018,2018-10-29,2406,2018-09-22,2048,272,,6,5,5,2406,0,0,0,,0,2120,"GOLDEN OAK LN","KELLY AV",300.00,E,N,A,-,N,,,,,,,,,,N,2,0,1,2,B,-,22,,,F,G,B,F,A,H,-,D,D,0,Y,,,,Y,Y,-,,1,0,0,0,1,0,0,0,0,"- ","- ",,,MERCED,MERCED,-120.44747700000001,37.294891999999997
8737138,2018,2019-01-07,2401,2018-10-25,2236,724,2401,4,5,3,2401,0,0,0,,0,003,"OLIVE AV","HERMAN ST",0.00,,Y,A,-,N,,,,,,,,,,Y,2,0,3,3,B,-,22,,,N,H,E,A,A,H,-,D,A,0,,,Y,,Y,,C,02,3,0,0,0,0,0,0,0,3,"- ","- ",,,MERCED,ATWATER,-120.61949920654297,37.351238250732422
8760056,2018,2019-01-08,2405,2018-08-07,2058,PD38,3,2,5,3,2405,0,0,0,,0,0B3,"PACHECO BL","WARD RD",0.00,,Y,A,-,Y,MER,10,152,-,-,22.240,H,-,E,Y,2,0,1,2,A,-,01,23153,A,F,C,C,A,A,H,-,C,A,0,,,,,Y,Y,-,,1,0,0,0,0,0,0,0,0,"- ","- ",37.056079864501953,-120.82212066650391,MERCED,"LOS BANOS",-120.81801605224609,37.056865692138672
8760898,2018,2019-01-16,2406,2018-11-15,0458,262,NORTH,4,5,5,2406,0,0,0,,0,010,"CAMPUS DR","LINE DR",222.00,S,N,A,-,N,,,,,,,,,,Y,2,0,1,1,A,-,08,22107,,N,E,I,A,A,H,-,C,D,0,,,,,Y,,D,22,1,0,0,0,0,0,0,0,0,"- ","- ",,,MERCED,MERCED,-120.47187805175781,37.323467254638672
8761623,2018,2019-01-16,2406,2018-11-18,1951,267,2,7,5,5,2406,0,0,0,,0,021,"WEST 16TH ST","P ST",0.00,,Y,A,-,N,,,,,,,,,,N,2,0,1,2,A,-,11,21955,,N,G,B,D,A,H,-,C,D,0,Y,,,,Y,,N,60,1,0,0,0,1,0,0,0,0,"- ","- ",,,MERCED,MERCED,-120.48996734619141,37.302639007568359
8780077,2018,2019-02-26,2405,2018-10-12,0144,PD32,3,5,5,3,2405,0,0,0,,0,0B3,"RT 165","SCRIPPS DR",35.00,E,N,A,-,Y,MER,10,165,-,-,8.251,I,6,S,Y,2,0,3,1,A,-,08,22107,,N,E,I,A,A,H,-,C,A,0,,,,,Y,,A,01,1,2,0,0,0,0,0,0,0,"- ","- ",37.048480987548828,-120.83394622802734,MERCED,"LOS BANOS",-120.83552551269531,37.049301147460938
8800099,2019,2019-02-14,2406,2019-01-28,2348,267,1,1,5,5,2406,0,0,0,,0,011,"LOUGHBOROUGH DR","M ST",1109.00,W,N,A,-,N,,,,,,,,,,Y,2,0,1,3,A,-,01,23152,A,N,A,E,A,A,H,-,C,D,0,,,,,Y,Y,A,07,1,0,0,0,0,0,0,0,0,"- ","- ",,,MERCED,MERCED,-120.48206329345703,37.323368072509766
8807603,2019,2019-02-28,2406,2019-01-31,2252,256,2,4,5,5,2406,0,0,0,,0,021,"M ST","WEST 26TH ST",7.00,S,N,A,-,N,,,,,,,,,,N,2,0,1,2,A,-,03,22350,,N,G,B,B,A,H,-,C,D,0,Y,,,,Y,,A,07,1,0,0,0,1,0,0,0,0,"- ","- ",,,MERCED,MERCED,-120.47969818115234,37.310943603515625
8850125,2018,2019-05-02,2405,2018-12-09,1641,PD10,1,7,5,3,2405,0,0,0,,0,0B1,"6TH ST","1109 6TH ST",0.00,,-,A,-,N,,,,,,,,,,Y,2,0,2,4,A,-,01,23153,A,M,A,C,A,A,H,-,C,D,0,,,,,Y,,D,22,1,0,1,0,0,0,0,0,0,"- ","- ",37.074378967285156,-120.85334014892578,MERCED,"LOS BANOS",-120.849424,37.058759999999999
8886561,2019,2019-07-19,2406,2019-06-16,0047,260,1,7,5,5,2406,0,0,0,,0,010,"WEST YOSEMITE AV","M ST",0.00,,Y,A,-,N,,,,,,,,,,Y,2,0,4,2,A,-,01,23152,F,N,A,C,A,A,H,-,C,A,0,,,,,Y,,A,01,1,2,1,0,0,0,0,0,0,"- ","- ",,,MERCED,MERCED,-120.47844696044922,37.332111358642578
8891351,2019,2019-12-03,2405,2019-05-05,1319,PD27,3,7,5,3,2405,0,0,0,,0,0B3,"RT 165","PIONEER RD",0.00,,Y,A,-,Y,MER,10,165,-,-,7.782,I,5,N,Y,2,0,3,3,A,-,09,21802,A,N,D,C,A,A,H,-,A,A,0,,,,,Y,,-,99,1,0,2,0,0,0,0,0,0,"- ","- ",37.042369842529297,-120.83573150634766,MERCED,"LOS BANOS",-120.83577728271484,37.042411804199219
8910915,2019,2020-04-07,2406,2019-12-09,1400,129,NORTH,1,5,5,2406,0,0,0,,0,011,"WEST OLIVE AV","AUSTIN AV",0.00,,Y,B,-,N,,,,,,,,,,Y,1,1,0,3,A,-,12,21453,A,N,D,C,A,A,H,-,A,A,0,,,,,Y,,D,22,0,0,0,0,0,0,0,0,0,"- ","- ",,,MERCED,MERCED,-120.49498748779297,37.319229125976562
8911444,2020,2022-06-18,2406,2020-05-10,1942,201,2,7,5,5,2406,0,0,0,,0,020,"MOTEL DR","ALMOND AV",1300.00,E,N,A,-,N,,,,,,,,,,Y,1,1,0,1,D,-,00,,,N,E,I,A,A,H,-,D,D,0,,,,,Y,Y,-,"- ",0,0,0,0,0,0,0,0,0,"- ","- ",,,MERCED,MERCED,-120.457739,37.289637999999997
8911959,2020,2021-01-07,2405,2020-09-26,1945,PD27,3,6,5,3,2405,0,0,0,,0,0B3,"WEST I ST","BIRCH AV",184.00,S,N,A,-,N,,,,,,,,,,Y,1,1,2,6,A,-,01,23152,A,N,C,E,A,A,H,-,C,D,0,,,,,Y,Y,A,01,2,0,0,0,0,0,0,0,0,"- ","- ",37.05181884765625,-120.86734771728516,MERCED,"LOS BANOS",-120.86763000488281,37.051956176757812
8913363,2019,2020-02-04,2406,2019-07-05,2128,256,2,5,5,5,2406,0,0,0,,0,020,"YOSEMITE PKWY","KELLY AV",24.00,W,N,A,-,Y,MER,10,140,-,-,36.870,H,-,W,N,2,0,1,2,A,-,11,21456,C,N,G,B,B,A,H,-,C,A,0,Y,,,,Y,,N,60,1,0,0,0,1,0,0,0,0,"- ","- ",,,MERCED,MERCED,-120.44855499267578,37.295150756835938
8939439,2019,2020-01-03,2406,2019-09-28,0307,201,1,6,5,5,2406,0,0,0,,0,011,"NORTH BEAR CREEK DR","PIRA DR",528.00,W,N,A,-,N,,,,,,,,,,Y,1,1,1,1,A,-,01,23152,A,N,A,I,A,A,H,-,D,D,0,,,,,Y,Y,A,01,1,0,0,0,0,0,0,0,0,"- ","- ",,,MERCED,MERCED,-120.49162292480469,37.314846038818359
8950011,2019,2019-10-17,2406,2019-08-27,0445,241,2,2,5,5,2406,0,0,0,,0,021,"14TH ST","V ST",900.00,E,N,A,-,N,,,,,,,,,,N,2,0,1,2,A,-,05,21202,A,N,C,G,A,A,H,-,C,D,0,,Y,,,Y,,L,04,1,0,0,0,0,0,1,0,0,"- ","- ",,,MERCED,MERCED,-120.49756622314453,37.302528381347656
8950061,2019,2019-10-09,2404,2019-07-04,2158,X48,,4,5,3,2404,0,0,0,,0,,"WALNUT AV","SYCAMORE ST",0.00,,Y,A,-,N,,,,,,,,,,Y,2,0,1,2,A,-,09,21802,A,N,D,C,A,A,H,-,C,A,0,,,,,Y,,A,01,1,0,0,0,0,0,0,0,0,"- ","- ",37.389549255371094,-120.7017822265625,MERCED,LIVINGSTON,-120.70179748535156,37.389568328857422
8950334,2019,2019-12-10,2406,2019-09-10,1215,281,2,2,5,5,2406,0,0,0,,0,021,"WEST 16TH ST","V ST",138.00,E,N,A,-,N,,,,,,,,,,N,2,0,1,2,A,-,08,22107,,F,G,B,F,A,H,-,A,D,0,Y,,,,Y,,A,01,1,0,0,0,1,0,0,0,0,"- ","- ",,,MERCED,MERCED,-120.49858093261719,37.305770874023438
8958219,2019,2019-10-21,2401,2019-09-01,0214,724,2401,7,5,3,2401,0,0,0,,0,003,"ATWATER BL","CASTLE ST",229.00,E,N,A,-,N,,,,,,,,,,Y,2,0,1,1,A,-,08,22107,,N,E,I,A,A,H,-,C,D,0,,,,,Y,Y,A,01,1,0,0,0,0,0,0,0,0,"- ","- ",,,MERCED,ATWATER,-120.60147857666016,37.34295654296875
8962518,2019,2019-10-24,2406,2019-09-04,1845,267,1,3,5,5,2406,0,0,0,,0,010,"EAST OLIVE AV","COLLEGE AV",32.00,W,N,A,-,N,,,,,,,,,,N,2,0,1,2,A,-,17,21208,A,N,-,G,A,A,H,-,A,D,0,,Y,,,Y,,L,04,1,0,0,0,0,0,1,0,0,"- ","- ",,,MERCED,MERCED,-120.46642303466797,37.318477630615234
8970510,2019,2019-11-14,2406,2019-09-19,0828,129,NORTH,4,5,5,2406,0,0,0,,0,011,"PAULSON RD","EAST YOSEMITE AV",9.00,S,N,A,-,N,,,,,,,,,,N,2,0,1,2,A,-,05,21650,1,N,D,G,A,A,H,-,A,A,0,,Y,,,Y,,L,04,1,0,0,0,0,0,1,0,0,"- ","- ",,,MERCED,MERCED,-120.4599609375,37.332115173339844
8978278,2019,2019-11-25,2405,2019-08-11,1843,126,2,7,5,3,2405,0,0,0,,0,0B2,"FALLBROOK DR","HEATHER CREEK DR",128.00,E,N,A,-,N,,,,,,,,,,Y,2,0,1,3,A,-,08,22107,,N,E,E,A,A,H,-,A,A,0,,,,,Y,,A,01,1,0,0,0,0,0,0,0,0,"- ","- ",37.063240051269531,-120.81639862060547,MERCED,"LOS BANOS",-120.81644439697266,37.062969207763672
8978697,2019,2019-11-25,2405,2019-09-13,1357,PD30,3,5,5,3,2405,0,0,0,,0,0B3,"PIONEER RD","BLUE RIDGE AV",0.00,,Y,A,-,N,,,,,,,,,,Y,2,0,5,2,A,-,09,21804,,N,B,C,A,A,H,-,A,D,0,,,,,Y,,A,01,2,2,1,0,0,0,0,0,0,"- ","- ",37.042320251464844,-120.84253692626953,MERCED,"LOS BANOS",-120.84250640869141,37.042308807373047
8984108,2019,2020-02-03,2405,2019-08-26,0000,PD27,3,1,5,3,2405,0,0,0,,0,0B3,"RT 165","SCRIPPS DR",10.00,W,N,A,-,Y,MER,10,165,-,-,8.251,I,5,N,N,2,0,1,2,A,-,10,21950,A,N,G,B,B,A,H,-,A,A,0,Y,,,,Y,,A,01,1,0,0,0,1,0,0,0,0,"- ","- ",37.048480987548828,-120.83394622802734,MERCED,"LOS BANOS",-120.83552551269531,37.049304962158203
8995918,2019,2020-02-06,2406,2019-12-06,1604,233,2,5,5,5,2406,0,0,0,,0,020,"W 18TH ST","MARTIN LUTHER KING JR WY",0.00,W,N,A,-,N,,,,,,,,,,Y,2,0,1,1,A,-,03,22350,,N,G,I,A,A,H,-,A,D,0,,,,,Y,,A,01,1,0,0,0,0,0,0,0,0,"- ","- ",,,MERCED,MERCED,-120.47978210449219,37.30133056640625
90015529,2015,2015-10-19,9460,2015-08-29,2255,020099,,6,3,9,2400,0,3,5,,2,100,"CAMPGROUND RD","MARRIOTT AVE",230.00,W,N,A,-,N,,,,,,,,,,Y,2,0,3,2,A,-,21,22106,,N,H,C,A,A,H,-,D,D,0,,,,,Y,,A,01,1,0,2,0,0,0,0,0,0,"- ","- ",37.404870000000003,-120.75127000000001,MERCED,UNINCORPORATED,-120.75115166,37.404798210000003
90015895,2015,2015-10-19,9460,2015-09-01,1518,018422,,2,2,9,2400,0,1,3,,1,143,SR-140,"CUNNINGHAM RD",2640.00,E,N,A,-,Y,,,140,,,,,,,Y,2,0,3,1,A,-,08,22107,,N,E,I,A,A,H,-,A,D,0,,,,,Y,,A,07,1,2,0,0,0,0,0,0,0,"- ","- ",37.33146,-120.2431,MERCED,UNINCORPORATED,-120.24310561999999,37.331471960000002
90017224,2015,2015-10-19,9460,2015-09-07,0730,018823,,1,1,9,2400,0,3,5,,2,030,"GROVE AVE","BELLEVUE RD",0.00,,Y,A,-,N,,,,,,,,,,Y,2,0,3,2,A,-,09,21802,A,N,D,C,A,A,H,-,A,A,0,,,,,Y,,A,07,3,0,0,0,0,0,0,0,0,"- ","- ",37.360300000000002,-120.64136000000001,MERCED,UNINCORPORATED,-120.64126989,37.360339959999997
90020972,2015,2015-10-19,9460,2015-08-29,0925,018806,,6,1,9,2400,0,3,5,,2,050,"SNELLING ROAD","LA PALOMA ROAD",21120.00,N,N,A,-,N,,,,,,,,,,Y,2,0,2,1,A,-,08,22107,,N,E,I,A,A,H,-,A,D,0,,,Y,,Y,,C,02,2,0,0,0,0,0,0,0,2,"- ","- ",37.265259999999998,-120.25498,MERCED,UNINCORPORATED,-120.43110338,37.44868237
90023499,2015,2015-10-19,9461,2015-09-20,2325,019923,,7,3,9,2400,0,2,4,,1,415,"HENRY MILLER RD","TURNER ISLAND RD",3696.00,E,N,A,-,N,,,,,,,,,,Y,2,0,1,1,A,-,01,23152,A,N,E,I,A,A,H,-,D,D,0,,,,,Y,Y,D,22,1,0,0,0,0,0,0,0,0,"- ","- ",37.09787,-120.69477000000001,MERCED,UNINCORPORATED,-120.70851330000001,37.097963380000003