CASE_ID,ACCIDENT_YEAR,PROC_DATE,JURIS,COLLISION_DATE,COLLISION_TIME,OFFICER_ID,REPORTING_DISTRICT,DAY_OF_WEEK,CHP_SHIFT,POPULATION,CNTY_CITY_LOC,SPECIAL_COND,BEAT_TYPE,CHP_BEAT_TYPE,CITY_DIVISION_LAPD,CHP_BEAT_CLASS,BEAT_NUMBER,PRIMARY_RD,SECONDARY_RD,DISTANCE,DIRECTION,INTERSECTION,WEATHER_1,WEATHER_2,STATE_HWY_IND,CALTRANS_COUNTY,CALTRANS_DISTRICT,STATE_ROUTE,ROUTE_SUFFIX,POSTMILE_PREFIX,POSTMILE,LOCATION_TYPE,RAMP_INTERSECTION,SIDE_OF_HWY,TOW_AWAY,COLLISION_SEVERITY,NUMBER_KILLED,NUMBER_INJURED,PARTY_COUNT,PRIMARY_COLL_FACTOR,PCF_CODE_OF_VIOL,PCF_VIOL_CATEGORY,PCF_VIOLATION,PCF_VIOL_SUBSECTION,HIT_AND_RUN,TYPE_OF_COLLISION,MVIW,PED_ACTION,ROAD_SURFACE,ROAD_COND_1,ROAD_COND_2,LIGHTING,CONTROL_DEVICE,CHP_ROAD_TYPE,PEDESTRIAN_ACCIDENT,BICYCLE_ACCIDENT,MOTORCYCLE_ACCIDENT,TRUCK_ACCIDENT,NOT_PRIVATE_PROPERTY,ALCOHOL_INVOLVED,STWD_VEHTYPE_AT_FAULT,CHP_VEHTYPE_AT_FAULT,COUNT_SEVERE_INJ,COUNT_VISIBLE_INJ,COUNT_COMPLAINT_PAIN,COUNT_PED_KILLED,COUNT_PED_INJURED,COUNT_BICYCLIST_KILLED,COUNT_BICYCLIST_INJURED,COUNT_MC_KILLED,COUNT_MC_INJURED,PRIMARY_RAMP,SECONDARY_RAMP,LATITUDE,LONGITUDE,COUNTY,CITY,POINT_X,POINT_Y
90025803,2015,2015-10-19,9460,2015-08-31,1100,018823,,1,1,3,2401,0,1,3,,2,002,"SR-99 (N/B)","APPLEGATE RD",1453.00,S,N,A,-,Y,,,99,,,,,,,Y,2,0,2,3,A,-,07,21658,A,F,D,C,A,A,H,-,A,D,0,,,Y,Y,Y,,C,02,1,1,0,0,0,0,0,0,2,"- ","- ",37.343000000000004,-120.60850000000001,MERCED,ATWATER,-120.60850800999999,37.342978100000003
90031104,2015,2015-10-19,9460,2015-09-24,1735,018673,,4,2,9,2400,0,3,5,,2,070,"BAKER DR","COFFEE ST",2640.00,W,N,A,-,N,,,,,,,,,,Y,2,0,1,1,A,-,01,23152,A,N,F,A,A,A,H,-,A,D,0,,,,,Y,Y,A,01,1,0,0,0,0,0,0,0,0,"- ","- ",37.294759999999997,-120.44139,MERCED,UNINCORPORATED,-120.44258610999999,37.294864220000001
90035992,2015,2015-10-22,9460,2015-10-06,1745,018951,,2,2,9,2400,0,3,5,,2,040,"HOSPITAL AVENUE","AIRDROME ENTRY",267.00,N,N,A,-,N,,,,,,,,,,Y,2,0,1,1,A,-,08,22107,,N,F,A,A,A,H,-,A,D,0,,,Y,,Y,,C,02,1,0,0,0,0,0,0,0,1,"- ","- ",37.363799999999998,-120.57599999999999,MERCED,UNINCORPORATED,-120.57639713,37.3640732
90043415,2015,2015-11-03,9461,2015-10-03,0710,018910,,6,1,3,2405,0,2,4,,1,115,"HENRY MILLER AVENUE","CHEROKEE RD",2112.00,E,N,A,-,N,,,,,,,,,,Y,1,1,0,1,A,-,08,22107,,N,E,I,A,A,H,-,B,D,0,,,,,Y,,A,01,0,0,0,0,0,0,0,0,0,"- ","- ",37.100320000000004,-120.96868000000001,MERCED,"LOS BANOS",-120.96999868,37.100380379999997
90047161,2015,2015-11-09,9461,2015-11-06,1718,019052,,5,2,9,2400,0,1,3,,1,152,"SR-152 E/B","UPPER COTTONWOOD",4224.00,W,N,A,-,Y,,,,,,,,,,Y,2,0,1,2,A,-,03,22350,,N,C,C,A,A,H,-,D,D,0,,,,,Y,,A,01,1,0,0,0,0,0,0,0,0,"- ","- ",37.087389999999999,-121.19328,MERCED,UNINCORPORATED,,
90052698,2015,2015-11-17,9460,2015-10-10,1335,018673,,6,1,9,2400,0,3,5,,2,050,"MERCED FALLS RD","LA GRANGE RD",15312.00,E,N,A,-,N,,,,,,,,,,Y,1,1,0,1,A,-,01,23152,F,N,E,I,A,A,H,-,A,D,0,,,,,Y,Y,D,22,0,0,0,0,0,0,0,0,0,"- ","- ",37.517769999999999,-120.37639,MERCED,UNINCORPORATED,-120.37796954,37.518122859999998
90063600,2015,2015-12-02,9461,2015-11-29,0730,019724,,7,1,9,2400,0,2,4,,1,115,"HENRY MILLER RD","CHEROKEE RD",2640.00,E,N,A,-,N,,,,,,,,,,Y,2,0,1,1,A,-,08,22107,,N,F,A,A,A,H,-,A,D,0,,,,,Y,,A,01,1,0,0,0,0,0,0,0,0,"- ","- ",37.1004,-120.96648999999999,MERCED,UNINCORPORATED,-120.96818835000001,37.10036839
90065387,2015,2015-12-04,9460,2015-11-18,1713,020012,,3,2,9,2400,0,3,5,,2,040,"OAKDALE RD","FISHER RD",0.00,,Y,B,-,N,,,,,,,,,,Y,2,0,2,2,A,-,09,21801,A,N,A,C,A,A,H,-,D,A,0,,,,,Y,,D,22,1,1,0,0,0,0,0,0,0,"- ","- ",37.433300000000003,-120.54874,MERCED,UNINCORPORATED,-120.54839989,37.433199889999997
90075813,2015,2015-12-17,9460,2015-12-15,1530,019378,,2,2,9,2400,0,3,5,,2,030,"SOUTHERN PACIFIC AVE","BELMIRA RD",0.00,,Y,A,-,N,,,,,,,,,,Y,2,0,2,2,A,-,09,21801,A,N,A,C,A,A,H,-,A,D,0,,,,,Y,,A,08,1,0,1,0,0,0,0,0,0,"- ","- ",37.334409999999998,-120.57966,MERCED,UNINCORPORATED,-120.57962999999999,37.334499999999998
90078894,2015,2015-12-21,9460,2015-12-06,1955,019500,,7,2,9,2400,0,1,3,,1,165,SR-165,"FOWLER RD",500.00,S,N,B,-,Y,,,165,,,,,,,Y,2,0,1,3,A,-,01,23152,A,N,B,C,A,A,H,-,D,D,0,,,,,Y,Y,A,01,1,0,0,0,0,0,0,0,0,"- ","- ",37.439700000000002,-120.84950000000001,MERCED,UNINCORPORATED,-120.84944326999999,37.43969748
90088789,2015,2016-01-05,9460,2015-10-16,1840,018951,,5,2,9,2400,0,2,4,,1,031,"WINTON WAY","DORIS AVENUE",0.00,,Y,A,-,N,,,,,,,,,,N,1,1,0,2,A,-,11,21954,A,N,G,B,D,A,H,-,B,D,0,Y,,,,Y,Y,N,60,0,0,0,1,0,0,0,0,0,"- ","- ",37.380659999999999,-120.61348,MERCED,UNINCORPORATED,-120.61357987,37.380709920000001
90091227,2016,2016-01-08,9461,2016-01-06,1540,014933,,3,2,9,2400,0,1,3,,1,465,SR-165,"SAN JOAQUIN RIVER",1056.00,S,N,B,C,Y,,,165,,,,,,,Y,1,1,2,1,A,-,01,23152,E,N,F,A,A,B,H,-,A,D,0,,,,,Y,,A,07,0,1,1,0,0,0,0,0,0,"- ","- ",37.269500000000001,-120.85141,MERCED,UNINCORPORATED,-120.85133977,37.269499869999997
90099558,2016,2016-01-21,9461,2016-01-12,1325,018910,,2,1,9,2400,0,1,3,,1,140,"SR-140 (SULLIVAN ROAD)","PRINCE RD",1056.00,E,N,B,-,Y,,,140,,,,,,,Y,2,0,1,3,A,-,03,22350,,N,C,C,A,A,H,-,A,D,0,,,,Y,Y,,A,01,1,0,0,0,0,0,0,0,0,"- ","- ",37.245809999999999,-121.01851000000001,MERCED,UNINCORPORATED,-121.01851000000001,37.245816470000001
90100780,2016,2016-01-22,9460,2016-01-10,1855,019500,,7,2,9,2400,0,2,4,,1,041,"SANTA FE DR","BEACHWOOD DR",20.00,W,N,B,-,N,,,,,,,,,,Y,2,0,4,2,A,-,01,23152,A,N,C,C,A,A,H,-,C,D,0,,,,,Y,Y,A,01,1,1,2,0,0,0,0,0,0,"- ","- ",37.322400000000002,-120.52,MERCED,UNINCORPORATED,-120.52768403,37.332313980000002
90106903,2015,2016-02-01,9460,2015-12-07,2100,019378,,1,2,9,2400,0,3,5,,2,080,"TYLER RD","CHILDS AVE",500.00,S,N,A,-,N,,,,,,,,,,N,1,1,0,2,A,-,11,21956,,F,G,B,E,A,H,-,D,D,0,Y,,,,Y,Y,N,60,0,0,0,1,0,0,0,0,0,"- ","- ",37.285739999999997,-120.46980000000001,MERCED,UNINCORPORATED,-120.46980370999999,37.286597120000003
90109848,2015,2016-02-05,9461,2015-12-31,2500,020543,,4,4,9,2400,0,1,3,,1,103,SR-33,"MARSHALL RD",2900.00,N,N,A,-,Y,,,,,,,,,,Y,1,1,0,1,A,-,08,22107,,N,F,A,A,A,H,-,D,D,0,,,,,Y,,A,01,0,0,0,0,0,0,0,0,0,"- ","- ",37.143450000000001,-121.01298,MERCED,UNINCORPORATED,-121.01446063,37.144941420000002
90110779,2016,2016-02-08,9460,2016-01-24,2500,019665,,7,4,9,2400,0,3,5,,2,070,"LE GRAND ROAD","ATHLONE ROAD",220.00,W,N,A,-,N,,,,,,,,,,Y,2,0,1,1,A,-,01,23152,A,M,F,A,A,A,H,-,D,D,0,,,,,Y,Y,A,07,1,0,0,0,0,0,0,0,0,"- ","- ",37.229430000000001,-120.35323,MERCED,UNINCORPORATED,-120.35311535,37.229287149999998
90119420,2015,2016-02-22,9460,2015-11-09,1910,020012,,1,2,9,2400,0,3,5,,2,030,"ASHBY RD","FERN ST",2112.00,W,N,B,-,N,,,,,,,,,,N,1,1,0,2,A,-,11,21956,A,F,G,B,E,B,H,-,D,D,0,Y,,,,Y,Y,N,60,0,0,0,1,0,0,0,0,0,"- ","- ",37.319699999999997,-120.53636,MERCED,UNINCORPORATED,-120.53627311,37.319561880000002
90119663,2016,2016-02-22,9460,2016-02-11,0545,017827,,4,3,9,2400,0,1,3,,1,590,SR-59,"YOUD RD.",8448.00,N,N,A,-,Y,,,59,,,,,,,Y,2,0,1,2,A,-,06,21751,,N,A,C,A,A,H,-,D,D,0,,,Y,,Y,,A,01,1,0,0,0,0,0,0,0,1,"- ","- ",37.48368,-120.50305,MERCED,UNINCORPORATED,-120.50312465,37.483680820000004
90125247,2016,2016-02-29,9460,2016-02-20,0155,019661,,6,3,9,2400,0,3,5,,2,020,"VINCENT ROAD","WEST BRADBURY ROAD",1584.00,N,N,A,-,N,,,,,,,,,,Y,2,0,1,1,A,-,01,23152,A,N,E,I,A,A,H,-,C,D,0,,,,,Y,Y,D,22,1,0,0,0,0,0,0,0,0,"- ","- ",37.453449999999997,-120.77636,MERCED,UNINCORPORATED,-120.77631,37.448569999999997
90134533,2016,2016-03-11,9460,2016-02-14,2500,014541,,7,4,9,2400,0,3,5,,2,040,"YOUD ROAD","AMSTERDAM ROAD",3168.00,E,N,A,-,N,,,,,,,,,,Y,1,4,0,1,A,-,01,23152,A,N,F,A,A,A,H,-,D,D,0,,,,,Y,Y,D,22,0,0,0,0,0,0,0,0,0,"- ","- ",37.448009999999996,-120.53205,MERCED,UNINCORPORATED,-120.53955999999999,37.442329999999998
90138922,2015,2016-03-17,9461,2015-12-06,0345,012458,,7,3,9,2400,0,1,3,,1,465,SR-165,"WOLFSEN RD",11088.00,N,N,E,-,Y,,,165,,,,,,,Y,1,1,1,2,A,-,01,23152,E,N,A,C,A,A,H,-,D,D,0,,,,,Y,,A,08,0,1,0,0,0,0,0,0,0,"- ","- ",37.170439999999999,-120.83143,MERCED,UNINCORPORATED,-120.83177431999999,37.170352680000001
90155448,2016,2016-04-12,9461,2016-03-21,0700,019637,,1,1,9,2400,0,2,4,,1,110,"INGOMAR GRADE","HEARST RD",133.00,S,N,B,-,N,,,,,,,,,,Y,1,2,0,2,A,-,08,22107,,N,A,C,A,A,H,-,A,D,0,,,,,Y,,A,01,0,0,0,0,0,0,0,0,0,"- ","- ",37.142940000000003,-120.95350000000001,MERCED,UNINCORPORATED,-120.953647,37.143127999999997
90156604,2016,2016-04-13,9461,2016-04-01,1345,019724,,5,1,9,2400,0,1,3,,1,152,"SR-152 E/B","DINOSAUR POINT",2640.00,E,N,A,-,Y,,,152,,,,,,E,Y,2,0,1,1,A,-,08,22107,,N,E,I,A,A,H,-,A,D,0,,,,,Y,,D,22,1,0,0,0,0,0,0,0,0,"- ","- ",37.068869999999997,-121.21227,MERCED,UNINCORPORATED,-121.21227937,37.068878349999999
9015867,2019,2020-01-09,2405,2019-11-24,1943,38,2,7,5,3,2405,0,0,0,,0,002,"SAN LUIS ST","NICKEL ST",100.00,E,N,A,-,N,,,,,,,,,,N,2,0,1,2,A,-,10,21950,A,N,G,B,D,A,H,-,D,A,0,Y,,,,Y,,N,60,1,0,0,0,1,0,0,0,0,"- ","- ",37.061691284179688,-120.82576751708984,MERCED,"LOS BANOS",-120.82541656494141,37.061676025390625
90159555,2016,2016-04-18,9461,2016-04-16,1506,019052,,6,2,9,2400,0,3,5,,2,040,"HUTCHINS RD","ELGIN AVE",315.00,E,N,A,-,N,,,,,,,,,,N,2,0,1,1,A,-,08,22107,,N,F,A,A,A,H,-,A,D,0,,,,,Y,,A,42,1,0,0,0,0,0,0,0,0,"- ","- ",37.083280000000002,-120.63427,MERCED,UNINCORPORATED,-120.63441034,37.083316439999997
90177565,2016,2016-05-11,9460,2016-04-24,1041,019005,,7,1,9,2400,0,1,3,,1,591,SR-59,"TURLOCK RD.",2112.00,N,N,A,-,Y,,,59,,,,,,,Y,2,0,2,2,A,-,17,23114,A,N,H,C,A,A,H,-,A,D,0,,,Y,,Y,,E,22,1,1,0,0,0,0,0,0,2,"- ","- ",37.493859999999998,-120.49947,MERCED,UNINCORPORATED,-120.49947493000001,37.493880349999998
90185786,2016,2016-06-13,9460,2016-05-21,0122,020099,,6,3,9,2400,0,1,3,,2,002,"SR-99 (S/B)","FRANKLIN RD",528.00,S,N,A,-,Y,,,,,,,,,,Y,2,0,2,2,A,-,01,23152,E,F,C,C,A,A,H,-,D,D,0,,,,,Y,,D,22,2,0,0,0,0,0,0,0,0,"- ","- ",37.23039,-120.53928999999999,MERCED,UNINCORPORATED,-120.54130914,37.320916969999999
90206944,2016,2016-06-22,9460,2016-06-07,0220,019005,,2,3,5,2406,0,1,3,,2,003,"SR-99 (S/B)","G ST",89.00,N,N,A,-,Y,,,99,,,,,,,Y,2,0,1,1,A,-,01,23152,A,N,E,I,A,A,H,-,C,D,0,,,,,Y,Y,A,01,1,0,0,0,0,0,0,0,0,"- ","- ",37.295400000000001,-120.47687999999999,MERCED,MERCED,-120.47687427,37.295327020000002
90209824,2016,2016-06-27,9460,2016-06-17,1058,019640,,5,1,9,2400,0,1,3,,1,165,SR-165,"BRADBURY RD",1056.00,S,N,A,-,Y,,,165,,,,,,,Y,2,0,6,6,A,-,03,22350,,N,C,C,A,A,H,-,A,D,0,,,,,Y,,D,22,2,3,1,0,0,0,0,0,0,"- ","- ",37.44706,-120.84907,MERCED,UNINCORPORATED,-120.84916543999999,37.447061859999998
90210768,2016,2016-10-31,9460,2016-06-20,1730,019923,,1,2,9,2400,0,3,5,,2,090,"STEINBERG RD","BELL DR",0.00,,Y,A,-,N,,,,,,,,,,Y,2,0,2,2,A,-,09,21802,A,N,D,C,A,A,H,-,A,D,0,,,,,Y,,A,01,1,1,0,0,0,0,0,0,0,"- ","- ",37.345840000000003,-120.65994999999999,MERCED,UNINCORPORATED,-120.65984994999999,37.345799909999997
90211039,2016,2016-06-28,9461,2016-06-23,1210,017329,,4,1,9,2400,0,3,5,,2,040,"NICKEL ROAD","SAND SLOUGH ROAD",6.00,S,N,A,-,N,,,,,,,,,,Y,2,0,2,1,A,-,03,22350,,N,E,I,A,A,H,-,A,D,0,,,,,Y,,A,01,1,0,1,0,0,0,0,0,0,"- ","- ",37.171669999999999,-120.68348,MERCED,UNINCORPORATED,-120.68346,37.171790000000001
90221174,2016,2016-07-25,9460,2016-05-25,2029,019806,,3,2,5,2406,0,1,3,,2,003,"SR-99 (S/B)",SR-140,70.00,N,N,B,-,Y,,,99,,,,,,,Y,1,1,0,1,A,-,03,22350,,N,E,I,A,A,H,-,B,D,0,,,,,Y,,A,07,0,0,0,0,0,0,0,0,0,"- ","- ",37.295209999999997,-120.4691,MERCED,MERCED,-120.46910167999999,37.295205449999997
90227018,2016,2016-07-20,9461,2016-07-06,1410,019724,,3,2,9,2400,0,1,3,,1,452,"SR-152 E/B","SOUZA RD",260.00,W,N,A,-,Y,,,152,,,,,,E,Y,2,0,1,1,A,-,08,22107,,N,E,I,A,A,H,-,A,D,0,,,,,Y,,A,01,1,0,0,0,0,0,0,0,0,"- ","- ",37.053789999999999,-120.65483,MERCED,UNINCORPORATED,-120.65482819,37.054017379999998
90229146,2016,2016-07-25,9460,2016-07-03,1725,020592,,7,2,9,2400,0,3,5,,2,070,"WORDEN AVE","ARBOLEDA DRIVE",5808.00,E,N,A,-,N,,,,,,,,,,N,2,0,2,1,A,-,08,22107,,N,F,A,A,A,H,-,A,D,0,,,Y,,Y,,C,02,1,1,0,0,0,0,0,0,2,"- ","- ",37.236559999999997,-120.35877000000001,MERCED,UNINCORPORATED,-120.35939646,37.236568480000003
90229770,2016,2016-07-25,9460,2016-07-19,1805,020592,,2,2,9,2400,0,3,5,,2,040,"OLIVE AVE","SANTA FE DR",697.00,N,N,A,-,N,,,,,,,,,,Y,2,0,1,2,A,-,08,22107,,N,D,C,A,A,H,-,A,D,0,,,Y,,Y,,A,07,1,0,0,0,0,0,0,0,1,"- ","- ",37.396650000000001,-120.62858,MERCED,UNINCORPORATED,-120.63133999999999,37.396900000000002
90230191,2016,2016-07-26,9461,2016-07-04,1350,020543,,1,1,9,2400,0,1,3,,1,152,"SR-152 E/B","ROMEROS VISITOR CENTER",2640.00,E,N,A,G,Y,,,152,,,,,,E,Y,1,1,0,1,A,-,08,22107,,N,E,I,A,A,H,-,A,D,0,,,Y,,Y,,C,02,0,0,0,0,0,0,0,1,0,"- ","- ",37.081110000000002,-121.09206,MERCED,UNINCORPORATED,-121.09209835,37.08104419
90236535,2016,2016-08-03,9460,2016-07-20,2033,020099,,3,2,9,2400,0,1,3,,1,591,"STATE HIGHWAY 59 (SR-59)","GERARD AVE",0.00,,Y,A,-,Y,,,59,,,,,,,Y,2,0,1,2,A,-,01,23152,A,N,D,C,A,A,H,-,C,D,0,,,,,Y,Y,A,01,1,0,0,0,0,0,0,0,0,"- ","- ",37.28098,-120.48765,MERCED,UNINCORPORATED,-120.48767319,37.280980599999999
90244839,2016,2016-08-15,9461,2016-08-12,0330,019052,,5,3,9,2400,0,2,4,,1,410,"TURNER ISLAND RD","SHELL AVE",2112.00,S,N,A,-,N,,,,,,,,,,Y,2,0,5,1,A,-,00,2207,,N,F,A,A,A,H,-,D,D,0,,,,,Y,,A,07,1,2,2,0,0,0,0,0,0,"- ","- ",37.077779999999997,-120.70780999999999,MERCED,UNINCORPORATED,-120.70788225,37.077760949999998
90260732,2016,2016-09-05,9460,2016-08-25,2000,019500,,4,2,9,2400,0,3,5,,2,100,"MCCULLAGH RD.","FOURTH AVE.",130.00,N,N,A,-,N,,,,,,,,,,N,2,0,1,2,A,-,08,22107,,N,H,G,A,A,H,-,D,D,0,,Y,,,Y,,L,04,1,0,0,0,0,0,1,0,0,"- ","- ",37.321199999999997,-120.8784,MERCED,UNINCORPORATED,-120.87843705,37.320926999999998
90261082,2016,2016-09-05,9460,2016-08-31,1815,019923,,3,2,9,2400,0,3,5,,2,040,"OAKDALE RD","BUHACH RD",528.00,E,N,A,-,N,,,,,,,,,,Y,2,0,1,2,A,-,21,22106,,N,D,C,A,A,H,-,A,D,0,,,,,Y,,D,22,1,0,0,0,0,0,0,0,0,"- ","- ",37.438960000000002,-120.57203,MERCED,UNINCORPORATED,-120.57408173,37.439492610000002
90265412,2016,2016-09-12,9461,2016-09-01,2311,020385,,4,3,9,2400,0,1,1,,2,105,"I-5 N/B",SR-140,899.00,S,N,A,-,Y,,,5,,,,,,N,Y,2,0,1,2,A,-,11,21954,A,N,G,B,E,A,H,-,D,D,0,Y,,,,Y,,N,60,1,0,0,0,1,0,0,0,0,"- ","- ",37.243279999999999,-121.08798,MERCED,UNINCORPORATED,-121.08798734,37.24327821
90265516,2016,2017-01-16,9460,2016-03-25,2500,020365,,5,4,9,2400,0,3,5,,2,040,"SHAFFER RD","SANTA FE DR",785.00,N,N,A,-,N,,,,,,,,,,N,2,0,1,2,A,-,08,22107,,F,H,G,A,A,H,-,D,D,0,,Y,,,Y,,-,99,1,0,0,0,0,0,1,0,0,"- ","- ",37.376440000000002,-120.59556000000001,MERCED,UNINCORPORATED,-120.59549198000001,37.37674518
90270292,2016,2016-09-19,9460,2016-09-11,0339,019005,,7,3,9,2400,0,3,5,,2,050,"LAKE ROAD","ATLANTIC ST",409.00,N,N,A,-,N,,,,,,,,,,Y,2,0,1,1,A,-,01,23152,A,N,E,I,A,A,H,-,C,D,0,,,,,Y,Y,A,01,1,0,0,0,0,0,0,0,0,"- ","- ",37.333179999999999,-120.43299,MERCED,UNINCORPORATED,-120.43288939999999,37.335762719999998
90282304,2016,2016-12-12,9461,2016-09-18,1100,018910,,7,1,9,2400,0,1,3,,1,152,"SR-152 WESTBOUND","LOWER COTTONWOOD",2640.00,W,N,A,-,Y,,,152,,,,,,W,Y,1,1,0,1,A,-,01,23152,A,N,F,A,A,A,H,-,A,D,0,,,,,Y,Y,D,22,0,0,0,0,0,0,0,0,0,"- ","- ",37.104570000000002,-121.13133000000001,MERCED,UNINCORPORATED,-121.13136498,37.104787719999997
90286690,2016,2016-10-07,9460,2016-06-04,0337,020012,,6,3,9,2400,0,3,5,,2,070,"SANTA FE AVE","CHILDS AVE",0.00,,Y,A,-,N,,,,,,,,,,Y,1,1,0,1,A,-,01,23152,A,N,E,I,A,A,H,-,D,A,0,,,,,Y,Y,A,01,0,0,0,0,0,0,0,0,0,"- ","- ",37.288139999999999,-120.3201,MERCED,UNINCORPORATED,-120.31982988999999,37.287850050000003
90289943,2016,2016-10-12,9460,2016-09-23,1555,018673,,5,2,9,2400,0,3,5,,2,080,"GURR RD","RODUNER RD",2112.00,N,N,A,-,N,,,,,,,,,,Y,2,0,1,1,A,-,08,22107,,N,E,I,A,A,H,-,A,D,0,,,,,Y,,A,07,1,0,0,0,0,0,0,0,0,"- ","- ",37.14593,-120.33369999999999,MERCED,UNINCORPORATED,-120.56056031,37.249989290000002
90322228,2016,2016-11-17,9460,2016-11-15,2200,020099,,2,3,9,2400,0,1,3,,2,001,"SR-99 (N/B)","SHANKS RD",1584.00,N,N,B,-,Y,,,99,,,,,,,Y,2,0,1,1,A,-,01,23152,E,N,F,A,A,A,H,-,D,D,0,,,,,Y,,A,07,1,0,0,0,0,0,0,0,0,"- ","- ",37.419429999999998,-120.76417000000001,MERCED,UNINCORPORATED,-120.76362640000001,37.420046859999999
9032744,2020,2020-03-12,2406,2020-01-12,0140,268,3,7,5,5,2406,0,0,0,,0,031,"THORNTON RD","HAWK DR",528.00,S,N,B,-,N,,,,,,,,,,Y,2,0,1,1,A,-,01,23152,A,N,F,A,A,A,H,-,D,D,0,,,,,Y,Y,A,01,1,0,0,0,0,0,0,0,0,"- ","- ",,,MERCED,MERCED,-120.52381134033203,37.280658721923828
90334586,2016,2016-12-01,9460,2016-06-24,1650,020099,,5,2,9,2400,0,2,4,,1,031,"WINTON WAY  (GRADE CROSSING 028706E)","SANTA FE DR",80.00,S,N,A,-,N,,,,,,,,,,Y,1,1,0,2,A,-,12,22451,B,N,H,F,A,A,H,-,A,A,0,,,,,Y,,D,22,0,0,0,0,0,0,0,0,0,"- ","- ",37.385660000000001,-120.61385,MERCED,UNINCORPORATED,-120.61350345,37.385571130000002
90344658,2016,2016-12-14,9460,2016-12-07,2253,020807,,3,3,9,2400,0,1,3,,2,001,"SR-99 (N/B)","BRADBURY RD",340.00,S,N,C,-,Y,,,99,,,,,,,Y,2,0,1,1,A,-,01,23152,A,N,F,I,A,B,H,-,D,D,0,,,,,Y,Y,A,01,1,0,0,0,0,0,0,0,0,"- ","- ",37.448009999999996,-120.79613999999999,MERCED,UNINCORPORATED,-120.79619001,37.44794718
90347764,2016,2016-12-19,9461,2016-12-02,0750,018910,,5,1,9,2400,0,3,5,,2,010,"CANAL SCHOOL RD",SR-33,342.00,N,N,A,-,N,,,,,,,,,,Y,1,1,0,2,A,-,03,22350,,N,A,C,A,A,H,-,A,D,0,,,,,Y,,A,01,0,0,0,0,0,0,0,0,0,"- ","- ",37.283929999999998,-121.00829,MERCED,UNINCORPORATED,-121.00832903,37.284533119999999
90359109,2016,2017-01-02,9461,2016-12-06,1624,020351,,2,2,9,2400,0,1,3,,1,152,"SR-152 W/B",SR-33,1840.00,W,N,A,-,Y,,,152,,,,,,W,Y,1,1,3,2,A,-,08,22107,,N,D,C,A,A,H,-,A,D,0,,,,,Y,,D,22,0,1,2,0,0,0,0,0,0,"- ","- ",37.056959999999997,-121.02276000000001,MERCED,UNINCORPORATED,-121.02275994,37.056988519999997
90359148,2016,2017-01-02,9460,2016-10-21,2049,018922,,5,2,9,2400,0,3,5,,2,010,"CENTRAL AVENUE","TURNER AVENUE",8976.00,N,N,A,-,N,,,,,,,,,,Y,1,1,0,1,A,-,01,23152,A,N,E,I,A,A,H,-,D,D,0,,,,,Y,Y,D,22,0,0,0,0,0,0,0,0,0,"- ","- ",37.398420000000002,-120.95921,MERCED,UNINCORPORATED,-120.95922043,37.397162780000002
90361947,2016,2017-02-24,9460,2016-12-19,1715,019923,,1,2,9,2400,0,2,4,,1,071,"BURCHELL AVE","SANTA FE AVE",0.00,,Y,A,-,N,,,,,,,,,,Y,2,0,6,2,A,-,01,23152,A,N,D,C,A,A,H,-,D,A,0,,,,,Y,Y,A,07,1,1,4,0,0,0,0,0,0,"- ","- ",37.262839999999997,-120.28863,MERCED,UNINCORPORATED,-120.28866988999999,37.262880090000003
90386357,2017,2017-02-06,9461,2017-01-27,1610,019838,,5,2,9,2400,0,1,3,,1,103,"SR-33 S/B","CANAL SCHOOL RD",0.00,,Y,A,-,N,,,33,,,,,,S,Y,2,0,2,2,A,-,01,23152,A,N,A,C,A,A,H,-,A,D,0,,,,,Y,Y,A,08,2,0,0,0,0,0,0,0,0,"- ","- ",37.283299999999997,-121.00830000000001,MERCED,UNINCORPORATED,-121.00825811,37.283315639999998
90389950,2017,2017-02-09,9460,2017-01-09,1722,018922,,1,2,9,2400,0,3,5,,2,070,"HEALY ROAD","SANDY MUSH ROAD",4224.00,N,N,B,C,N,,,,,,,,,,Y,1,1,1,2,A,-,05,21650,,N,A,C,A,B,H,-,D,D,0,,,,,Y,,A,01,0,1,0,0,0,0,0,0,0,"- ","- ",37.197389999999999,-120.43395,MERCED,UNINCORPORATED,-120.43752000000001,37.185389999999998
90390128,2017,2017-02-10,9460,2017-01-29,1405,020008,,7,2,9,2400,0,3,5,,2,090,"WHITE CRANE RD","APPLEGATE RD",0.00,,Y,A,-,N,,,,,,,,,,Y,2,0,3,2,A,-,09,21802,A,N,D,C,A,A,H,-,A,A,0,,,,,Y,,A,01,1,1,1,0,0,0,0,0,0,"- ","- ",37.316679999999998,-120.61462,MERCED,UNINCORPORATED,-120.61457987999999,37.316680079999998
90391575,2017,2017-02-13,9461,2017-01-27,0555,017329,,5,3,9,2400,1,1,3,,1,465,SR-165,"SAN JOAQUIN RIVER",7392.00,S,N,A,-,Y,,,165,,,,,,,Y,1,1,1,2,A,-,01,23152,E,N,A,C,A,A,H,-,D,D,0,,,,,Y,,A,08,0,1,0,0,0,0,0,0,0,"- ","- ",37.275790000000001,-120.85133,MERCED,UNINCORPORATED,-120.85134035999999,37.275790059999999