CASE_ID,ACCIDENT_YEAR,PROC_DATE,JURIS,COLLISION_DATE,COLLISION_TIME,OFFICER_ID,REPORTING_DISTRICT,DAY_OF_WEEK,CHP_SHIFT,POPULATION,CNTY_CITY_LOC,SPECIAL_COND,BEAT_TYPE,CHP_BEAT_TYPE,CITY_DIVISION_LAPD,CHP_BEAT_CLASS,BEAT_NUMBER,PRIMARY_RD,SECONDARY_RD,DISTANCE,DIRECTION,INTERSECTION,WEATHER_1,WEATHER_2,STATE_HWY_IND,CALTRANS_COUNTY,CALTRANS_DISTRICT,STATE_ROUTE,ROUTE_SUFFIX,POSTMILE_PREFIX,POSTMILE,LOCATION_TYPE,RAMP_INTERSECTION,SIDE_OF_HWY,TOW_AWAY,COLLISION_SEVERITY,NUMBER_KILLED,NUMBER_INJURED,PARTY_COUNT,PRIMARY_COLL_FACTOR,PCF_CODE_OF_VIOL,PCF_VIOL_CATEGORY,PCF_VIOLATION,PCF_VIOL_SUBSECTION,HIT_AND_RUN,TYPE_OF_COLLISION,MVIW,PED_ACTION,ROAD_SURFACE,ROAD_COND_1,ROAD_COND_2,LIGHTING,CONTROL_DEVICE,CHP_ROAD_TYPE,PEDESTRIAN_ACCIDENT,BICYCLE_ACCIDENT,MOTORCYCLE_ACCIDENT,TRUCK_ACCIDENT,NOT_PRIVATE_PROPERTY,ALCOHOL_INVOLVED,STWD_VEHTYPE_AT_FAULT,CHP_VEHTYPE_AT_FAULT,COUNT_SEVERE_INJ,COUNT_VISIBLE_INJ,COUNT_COMPLAINT_PAIN,COUNT_PED_KILLED,COUNT_PED_INJURED,COUNT_BICYCLIST_KILLED,COUNT_BICYCLIST_INJURED,COUNT_MC_KILLED,COUNT_MC_INJURED,PRIMARY_RAMP,SECONDARY_RAMP,LATITUDE,LONGITUDE,COUNTY,CITY,POINT_X,POINT_Y
9039160,2019,2020-02-11,2405,2019-12-23,1434,PD27,1,1,5,3,2405,0,0,0,,0,0B1,"HONEYBELL CT","DANCY ST",270.00,S,N,A,-,N,,,,,,,,,,N,2,0,1,2,A,-,21,22106,,N,G,B,F,A,H,-,A,D,0,Y,,,,Y,,A,01,1,0,0,0,1,0,0,0,0,"- ","- ",37.072238922119141,-120.85475921630859,MERCED,"LOS BANOS",-120.85502624511719,37.072208404541016
90395265,2017,2017-02-17,9460,2017-02-11,1354,018673,,6,1,9,2400,0,1,3,,1,165,SR-165,"JOHNSON AVE",138.00,S,N,A,-,Y,,,,,,,,,,N,2,0,1,2,A,-,05,21460,C,N,D,C,A,A,H,-,A,D,0,,,Y,,Y,,C,02,1,0,0,0,0,0,0,0,1,"- ","- ",37.255809999999997,-120.50592,MERCED,UNINCORPORATED,-120.84974,37.432851030000002
90406019,2017,2017-03-06,9461,2017-02-23,1755,020903,,4,2,9,2400,0,1,3,,1,152,"SR-152 E/B","DINOSAUR POINT ROAD",2640.00,E,N,B,-,Y,,,152,,,,,,E,Y,2,0,2,2,A,-,08,22107,,N,E,I,A,A,H,-,C,D,0,,,,,Y,,A,01,1,0,1,0,0,0,0,0,0,"- ","- ",37.07714,-121.20493,MERCED,UNINCORPORATED,-121.20493172,37.077184539999998
90411441,2016,2017-03-13,9460,2016-10-21,1800,015256,,5,2,9,2400,0,1,3,,1,591,SR-59,"DICKENSON FERRY RD",0.00,,Y,A,-,Y,,,59,,,,,,,Y,1,1,0,2,A,-,09,21802,A,N,D,C,A,A,H,-,A,A,0,,,Y,,Y,Y,D,22,0,0,0,0,0,0,0,1,0,"- ","- ",37.273760000000003,-120.48769,MERCED,UNINCORPORATED,-120.48784386,37.273763629999998
90420075,2017,2017-03-24,9460,2017-03-12,1433,019918,,7,2,9,2400,0,3,5,,2,030,"GURR RD","VALLEY DR",48.00,N,N,A,-,N,,,,,,,,,,N,2,0,1,1,A,-,08,22107,,N,H,A,A,A,H,-,A,D,0,,Y,,,Y,,L,04,1,0,0,0,0,0,1,0,0,"- ","- ",37.330930000000002,-120.55895,MERCED,UNINCORPORATED,-120.55888785,37.330901789999999
90420242,2017,2017-03-24,9460,2017-01-12,1220,014541,,4,1,9,2400,0,3,5,,2,020,"2ND AVENUE SOUTH","SOUTH AVENUE",53.00,S,N,B,-,N,,,,,,,,,,Y,2,0,2,1,A,-,08,22107,,N,E,I,A,A,H,-,A,A,0,,,,,Y,,A,01,1,1,0,0,0,0,0,0,0,"- ","- ",37.426540000000003,-120.76568,MERCED,UNINCORPORATED,-120.76578438999999,37.426494499999997
90437011,2017,2017-04-18,9461,2017-04-12,1455,019052,,3,2,9,2400,0,1,3,,1,152,"SR-152 E/B","ROMERO'S VISTOR CENTER",2640.00,E,N,B,-,Y,,,152,,,,,,E,Y,2,0,1,1,A,-,01,23152,G,N,F,A,A,A,H,-,A,D,0,,,,,Y,Y,D,22,1,0,0,0,0,0,0,0,0,"- ","- ",37.081400000000002,-121.09294,MERCED,UNINCORPORATED,-121.09288143000001,37.081500509999998
90438960,2017,2017-04-20,9460,2017-04-12,1110,016320,,3,1,9,2400,0,1,3,,1,165,"STATE ROUTE 165","AMERICAN AVENUE",0.00,,Y,A,-,Y,,,,,,,,,,Y,2,0,2,2,A,-,12,21453,A,N,D,C,A,A,H,-,A,A,0,,,,,Y,,A,07,1,1,0,0,0,0,0,0,0,"- ","- ",37.410319999999999,-120.84752,MERCED,UNINCORPORATED,-120.85004992,37.411519920000003
90453880,2017,2017-05-23,9460,2017-05-02,1135,017827,,2,1,9,2400,0,3,5,,2,040,"SANTA FE DR.","SPACEPORT ENTRY",0.10,E,N,A,-,N,,,,,,,,,,N,2,0,1,2,A,-,08,22107,,N,C,G,A,A,H,-,A,D,0,,Y,,,Y,,A,01,1,0,0,0,0,0,1,0,0,"- ","- ",37.340850000000003,-120.54130000000001,MERCED,UNINCORPORATED,,
90469791,2017,2017-06-02,9460,2017-05-19,1925,020112,,5,2,9,2400,0,3,5,,2,030,"WINTON WAY","BOBBIE AVENUE",0.00,,Y,A,-,N,,,,,,,,,,Y,2,0,2,2,A,-,01,23152,A,N,A,C,A,A,H,-,A,D,0,,,,Y,Y,Y,A,01,2,0,0,0,0,0,0,0,0,"- ","- ",37.379300000000001,-120.61359,MERCED,UNINCORPORATED,-120.61360987,37.379319950000003
90479028,2017,2017-06-15,9460,2017-01-01,1942,020012,,7,2,9,2400,0,1,3,,2,001,"SR-99 (N/B)","COLLIER RD",600.00,S,N,B,-,Y,,,99,,,,,,,N,2,0,1,2,A,-,11,21956,,F,G,B,E,A,H,-,D,D,0,Y,,,,Y,Y,N,60,1,0,0,0,1,0,0,0,0,"- ","- ",37.407110000000003,-120.74966000000001,MERCED,UNINCORPORATED,-120.74966234999999,37.407106939999998
90481834,2017,2017-06-20,9460,2017-02-15,0824,017827,,3,1,9,2400,0,1,3,,1,143,SR-140,"N. ORCHARD DR.",34.00,W,N,A,-,Y,,,140,,,,,,,Y,1,1,0,1,A,-,01,23152,F,N,E,I,A,A,H,-,A,D,0,,,,,Y,,A,01,0,0,0,0,0,0,0,0,0,"- ","- ",37.295960000000001,-120.39715,MERCED,UNINCORPORATED,-120.39713616,37.295504950000002
90482596,2017,2017-06-21,9460,2017-05-28,1813,019806,,7,2,9,2400,0,3,5,,2,080,"SANDY MUSH RD","GURR RD",2112.00,E,N,A,-,N,,,,,,,,,,Y,1,1,3,1,A,-,08,22107,,N,F,A,A,A,H,-,A,D,0,,,,,Y,,A,07,0,2,1,0,0,0,0,0,0,"- ","- ",37.1858,-120.5532,MERCED,UNINCORPORATED,-120.55432157,37.185877720000001
90483098,2017,2018-03-07,9460,2017-03-05,1132,019106,,7,1,9,2400,0,1,3,,1,591,SR-59,"GRANT RD",1040.00,S,N,C,F,Y,,,59,,,,,,,Y,1,2,3,2,A,-,08,22107,,N,A,C,A,C,H,-,A,D,0,,,,Y,Y,,A,07,3,0,0,0,0,0,0,0,0,"- ","- ",37.117690000000003,-120.49276,MERCED,UNINCORPORATED,-120.49225516999999,37.117688170000001
90508268,2017,2017-08-21,9461,2017-07-21,1840,016452,,5,2,9,2400,0,2,4,,1,415,"HENRY MILLER RD",SR-165,6864.00,E,N,A,-,N,,,,,,,,,,Y,1,1,2,1,A,-,01,23152,A,N,E,I,A,A,H,-,A,D,0,,,,,Y,Y,A,01,1,0,1,0,0,0,0,0,0,"- ","- ",37.099469999999997,-120.81137,MERCED,UNINCORPORATED,-120.81132771999999,37.099517429999999
90522297,2017,2017-12-04,9460,2017-08-01,1220,018623,,2,1,9,2400,0,3,5,,2,080,"COMBS RD.","SANDY MUSH RD",0.00,,Y,A,-,N,,,,,,,,,,Y,1,1,0,1,A,-,08,22107,,M,E,I,A,A,H,-,A,D,0,,,,,Y,,A,07,0,0,0,0,0,0,0,0,0,"- ","- ",37.185769999999998,-120.54604,MERCED,UNINCORPORATED,-120.54622990999999,37.185860060000003
90534269,2017,2017-08-25,9460,2017-08-17,1358,018922,,4,1,9,2400,0,3,5,,2,060,"STRETCH ROAD","MCKEE ROAD",0.00,,Y,A,-,N,,,,,,,,,,Y,2,0,1,2,A,-,09,21802,A,N,D,C,A,A,H,-,A,A,0,,,,,Y,,D,22,1,0,0,0,0,0,0,0,0,"- ","- ",37.300319999999999,-120.44508,MERCED,UNINCORPORATED,-120.44505991,37.300320050000003
90538393,2017,2017-08-31,9461,2017-07-31,2315,018670,,1,3,9,2400,0,1,3,,2,453,"SR-152 E/B",SR-59,1584.00,W,N,A,-,Y,,,152,,,,,,E,Y,1,1,0,1,C,-,18,,,N,H,H,A,A,H,-,D,D,0,,,,,Y,,-,"- ",0,0,0,0,0,0,0,0,0,"- ","- ",37.081800000000001,-120.49759,MERCED,UNINCORPORATED,-120.49748146,37.081547880000002
90547811,2017,2017-10-23,9460,2017-07-04,0430,020857,,2,3,9,2400,0,3,5,,2,040,"OAKDALE RD","MERCED/STANISLAUS COUNTY LINE",3696.00,S,N,A,-,N,,,,,,,,,,N,1,1,0,2,A,-,11,21956,A,N,G,B,E,A,H,-,D,D,0,Y,,,,Y,,N,60,0,0,0,1,0,0,0,0,0,"- ","- ",37.509639999999997,-120.67346000000001,MERCED,UNINCORPORATED,,
90555025,2017,2017-09-25,9461,2017-08-16,1845,021056,,3,2,9,2400,0,2,4,,1,110,"INGOMAR GRADE W/B","SYLVESTER RD",1584.00,E,N,A,-,N,,,,,,,,,,Y,1,1,2,1,A,-,08,22107,,N,F,A,A,A,H,-,A,D,0,,,,,Y,,A,07,0,2,0,0,0,0,0,0,0,"- ","- ",37.088270000000001,-120.90393,MERCED,UNINCORPORATED,-120.90466384,37.088521880000002
90561327,2017,2017-10-02,9460,2017-09-25,1610,018922,,1,2,9,2400,0,1,3,,1,591,SR-59,"CANTON ROAD",1584.00,S,N,A,-,Y,,,59,,,,,,,Y,2,0,1,2,A,-,03,22350,,N,C,C,A,A,H,-,A,D,0,,,Y,,Y,,C,02,1,0,0,0,0,0,0,0,1,"- ","- ",37.196129999999997,-120.48808,MERCED,UNINCORPORATED,-120.48818375,37.196130250000003
90563067,2017,2017-10-04,9461,2017-08-27,2034,016452,,7,2,9,2400,0,1,3,,1,465,"STATE ROUTE 165","SANTA FE GRADE",6336.00,N,N,A,-,Y,,,165,,,,,,,Y,1,1,2,2,A,-,01,23152,G,N,A,C,A,A,H,-,D,D,0,,,Y,,Y,,C,02,2,0,0,0,0,0,0,1,0,"- ","- ",37.12133,-120.83474,MERCED,UNINCORPORATED,-120.83482374,37.121330239999999
90575795,2017,2017-10-23,9461,2017-10-11,0720,021832,,3,1,9,2400,0,3,5,,2,050,"ARROYA AVE","CYPRESS AVE",47.00,N,N,A,-,N,,,,,,,,,,Y,2,0,1,1,A,-,08,22107,,N,F,A,A,A,H,-,A,D,0,,,,,Y,,A,01,1,0,0,0,0,0,0,0,0,"- ","- ",37.025709999999997,-120.67193,MERCED,UNINCORPORATED,-120.67179,37.025659070000003
90575914,2017,2017-10-23,9461,2017-10-01,0300,018670,,7,3,9,2400,0,1,3,,1,452,"SR-152 W/B","MIDWAY RD",337.00,E,N,A,-,Y,,,152,,,,,,W,Y,2,0,1,1,A,-,08,22107,,F,F,A,A,A,H,-,D,D,0,,,,,Y,,A,01,1,0,0,0,0,0,0,0,0,"- ","- ",37.055019999999999,-120.7496,MERCED,UNINCORPORATED,-120.74959435,37.055399739999999
90583045,2017,2017-10-30,9460,2017-10-19,1815,020012,,4,2,9,2400,0,3,5,,2,010,"MC CULLAGH RD","3RD AVE",1056.00,S,N,A,-,N,,,,,,,,,,N,2,0,1,1,A,-,03,22350,,F,H,A,A,A,H,-,A,D,0,,,,,Y,,D,22,1,0,0,0,0,0,0,0,0,"- ","- ",37.325159999999997,-120.87842999999999,MERCED,UNINCORPORATED,-120.87840396999999,37.324930019999996
90591733,2017,2017-11-09,9460,2017-08-05,2215,020840,,6,3,9,2400,0,1,3,,1,165,SR-165,"BRADBURY RD",2112.00,S,N,A,-,Y,,,165,,,,,,,Y,1,1,1,2,A,-,01,23152,A,N,A,C,A,A,H,-,D,D,0,,,,,Y,Y,A,01,1,0,0,0,0,0,0,0,0,"- ","- ",37.443730000000002,-120.84918999999999,MERCED,UNINCORPORATED,-120.84927893,37.443734259999999
90591828,2017,2017-11-09,9460,2017-08-19,1251,018623,,6,1,9,2400,0,1,3,,1,591,SR-59,"MILES CREEK BRIDE #39-104",246.00,N,N,A,-,Y,,,59,,,,,,,Y,1,1,2,2,A,-,03,22350,,N,F,A,A,A,H,-,A,D,0,,,Y,,Y,,C,02,0,2,0,0,0,0,0,1,2,"- ","- ",37.256570000000004,-120.48793000000001,MERCED,UNINCORPORATED,-120.48796824999999,37.256570080000003
90595793,2017,2017-11-16,9460,2017-08-13,0623,018806,,7,1,9,2400,0,3,5,,2,030,"SHAFFER ROAD","SANTA FE DRIVE",59.00,S,N,A,-,N,,,,,,,,,,Y,1,1,0,2,A,-,01,23152,A,N,H,F,A,A,H,-,B,A,0,,,,,Y,Y,A,01,0,0,0,0,0,0,0,0,0,"- ","- ",37.374339999999997,-120.59557,MERCED,UNINCORPORATED,-120.59554,37.374427990000001
90606311,2017,2017-11-30,9460,2017-09-19,1344,019918,,2,1,9,2400,0,3,5,,2,010,"BRADBURY RD","YOUNGSTOWN RD",840.00,E,N,A,-,N,,,,,,,,,,Y,1,1,0,2,A,-,01,23152,F,N,A,C,A,A,H,-,A,D,0,,,,Y,Y,,D,22,0,0,0,0,0,0,0,0,0,"- ","- ",37.448900000000002,-120.81864,MERCED,UNINCORPORATED,-120.81887668,37.448880010000003
90608939,2017,2017-12-04,9461,2017-11-23,1705,021832,,4,2,9,2400,0,1,3,,1,152,"E/B 152","SAN JUAN ROAD",0.00,,Y,A,-,Y,,,,,,,,,,Y,2,0,3,2,A,-,01,23152,A,N,D,C,A,A,H,-,D,A,0,,,,,Y,Y,A,01,3,0,0,0,0,0,0,0,0,"- ","- ",37.053989999999999,-120.65366,MERCED,UNINCORPORATED,,
90612359,2017,2017-12-07,9460,2017-11-27,1035,012845,,1,1,9,2400,0,1,3,,1,165,"STATE ROUTE 165 (LANDER AVENUE)","SIXTH AVENUE",1584.00,S,N,A,-,Y,,,165,,,,,,,Y,2,0,5,1,A,-,08,22107,,N,E,I,A,A,H,-,A,D,0,,,,,Y,,A,01,1,0,4,0,0,0,0,0,0,"- ","- ",37.300640000000001,-120.85137,MERCED,UNINCORPORATED,-120.85131364999999,37.300639359999998
9061257,2020,2020-03-04,2406,2020-01-21,1442,288,2,2,5,5,2406,0,0,0,,0,021,"MAIN ST","O ST",0.00,,Y,A,-,N,,,,,,,,,,Y,2,0,2,2,A,-,09,21801,A,N,A,C,A,A,H,-,A,D,0,,,,,Y,,A,08,1,0,1,0,0,0,0,0,0,"- ","- ",,,MERCED,MERCED,-120.48784637451172,37.303089141845703
90618409,2017,2017-12-15,9460,2017-12-07,0805,012845,,4,1,9,2400,0,2,4,,1,041,"SANTA FE DRIVE","FRANKLIN ROAD",2112.00,W,N,A,-,N,,,,,,,,,,Y,2,0,3,4,A,-,03,22350,,N,C,C,A,A,H,-,A,D,0,,,,,Y,,A,01,1,1,1,0,0,0,0,0,0,"- ","- ",37.343470000000003,-120.54564999999999,MERCED,UNINCORPORATED,-120.54609848,37.343875390000001
90625125,2017,2017-12-22,9460,2017-12-16,1929,018922,,6,2,9,2400,0,3,5,,2,060,"SANTA FE AVENUE","CHILDS AVENUE",0.00,,Y,A,-,N,,,,,,,,,,Y,2,0,3,1,A,-,01,23152,A,N,E,I,A,A,H,-,D,A,0,,,,,Y,Y,A,07,2,0,1,0,0,0,0,0,0,"- ","- ",37.288249999999998,-120.3203,MERCED,UNINCORPORATED,-120.31982988999999,37.287850050000003
90629425,2017,2018-01-11,9461,2017-12-24,2326,021832,,7,3,9,2400,0,1,3,,1,152,"W/B S/R 152","UPPER COTTONWOOD",422.00,E,N,A,-,Y,,,,,,,,,,Y,1,1,1,1,A,-,01,23152,A,N,E,I,A,A,H,-,D,D,0,,,,,Y,Y,A,01,1,0,0,0,0,0,0,0,0,"- ","- ",37.088200000000001,-121.1602,MERCED,UNINCORPORATED,,
9063050,2020,2020-11-10,2406,2020-03-12,1836,156,3,4,5,5,2406,0,0,0,,0,031,"RT 140","VIRGINIA ST",10.00,S,N,A,-,Y,STA,10,108,-,-,32.990,H,-,W,N,2,0,1,2,A,-,08,22100,A,N,C,B,E,A,H,-,A,D,0,Y,,,,Y,,D,22,1,0,0,0,1,0,0,0,0,"- ","- ",,,MERCED,MERCED,-120.92973327636719,37.737960815429688
90630737,2017,2018-01-02,9460,2017-08-06,2312,019005,,7,3,9,2400,0,1,3,,2,002,"SR-99 S/B","FRANKLIN RD.",2640.00,S,N,A,-,Y,,,,,,,,,,Y,1,1,3,4,A,-,03,22350,,N,C,C,A,A,G,-,D,D,0,,,,Y,Y,Y,A,01,2,0,1,0,0,0,0,0,0,"- ","- ",37.195,-120.3228,MERCED,UNINCORPORATED,-120.5347041,37.3185079
90630815,2017,2018-01-02,9460,2017-10-02,0305,018623,,1,3,9,2400,0,3,5,,2,060,"CODY AVENUE","HASKELL AVENUE",798.00,N,N,A,-,N,,,,,,,,,,Y,1,2,0,1,A,-,08,22107,,N,F,A,A,A,H,-,C,D,0,,,,,Y,,A,01,0,0,0,0,0,0,0,0,0,"- ","- ",37.394880000000001,-120.31005,MERCED,UNINCORPORATED,-120.31006961,37.295090930000001
90637394,2018,2018-01-10,9461,2018-01-06,1135,021126,,6,1,9,2400,0,3,5,,2,050,"SWIFT AVENUE","EUCALYPTUS RD",5280.00,S,N,B,-,N,,,,,,,,,,N,2,0,1,1,A,-,13,22515,A,N,H,A,A,A,H,-,A,D,0,,,,,Y,,D,23,1,0,0,0,0,0,0,0,0,"- ","- ",37.002079010009766,-120.68089294433594,MERCED,UNINCORPORATED,-120.68086242675781,36.99658203125
90641556,2018,2018-01-17,9460,2018-01-05,0100,019665,,5,3,9,2400,0,3,5,,2,010,"FAITH HOME RD","GEER AVE",528.00,N,N,B,-,N,,,,,,,,,,Y,2,0,1,1,A,-,01,23152,A,N,E,I,A,A,H,-,D,D,0,,,,,Y,Y,A,01,1,0,0,0,0,0,0,0,0,"- ","- ",37.399021148681641,-120.92276000976562,MERCED,UNINCORPORATED,-120.92271423339844,37.398929595947266
90642738,2017,2018-01-18,9460,2017-11-30,1125,014541,,4,1,9,2400,0,3,5,,2,050,"YOUD ROAD","STATE ROUTE 59",913.00,W,N,A,-,N,,,,,,,,,,Y,1,1,0,1,A,-,01,23152,A,N,E,I,A,A,H,-,A,D,0,,,,,Y,Y,D,22,0,0,0,0,0,0,0,0,0,"- ","- ",37.462789999999998,-120.49721,MERCED,UNINCORPORATED,-120.49725486,37.46283811
90649476,2018,2018-02-06,9461,2018-01-21,2039,021387,,7,2,9,2400,0,1,1,,2,205,"I-5 S/B",SR-165,1056.00,N,N,A,-,Y,,,5,,,,,,S,Y,2,0,1,1,A,-,01,23152,G,N,E,I,A,A,H,-,D,D,0,,,,,Y,Y,A,01,1,0,0,0,0,0,0,0,0,"- ","- ",36.93280029296875,-120.84329986572266,MERCED,UNINCORPORATED,-120.84346771240234,36.932590484619141
90652567,2017,2018-01-31,9460,2017-11-19,1630,019500,,7,2,9,2400,0,1,3,,2,001,"SR-99 S/B FROM GOLDEN STATE BLVD","SR -99 N/B",400.00,N,N,A,-,Y,,,99,,,,R,,S,Y,1,1,3,1,A,-,01,23152,A,N,E,I,A,A,H,-,A,D,0,,,,,Y,Y,D,22,3,0,0,0,0,0,0,0,0,"- ","- ",37.457439999999998,-120.80683000000001,MERCED,UNINCORPORATED,-120.80683000000001,37.457439999999998
90662257,2017,2018-06-05,9460,2017-12-03,1800,020117,,7,2,9,2400,0,3,5,,2,030,"SULTANA DRIVE","SUNSET DRIVE",349.00,S,N,A,-,N,,,,,,,,,,Y,1,1,0,1,A,-,08,22107,,N,E,I,A,A,H,-,D,D,0,,,,,Y,,A,01,0,0,0,0,0,0,0,0,0,"- ","- ",37.337220000000002,-120.68702,MERCED,UNINCORPORATED,-120.68703716,37.337631739999999
90668274,2018,2018-02-23,9461,2018-02-13,0845,017329,,2,1,9,2400,0,3,5,,2,040,"SAND SLOUGH ROAD","NICKEL ROAD",81.00,E,N,A,-,N,,,,,,,,,,Y,1,1,3,1,A,-,03,22350,,N,E,I,A,A,H,-,A,A,0,,,,,Y,,A,07,0,1,2,0,0,0,0,0,0,"- ","- ",37.171699523925781,-120.68312835693359,MERCED,UNINCORPORATED,-120.68345642089844,37.171791076660156
90671043,2017,2019-04-09,9460,2017-05-23,1000,017827,,2,1,3,2401,0,1,3,,2,002,"SR-99 (S/B) TO BELL LANE","BELL DR.",528.00,N,N,A,-,Y,,,99,,,,R,,,Y,1,1,1,2,A,-,03,22350,,N,F,A,A,A,H,-,A,A,0,,,,Y,Y,,G,25,0,0,1,0,0,0,0,0,0,"- ","- ",37.35051,-120.62354999999999,MERCED,ATWATER,-120.62354999999999,37.35051
90673254,2018,2018-03-01,9460,2018-02-17,1340,015256,,6,1,9,2400,0,3,5,,2,070,"LE GRAND ROAD","MINTURN ROAD",700.00,E,N,A,-,N,,,,,,,,,,Y,2,0,2,1,A,-,01,23152,A,N,E,I,A,A,H,-,A,A,0,,,,,Y,Y,A,07,1,1,0,0,0,0,0,0,0,"- ","- ",37.228500366210938,-120.26860046386719,MERCED,UNINCORPORATED,-120.26847839355469,37.228397369384766
90677308,2018,2018-03-07,9460,2018-02-25,2330,020099,,7,3,9,2400,0,1,3,,1,591,SR-59,"CHILDS AVE",186.00,S,N,A,-,Y,,,59,,,,,,,Y,2,0,2,1,A,-,01,23152,A,N,E,I,A,A,H,-,C,A,0,,,,,Y,Y,A,01,1,1,0,0,0,0,0,0,0,"- ","- ",37.287410736083984,-120.48758697509766,MERCED,UNINCORPORATED,-120.48753356933594,37.287406921386719
90689787,2018,2018-03-26,9460,2018-03-17,0921,018422,,6,1,9,2400,0,1,3,,1,165,SR-165,"WESTSIDE BLVD.",60.00,N,N,B,-,Y,,,165,,,,,,,Y,2,0,1,2,A,-,05,21460,A,N,B,C,A,A,H,-,A,D,0,,,,Y,Y,,A,01,1,0,0,0,0,0,0,0,0,"- ","- ",37.360691070556641,-120.84880828857422,MERCED,UNINCORPORATED,-120.84951019287109,37.360988616943359
90696837,2018,2018-04-02,9461,2018-03-26,1330,017329,,1,1,9,2400,0,3,5,,2,040,"COMMUNITY IRRIGATION DITCH, SOUTH BANK","SR-152 W/B",35.00,N,N,A,-,Y,,,,,,,,,,Y,2,0,1,1,A,-,03,22350,,N,E,I,A,A,H,-,A,D,0,,,Y,,Y,,C,02,1,0,0,0,0,0,0,0,1,"- ","- ",37.048549652099609,-120.62452697753906,MERCED,UNINCORPORATED,,
90704407,2018,2018-04-12,9460,2018-04-02,1515,018673,,1,2,9,2400,0,1,3,,1,591,SR-59,"MISSION AVE",0.00,,Y,A,-,Y,,,,,,,,,,Y,2,0,1,2,A,-,03,22350,,N,D,C,A,A,H,-,A,A,0,,,Y,Y,Y,,C,02,1,0,0,0,0,0,0,0,1,"- ","- ",37.162551879882812,-120.29161071777344,MERCED,UNINCORPORATED,-120.48783874511719,37.273738861083984
90708566,2018,2018-04-18,9460,2018-04-11,1806,020012,,3,2,9,2400,0,3,5,,2,030,"CENTRAL AVE","LIBERTY AVE",982.00,N,N,B,-,N,,,,,,,,,,Y,2,0,1,1,A,-,08,22107,,N,F,A,A,A,A,-,A,D,0,,,Y,,Y,,C,02,1,0,0,0,0,0,0,0,1,"- ","- ",37.379051208496094,-120.65003204345703,MERCED,UNINCORPORATED,-120.65005493164062,37.377555847167969
90722356,2018,2018-06-18,9461,2018-04-24,1410,019052,,2,2,9,2400,0,3,5,,2,040,"SANTA FE GRADE","BRITTO ROAD",881.00,N,N,A,-,N,,,,,,,,,,Y,1,1,0,1,A,-,08,22107,,N,F,A,A,A,G,-,A,D,0,,,,,Y,,D,22,0,0,0,0,0,0,0,0,0,"- ","- ",36.994129180908203,-120.71103668212891,MERCED,UNINCORPORATED,-120.71051788330078,36.993850708007812
90727024,2018,2018-06-06,9460,2018-05-05,0557,018922,,6,3,9,2400,0,1,3,,2,002,"SR-99 S/B FROM ATWATER BOULEVARD","BUHACH ROAD",2640.00,N,N,A,-,Y,,,99,,,,R,,S,Y,2,0,2,2,A,-,01,23152,A,F,C,C,A,A,H,-,B,D,0,,,,,Y,Y,A,01,1,1,0,0,0,0,0,0,0,"- ","- ",37.337070465087891,-120.58544158935547,MERCED,UNINCORPORATED,-120.58544158935547,37.337070465087891
9075889,2020,2020-05-19,2406,2020-02-29,1256,271,1,6,5,5,2406,0,0,0,,0,011,"R ST","BUENA VISTA DR",0.00,,Y,A,-,N,,,,,,,,,,Y,2,0,2,3,A,-,09,21801,A,N,A,C,A,A,H,-,A,A,0,,,,,Y,,A,01,1,0,1,0,0,0,0,0,0,"- ","- ",,,MERCED,MERCED,-120.48683929443359,37.326370239257812
90771209,2018,2018-11-13,9461,2018-07-08,0820,017329,,7,1,9,2400,0,1,3,,1,465,"SR-165 SOUTHBOUND","SALT SLOUGH",11616.00,S,N,A,-,Y,,,165,,,,,,S,Y,1,1,0,1,A,-,01,23152,F,N,E,I,A,A,H,-,A,D,0,,,,,Y,,A,01,0,0,0,0,0,0,0,0,0,"- ","- ",37.215171813964844,-120.85128784179688,MERCED,UNINCORPORATED,-120.85125732421875,37.215187072753906
90783434,2018,2018-08-02,9460,2018-06-24,1719,018778,,7,2,9,2400,0,1,3,,1,591,SR-59,"CANTON RD",789.00,N,N,A,-,Y,,,59,,,,,,,Y,1,2,6,3,A,-,06,21750,A,N,C,C,A,A,H,-,A,D,0,,,,Y,Y,,D,22,3,0,3,0,0,0,0,0,0,"- ","- ",37.202560424804688,-120.48812866210938,MERCED,UNINCORPORATED,-120.48813629150391,37.202560424804688
90795717,2018,2018-08-22,9460,2018-08-14,1415,018603,,2,2,9,2400,0,1,3,,1,165,SR-165,"AUGUST AVE",2640.00,N,N,A,-,Y,,,165,,,,,,,Y,2,0,2,2,A,-,03,22350,,N,C,C,A,A,H,-,A,D,0,,,,,Y,,A,01,2,0,0,0,0,0,0,0,0,"- ","- ",37.429031372070312,-120.84974670410156,MERCED,UNINCORPORATED,-120.84980010986328,37.429031372070312