CASE_ID,ACCIDENT_YEAR,PROC_DATE,JURIS,COLLISION_DATE,COLLISION_TIME,OFFICER_ID,REPORTING_DISTRICT,DAY_OF_WEEK,CHP_SHIFT,POPULATION,CNTY_CITY_LOC,SPECIAL_COND,BEAT_TYPE,CHP_BEAT_TYPE,CITY_DIVISION_LAPD,CHP_BEAT_CLASS,BEAT_NUMBER,PRIMARY_RD,SECONDARY_RD,DISTANCE,DIRECTION,INTERSECTION,WEATHER_1,WEATHER_2,STATE_HWY_IND,CALTRANS_COUNTY,CALTRANS_DISTRICT,STATE_ROUTE,ROUTE_SUFFIX,POSTMILE_PREFIX,POSTMILE,LOCATION_TYPE,RAMP_INTERSECTION,SIDE_OF_HWY,TOW_AWAY,COLLISION_SEVERITY,NUMBER_KILLED,NUMBER_INJURED,PARTY_COUNT,PRIMARY_COLL_FACTOR,PCF_CODE_OF_VIOL,PCF_VIOL_CATEGORY,PCF_VIOLATION,PCF_VIOL_SUBSECTION,HIT_AND_RUN,TYPE_OF_COLLISION,MVIW,PED_ACTION,ROAD_SURFACE,ROAD_COND_1,ROAD_COND_2,LIGHTING,CONTROL_DEVICE,CHP_ROAD_TYPE,PEDESTRIAN_ACCIDENT,BICYCLE_ACCIDENT,MOTORCYCLE_ACCIDENT,TRUCK_ACCIDENT,NOT_PRIVATE_PROPERTY,ALCOHOL_INVOLVED,STWD_VEHTYPE_AT_FAULT,CHP_VEHTYPE_AT_FAULT,COUNT_SEVERE_INJ,COUNT_VISIBLE_INJ,COUNT_COMPLAINT_PAIN,COUNT_PED_KILLED,COUNT_PED_INJURED,COUNT_BICYCLIST_KILLED,COUNT_BICYCLIST_INJURED,COUNT_MC_KILLED,COUNT_MC_INJURED,PRIMARY_RAMP,SECONDARY_RAMP,LATITUDE,LONGITUDE,COUNTY,CITY,POINT_X,POINT_Y
90800557,2018,2018-08-29,9461,2018-08-17,1515,020486,,5,2,9,2400,0,1,3,,1,152,"STATE HIGHWAY 152","UPPER COTTONWOOD",10560.00,W,N,A,-,Y,,,152,,,,,,,Y,2,0,1,3,A,-,03,22350,,N,C,C,A,A,H,-,A,D,0,,,,Y,Y,,A,08,1,0,0,0,0,0,0,0,0,"- ","- ",37.081890106201172,-121.19409942626953,MERCED,UNINCORPORATED,-121.19412231445312,37.0819091796875
90802028,2018,2019-02-08,9461,2018-08-23,0545,017183,,4,3,9,2400,0,1,3,,1,452,"SR-152 W/B","TURNER ISLAND RD",0.00,,Y,A,-,Y,,,152,,,,,,W,Y,1,1,1,2,A,-,03,22350,,N,D,C,A,A,H,-,B,D,0,,,,Y,Y,,A,01,0,1,0,0,0,0,0,0,0,"- ","- ",37.054611206054688,-120.70570373535156,MERCED,UNINCORPORATED,-120.70569610595703,37.054630279541016
90809953,2018,2018-09-11,9460,2018-08-21,0540,017686,,2,3,9,2400,0,1,3,,2,003,"STATE ROUTE 99 NORTHBOUND","MILES CREEK",420.00,S,N,A,-,Y,,,99,,,,,,N,Y,2,0,1,2,A,-,08,22107,,F,B,C,A,A,H,-,D,D,0,,,,Y,Y,,-,99,1,0,0,0,0,0,0,0,0,"- ","- ",37.263759613037109,-120.42635345458984,MERCED,UNINCORPORATED,-120.42638397216797,37.263717651367188
90811129,2018,2018-09-12,9460,2018-08-31,1127,014541,,5,1,9,2400,0,2,4,,1,071,"CUNNINGHAM ROAD","SANTA FE AVENUE",0.00,,Y,A,-,N,,,,,,,,,,Y,2,0,2,2,A,-,12,22450,A,N,D,C,A,A,H,-,A,A,0,,,,Y,Y,,A,07,1,0,1,0,0,0,0,0,0,"- ","- ",37.234020233154297,-120.25279998779297,MERCED,UNINCORPORATED,-120.25283813476562,37.234081268310547
90812420,2018,2018-09-13,9460,2018-09-06,0350,015759,,4,3,3,2401,0,1,3,,2,002,"SR-99 N/B","APPLEGATE ROAD",831.00,N,N,A,-,Y,,,,,,,,,,Y,2,0,1,2,A,-,01,23152,A,N,C,C,A,A,H,-,D,D,0,,,,Y,Y,Y,A,01,1,0,0,0,0,0,0,0,0,"- ","- ",37.204448699951172,-120.36569976806641,MERCED,ATWATER,-120.61580657958984,37.345649719238281
90815816,2018,2018-09-18,9460,2018-09-07,2012,018673,,5,2,9,2400,0,2,4,,1,041,"SANTA FE DR","FOX RD",0.00,,Y,A,-,N,,,,,,,,,,Y,2,0,3,4,A,-,03,22350,,N,G,B,E,A,H,-,D,D,0,Y,,,,Y,,D,22,2,1,0,0,1,0,0,0,0,"- ","- ",37.346370697021484,-120.55005645751953,MERCED,UNINCORPORATED,-120.54985046386719,37.346210479736328
90816408,2018,2018-09-19,9460,2018-09-08,1420,018951,,6,2,9,2400,0,1,3,,1,165,"STATE ROUTE 165","RIVER ROAD",1584.00,N,N,A,-,Y,,,165,,,,,,,Y,2,0,1,2,A,-,05,21460,A,N,A,C,A,A,H,-,A,D,0,,,Y,,Y,,C,02,1,0,0,0,0,0,0,0,1,"- ","- ",37.365119934082031,-120.85439300537109,MERCED,UNINCORPORATED,-120.85439300537109,37.365119934082031
90820309,2018,2018-09-24,9460,2018-08-02,1702,019286,,4,2,9,2400,0,3,5,,2,040,"LA GRANGE ROAD","MERCED FALLS ROAD",3168.00,N,N,A,-,N,,,,,,,,,,Y,1,1,1,1,A,-,03,22350,,N,F,A,A,A,H,-,A,D,0,,,,,Y,,D,22,0,1,0,0,0,0,0,0,0,"- ","- ",37.532649993896484,-120.42884063720703,MERCED,UNINCORPORATED,-120.42927551269531,37.532016754150391
90831851,2018,2018-10-09,9460,2018-09-30,1610,018778,,7,2,9,2400,0,3,5,,2,020,"4TH  STREET","SOUTH AVE",0.00,,Y,A,-,N,,,,,,,,,,Y,2,0,4,3,A,-,01,23152,A,N,D,C,A,A,H,-,A,A,0,,,,,Y,Y,A,01,1,1,2,0,0,0,0,0,0,"- ","- ",37.426658630371094,-120.76580810546875,MERCED,UNINCORPORATED,-120.9970703125,37.253059387207031
90833013,2018,2018-10-10,9460,2018-09-28,1932,019918,,5,2,9,2400,0,3,5,,2,040,"BELCHER AVE",SR-59,1056.00,W,N,A,-,N,,,,,,,,,,N,2,0,1,2,A,-,03,22350,,N,H,H,A,A,H,-,D,D,0,,,,,Y,,A,07,1,0,0,0,0,0,0,0,0,"- ","- ",37.339160919189453,-120.50859832763672,MERCED,UNINCORPORATED,-120.50791931152344,37.33917236328125
90854028,2018,2018-12-05,9461,2018-09-17,1735,020351,,1,2,9,2400,0,1,1,,2,105,"INTERSTATE 5 SOUTHBOUND","TAGLIO ROAD",3696.00,N,N,A,-,Y,,,5,,,,,,S,Y,1,1,0,1,A,-,08,22107,,N,F,A,A,A,H,-,A,D,0,,,,,Y,,A,07,0,0,0,0,0,0,0,0,0,"- ","- ",37.227550506591797,-121.08419036865234,MERCED,UNINCORPORATED,-121.08433532714844,37.227512359619141
90886528,2018,2018-12-19,9460,2018-12-11,2200,018951,,2,3,9,2400,0,2,4,,1,101,"WESTSIDE BOULEVARD","ROBIN AVENUE",26.00,W,N,A,-,N,,,,,,,,,,Y,2,0,2,2,A,-,01,23152,A,F,C,C,A,A,H,-,D,D,0,,,,,Y,Y,A,07,1,1,0,0,0,0,0,0,0,"- ","- ",37.360450744628906,-120.74201965332031,MERCED,UNINCORPORATED,-120.74199676513672,37.360458374023438
90888856,2018,2018-12-24,9461,2018-12-15,0400,020486,,6,3,9,2400,0,1,3,,1,103,"STATE HIGHWAY 33","HULEN RD",2112.00,N,N,A,-,Y,,,33,,,,,,,N,2,0,1,2,A,-,08,22107,,F,G,B,F,A,H,-,D,D,0,Y,,,,Y,,-,99,1,0,0,0,1,0,0,0,0,"- ","- ",37.144981384277344,-121.01444244384766,MERCED,UNINCORPORATED,-121.01443481445312,37.144981384277344
90907234,2018,2019-05-29,9461,2018-10-28,2225,021832,,7,3,9,2400,0,1,3,,1,152,"STATE ROUTE 152 WESTBOUND","STATE ROUTE 33 SANTA NELLA",3168.00,W,N,A,-,Y,,,152,,,,,,W,Y,1,1,3,3,A,-,03,22350,,N,C,C,A,A,H,-,D,D,0,,,,,Y,Y,D,22,0,2,1,0,0,0,0,0,0,"- ","- ",37.056900024414062,-121.027099609375,MERCED,UNINCORPORATED,-121.027099609375,37.056995391845703
90912974,2018,2019-03-21,9460,2018-11-19,1727,019286,,1,2,3,2404,0,1,3,,2,001,"SR-99 S/B","WINTON PARKWAY",2112.00,N,N,B,-,Y,,,99,,,,,,S,Y,1,1,0,2,A,-,11,21954,A,N,G,B,E,A,H,-,D,D,0,Y,,,,Y,,N,60,0,0,0,1,0,0,0,0,0,"- ","- ",37.394931793212891,-120.74038696289062,MERCED,LIVINGSTON,-120.74040985107422,37.394924163818359
9091798,2020,2020-09-21,2405,2020-02-24,2046,PD40,1,1,5,3,2405,0,0,0,,0,0B1,"RT 152","6TH ST",0.00,,Y,A,-,Y,MER,10,152,-,-,20.420,I,5,W,N,2,0,1,2,A,-,11,21453,D,N,G,B,D,A,H,-,C,A,0,Y,,,,Y,,N,60,1,0,0,0,1,0,0,0,0,"- ","- ",37.056888580322266,-120.85072326660156,MERCED,"LOS BANOS",-120.85089111328125,37.056892395019531
90918999,2019,2019-02-05,9461,2019-01-26,1756,017080,,6,2,9,2400,0,3,5,,2,050,"EUCALYPTUS RD",SR-33,0.00,,Y,A,-,Y,,,,,,,,,,Y,2,0,7,2,A,-,12,22450,A,N,D,D,A,A,H,-,D,A,0,,,,,Y,,A,01,4,2,1,0,0,0,0,0,0,"- ","- ",37.010688781738281,-120.6357421875,MERCED,UNINCORPORATED,-120.63565063476562,37.010841369628906
90922171,2018,2019-02-08,9460,2018-12-30,1042,019806,,7,1,9,2400,0,3,5,,2,090,"WEST 16TH STREET","ASHBY RD",1056.00,W,N,A,-,N,,,,,,,,,,Y,1,1,0,1,A,-,08,22107,,N,E,I,A,A,H,-,A,D,0,,,,,Y,,A,01,0,0,0,0,0,0,0,0,0,"- ","- ",37.310470581054688,-120.51261901855469,MERCED,UNINCORPORATED,-120.50917816162109,37.309333801269531
90928752,2019,2019-02-19,9461,2019-02-14,1225,017329,,4,1,9,2400,0,3,5,,2,020,"VOLTA ROAD","PIONEER ROAD",53.00,N,N,B,C,N,,,,,,,,,,N,2,0,1,2,A,-,11,21954,A,N,G,B,D,B,H,-,A,D,0,Y,,,,Y,,N,60,1,0,0,0,1,0,0,0,0,"- ","- ",37.042369842529297,-120.92696380615234,MERCED,UNINCORPORATED,-120.92694854736328,37.04229736328125
90933271,2019,2019-02-25,9461,2019-02-20,1438,021280,,3,2,9,2400,0,1,3,,1,153,"SR-152 W/B","COLLEGE ENTRANCE",0.00,,Y,B,-,Y,,,152,,,,,,W,Y,2,0,2,2,A,-,12,21453,A,N,D,C,A,B,H,-,A,A,0,,,,,Y,,A,07,2,0,0,0,0,0,0,0,0,"- ","- ",37.056850433349609,-120.89414978027344,MERCED,UNINCORPORATED,-120.89414978027344,37.056869506835938
90936385,2019,2019-02-28,9461,2019-02-24,1855,021378,,7,2,9,2400,0,1,3,,1,465,"SR-165 N/B","SALT SLOUGH",528.00,N,N,A,-,Y,,,165,,,,,,N,Y,2,0,2,2,A,-,06,21751,,N,A,C,A,A,H,-,D,D,0,,,,,Y,,A,01,1,0,1,0,0,0,0,0,0,"- ","- ",37.251041412353516,-120.85169982910156,MERCED,UNINCORPORATED,-120.85203552246094,37.251045227050781
90938577,2019,2019-03-04,9460,2019-02-23,1350,019918,,6,1,9,2400,0,2,4,,1,041,"SANTA FE DR","SPACEPORT ENTRY",548.00,W,N,A,-,N,,,,,,,,,,Y,2,0,2,2,A,-,01,23153,A,N,A,C,A,A,H,-,A,D,0,,,,,Y,Y,A,01,1,1,0,0,0,0,0,0,0,"- ","- ",37.360069274902344,-120.57185363769531,MERCED,UNINCORPORATED,,
90939199,2019,2019-03-04,9460,2019-02-23,1650,020365,,6,2,9,2400,0,3,5,,2,040,"SANTA FE DR","BRADBURY RD",169.00,E,N,B,-,N,,,,,,,,,,N,2,0,1,1,A,-,03,22350,,N,F,A,A,A,H,-,A,D,0,,,Y,,Y,,C,02,1,0,0,0,0,0,0,0,1,"- ","- ",37.446170806884766,-120.69371032714844,MERCED,UNINCORPORATED,-120.69551086425781,37.447818756103516
90940644,2019,2019-03-06,9461,2019-02-27,1820,017029,,3,2,9,2400,0,1,1,,2,205,"I-5 N/B","CANYON RD.",3168.00,S,N,B,-,Y,,,5,,,,,,N,Y,2,0,1,1,A,-,01,23152,A,N,F,A,A,A,H,-,D,B,0,,,,,Y,Y,D,22,1,0,0,0,0,0,0,0,0,"- ","- ",36.985500335693359,-120.90242004394531,MERCED,UNINCORPORATED,-120.90228271484375,36.985614776611328
90945503,2019,2019-03-13,9460,2019-01-10,0612,016206,,4,1,9,2400,0,3,5,,2,040,"SHAFFER ROAD","SHAW AVE",1560.00,S,N,E,-,N,,,,,,,,,,Y,1,1,7,3,A,-,06,21751,,N,A,C,A,B,H,-,D,D,0,,,,,Y,,A,07,1,1,5,0,0,0,0,0,0,"- ","- ",37.421840667724609,-120.59452819824219,MERCED,UNINCORPORATED,-120.59464263916016,37.421405792236328
90952196,2019,2019-03-25,9461,2019-03-18,0035,021854,,1,3,9,2400,0,1,1,,2,206,"I-5 N/B","NEES AVE",3168.00,N,N,A,-,Y,,,5,,,,,,N,Y,2,0,1,1,A,-,08,22107,,N,E,I,A,A,H,-,D,D,0,,,,,Y,,A,01,1,0,0,0,0,0,0,0,0,"- ","- ",36.857440948486328,-120.77854919433594,MERCED,UNINCORPORATED,-120.77861785888672,36.857395172119141
90965423,2019,2019-04-10,9460,2019-03-31,1914,019918,,7,2,9,2400,0,3,5,,2,040,"WINTON WAY","PALM AVE",2112.00,S,N,A,-,N,,,,,,,,,,Y,2,0,2,1,A,-,08,22107,,N,E,I,A,A,H,-,A,D,0,,,,,Y,,A,01,2,0,0,0,0,0,0,0,0,"- ","- ",37.413238525390625,-120.61309814453125,MERCED,UNINCORPORATED,-120.61299133300781,37.412582397460938
90970184,2019,2019-04-18,9460,2019-04-10,0245,019665,,3,3,9,2400,0,1,3,,2,001,"SR-99 N/B","GOLDEN STATE BLVD",528.00,N,N,A,-,Y,,,99,,,,,,N,Y,2,0,2,2,A,-,01,23152,A,N,C,C,A,A,D,-,D,A,0,,,,Y,Y,Y,A,08,1,1,0,0,0,0,0,0,0,"- ","- ",37.458488464355469,-120.80991363525391,MERCED,UNINCORPORATED,-120.80986785888672,37.458602905273438
90970637,2019,2019-04-18,9460,2019-04-11,1750,018422,,4,2,9,2400,0,1,3,,1,591,SR-59,"GERARD AVE.",0.00,,Y,B,-,Y,,,59,,,,,,,Y,2,0,1,2,A,-,09,21802,A,N,D,C,A,A,H,-,A,A,0,,,,Y,Y,,A,01,1,0,0,0,0,0,0,0,0,"- ","- ",37.280651092529297,-120.48757171630859,MERCED,UNINCORPORATED,-120.48767852783203,37.280651092529297
90974466,2019,2019-04-24,9460,2019-04-12,2255,020099,,5,3,9,2400,0,1,3,,2,002,"SR-99 N/B","HUNTER RD",528.00,S,N,A,-,Y,,,99,,,,,,N,Y,2,0,3,1,A,-,08,22107,,N,E,I,A,A,H,-,D,D,0,,,,,Y,,A,01,1,2,0,0,0,0,0,0,0,"- ","- ",37.377628326416016,-120.69584655761719,MERCED,UNINCORPORATED,-120.69576263427734,37.377876281738281
90981832,2019,2019-05-06,9460,2019-03-02,1840,019286,,6,2,9,2400,0,1,3,,1,165,"STATE ROUTE 165","CRANE AVENUE",0.00,,Y,B,-,Y,,,165,,,,,,,Y,1,1,0,2,A,-,09,21802,A,N,D,C,A,A,H,-,D,A,0,,,,Y,Y,,G,25,0,0,0,0,0,0,0,0,0,"- ","- ",37.382621765136719,-120.85050964355469,MERCED,UNINCORPORATED,-120.85047912597656,37.382617950439453
90988154,2019,2019-05-14,9460,2019-05-04,0147,020857,,6,3,9,2400,0,1,3,,2,003,"SR-99 N/B","LE GRAND RD",40.00,S,N,A,-,Y,,,,,,,,,,Y,2,0,2,1,A,-,01,23152,A,N,F,A,A,A,H,-,D,D,0,,,,,Y,Y,A,01,2,0,0,0,0,0,0,0,0,"- ","- ",37.225719451904297,-120.3748779296875,MERCED,UNINCORPORATED,-120.37486267089844,37.225711822509766
91003362,2019,2019-06-04,9461,2019-05-31,0610,020351,,5,1,9,2400,0,1,1,,2,105,"I-5 N/B","COTTONWOOD RD",3960.00,N,N,A,-,Y,,,5,,,,,,N,Y,2,0,3,1,A,-,08,22107,,N,E,I,A,A,H,-,A,D,0,,,,,Y,,D,22,2,0,1,0,0,0,0,0,0,"- ","- ",37.197681427001953,-121.07592010498047,MERCED,UNINCORPORATED,-121.07599639892578,37.197639465332031
91008025,2019,2019-06-18,9461,2019-06-02,1103,021280,,7,1,9,2400,0,1,3,,1,153,"SR-152 W/B","COLLEGE ENTRANCE",0.00,,Y,A,-,Y,,,152,,,,,,W,Y,2,0,1,1,A,-,08,22107,,N,E,I,A,A,H,-,A,A,0,,,,,Y,,A,01,1,0,0,0,0,0,0,0,0,"- ","- ",37.056938171386719,-120.89437866210938,MERCED,UNINCORPORATED,-120.89437866210938,37.056865692138672
91016124,2019,2019-06-24,9460,2019-06-16,0138,020840,,7,3,9,2400,0,3,5,,2,010,"GEER AVENUE","YOUNGSTOWN RD",60.00,E,N,A,-,N,,,,,,,,,,Y,2,0,1,1,A,-,01,23152,A,N,F,A,A,A,H,-,D,D,0,,,,,Y,Y,A,01,1,0,0,0,0,0,0,0,0,"- ","- ",37.396831512451172,-120.82245635986328,MERCED,UNINCORPORATED,-120.8226318359375,37.396839141845703
91022046,2019,2020-01-21,9461,2019-06-17,1400,019052,,1,2,9,2400,0,1,3,,1,452,"STATE ROUTE 152 WESTBOUND","HILLYER AVENUE",224.00,W,N,A,-,Y,,,,,,,,,,Y,1,1,1,3,A,-,01,23152,A,N,A,C,A,A,H,-,A,D,0,,,,Y,Y,Y,A,01,1,0,0,0,0,0,0,0,0,"- ","- ",37.059101104736328,-120.77570343017578,MERCED,UNINCORPORATED,-120.78107452392578,37.055950164794922
91023283,2019,2019-12-02,9461,2019-05-26,2029,021832,,7,2,9,2400,0,1,3,,1,153,"STATE ROUTE 152 EASTBOUND","STATE ROUTE 33",2229.00,W,N,B,-,Y,,,,,,,,,,Y,1,4,0,1,C,-,18,,,N,E,I,A,B,H,-,D,D,0,,,,,Y,,-,"- ",0,0,0,0,0,0,0,0,0,"- ","- ",37.057701110839844,-120.98750305175781,MERCED,UNINCORPORATED,-121.02394866943359,37.056781768798828
91033605,2019,2019-07-18,9460,2019-07-11,2110,019500,,4,2,9,2400,0,3,5,,2,020,"MERCED AVE","SWANSON RD",600.00,N,N,A,-,N,,,,,,,,,,N,2,0,1,2,A,-,11,21956,A,N,G,B,E,A,H,-,D,D,0,Y,,,,Y,,N,60,1,0,0,0,1,0,0,0,0,"- ","- ",37.442211151123047,-120.79469299316406,MERCED,UNINCORPORATED,-120.79471588134766,37.442996978759766
91037511,2019,2019-07-25,9460,2019-07-15,0601,019005,,1,1,9,2400,0,1,3,,2,001,"SR-99 S/B","COLLIER RD",2112.00,S,N,A,-,Y,,,99,,,,,,S,Y,2,0,3,2,A,-,08,22107,,N,B,C,A,A,H,-,B,D,0,,,,Y,Y,,A,01,1,0,2,0,0,0,0,0,0,"- ","- ",37.402828216552734,-120.74609375,MERCED,UNINCORPORATED,-120.74599456787109,37.402908325195312
91040608,2019,2019-07-29,9460,2019-07-17,2125,019838,,3,2,9,2400,0,1,3,,2,002,"SR-99 S/B","APPLEGATE RD",5280.00,N,N,A,-,Y,,,99,,,,,,S,Y,2,0,2,3,A,-,08,22107,,N,B,E,E,A,H,-,C,D,0,Y,,,,Y,,D,22,2,0,0,0,1,0,0,0,0,"- ","- ",37.354499816894531,-120.63169860839844,MERCED,UNINCORPORATED,-120.63169097900391,37.354549407958984
91041925,2019,2019-07-30,9460,2019-04-20,1359,020707,,6,1,9,2400,0,3,5,,2,040,"TURLOCK RD","LOONEY RD",6864.00,E,N,A,-,N,,,,,,,,,,Y,1,1,1,2,A,-,05,21460,A,N,A,C,A,A,H,-,A,D,0,,,Y,,Y,,C,02,0,1,0,0,0,0,0,1,0,"- ","- ",37.475349426269531,-120.60633850097656,MERCED,UNINCORPORATED,-120.60728454589844,37.475727081298828
91044416,2019,2019-08-02,9461,2019-07-30,1130,014933,,2,1,9,2400,0,1,3,,2,453,"SR-152 W/B","COYOTE RD.",13.00,W,N,A,-,Y,,,152,,,,,,W,Y,2,0,1,1,A,-,08,22107,,N,E,I,A,A,H,-,A,D,0,,,,,Y,,D,22,1,0,0,0,0,0,0,0,0,"- ","- ",37.076808929443359,-120.51040649414062,MERCED,UNINCORPORATED,-120.51032257080078,37.076602935791016
91045334,2019,2019-08-05,9461,2019-07-27,1330,021188,,6,1,9,2400,0,3,5,,2,020,"31426 GONZAGA RD. GUSTINE, CA 95322","JASPER SEARS ROAD",750.00,W,N,A,-,N,,,,,,,,,,N,2,0,1,1,B,-,22,,,N,F,A,A,A,H,-,A,D,0,,,Y,,Y,,C,06,1,0,0,0,0,0,0,0,1,"- ","- ",37.049640655517578,-121.02931976318359,MERCED,UNINCORPORATED,,
91047031,2019,2019-08-07,9460,2019-07-28,0030,020967,,7,3,9,2400,0,3,5,,2,010,"RAILROAD AVE","ELKO ST",4.00,W,N,A,-,N,,,,,,,,,,Y,2,0,1,1,A,-,01,23152,A,M,E,I,A,A,H,-,D,D,0,,,,,Y,Y,D,22,1,0,0,0,0,0,0,0,0,"- ","- ",37.329620361328125,-120.85315704345703,MERCED,UNINCORPORATED,-120.85336303710938,37.329559326171875
91061788,2019,2019-08-28,9460,2019-08-18,1840,018778,,7,2,9,2400,0,3,5,,2,060,"SOUTH BROADWAY","CABRILLO ST",220.00,E,N,A,-,N,,,,,,,,,,Y,2,0,1,2,A,-,09,21804,A,N,D,C,A,A,H,-,A,D,0,,,Y,,Y,,C,06,1,0,0,0,0,0,0,0,1,"- ","- ",37.290561676025391,-120.31407165527344,MERCED,UNINCORPORATED,-120.31410217285156,37.290508270263672
91062394,2019,2019-08-29,9461,2019-08-26,1526,019052,,1,2,9,2400,0,2,4,,1,415,"HENRY MILLER RD","TURNER ISLAND RD",3696.00,W,N,A,-,N,,,,,,,,,,Y,2,0,1,2,A,-,05,21650,,N,F,A,A,A,H,-,A,D,0,,,Y,,Y,,-,99,1,0,0,0,0,0,0,0,1,"- ","- ",37.098201751708984,-120.71980285644531,MERCED,UNINCORPORATED,-120.72026062011719,37.098133087158203
91068057,2019,2019-09-05,9460,2019-08-27,1805,018603,,2,2,9,2400,0,3,5,,2,010,"GRIFFITH AVE","AMERICAN AVE.",0.00,,Y,A,-,N,,,,,,,,,,Y,2,0,2,2,A,-,09,21801,A,N,A,C,A,A,H,-,A,D,0,,,Y,,Y,,A,01,1,0,1,0,0,0,0,0,1,"- ","- ",37.411289215087891,-120.81349945068359,MERCED,UNINCORPORATED,-120.81342315673828,37.411289215087891
91068393,2019,2019-09-20,9461,2019-08-27,1615,017029,,2,2,9,2400,0,1,1,,2,206,"I-5 N/B",SR-165,6.00,N,N,B,-,Y,,,5,,,,,,N,Y,2,0,1,1,A,-,03,22350,,N,E,J,A,A,H,-,A,A,0,,,,,Y,,A,01,1,0,0,0,0,0,0,0,0,"- ","- ",36.930919647216797,-120.83975219726562,MERCED,UNINCORPORATED,-120.84027099609375,36.930290222167969
91082504,2019,2019-09-25,9461,2019-09-14,2056,019052,,6,2,9,2400,0,1,3,,1,452,"STATE ROUTE 152 EASTBOUND","COZZI AVENUE",0.00,,Y,A,-,Y,,,152,,,,,,E,Y,1,1,2,2,A,-,12,22450,A,N,D,C,A,A,H,-,D,A,0,,,,,Y,,A,01,1,1,0,0,0,0,0,0,0,"- ","- ",37.054000854492188,-120.68979644775391,MERCED,UNINCORPORATED,-120.68979644775391,37.054180145263672
91093104,2019,2019-10-08,9461,2019-09-17,0901,017080,,2,1,9,2400,0,1,3,,1,152,"STATE ROUTE 152 EASTBOUND","UPPER COTTONWOOD CREEK",2112.00,W,N,A,-,Y,,,152,,,,,,E,Y,1,1,0,1,A,-,08,22107,,N,F,A,A,A,H,-,A,D,0,,,,,Y,,A,01,0,0,0,0,0,0,0,0,0,"- ","- ",37.084629058837891,-121.18669128417969,MERCED,UNINCORPORATED,-121.18669128417969,37.084651947021484
91094565,2019,2019-10-10,9460,2019-10-03,0752,014541,,4,1,9,2400,0,3,5,,2,060,"E. 27TH STREET","MCKEE ROAD",0.00,,Y,A,-,N,,,,,,,,,,Y,2,0,1,2,A,-,09,21802,A,N,F,A,A,A,H,-,A,A,0,,,Y,,Y,,A,07,1,0,0,0,0,0,0,0,1,"- ","- ",37.303810119628906,-120.44503784179688,MERCED,UNINCORPORATED,-120.44502258300781,37.303680419921875
91095336,2019,2019-10-11,9461,2019-10-03,1638,021854,,4,2,9,2400,0,1,3,,1,153,"SR-152 E/B","BILLY WRIGHT RD",3168.00,E,N,A,-,Y,,,152,,,,,,E,N,2,0,2,2,A,-,03,22350,,N,C,C,A,A,H,-,A,D,0,,,,,Y,,A,01,1,0,1,0,0,0,0,0,0,"- ","- ",37.056541442871094,-120.94345092773438,MERCED,UNINCORPORATED,-120.94345092773438,37.056629180908203
91100584,2019,2019-10-18,9460,2019-10-11,0640,016476,,5,1,9,2400,0,3,5,,2,020,"LOMBARDY AVE","CORTEZ AVE",0.00,,Y,A,-,N,,,,,,,,,,Y,2,0,3,2,A,-,09,21802,A,N,D,C,A,A,H,-,D,A,0,,,,Y,Y,,D,22,1,1,1,0,0,0,0,0,0,"- ","- ",37.455829620361328,-120.73998260498047,MERCED,UNINCORPORATED,-120.73992156982422,37.455631256103516
91106873,2019,2019-10-25,9461,2019-10-22,1230,020351,,2,1,9,2400,0,3,5,,2,010,"VOLTA RD","GRAND AVE",1402.00,S,N,A,-,N,,,,,,,,,,Y,2,0,1,1,A,-,08,22107,,N,E,I,A,A,H,-,A,D,0,,,,,Y,,A,01,1,0,0,0,0,0,0,0,0,"- ","- ",37.087848663330078,-120.92575073242188,MERCED,UNINCORPORATED,-120.92565155029297,37.08795166015625
91115928,2019,2019-11-07,9461,2019-11-01,1710,021854,,5,2,9,2400,0,1,3,,1,153,"SR-152 E/B","BILLY WRIGHT RD",2640.00,E,N,A,-,Y,,,152,,,,,,E,Y,2,0,1,1,A,-,07,21658,A,N,F,A,A,A,H,-,A,D,0,,,,,Y,,A,07,1,0,0,0,0,0,0,0,0,"- ","- ",37.056678771972656,-120.94460296630859,MERCED,UNINCORPORATED,-120.94460296630859,37.056629180908203
91132607,2019,2019-12-02,9461,2019-11-06,2500,021854,,3,4,9,2400,0,1,3,,1,103,"STATE ROUTE- 33 (SR-33)","SANCHES ROAD",910.00,N,N,A,-,Y,,,33,,,,,,,Y,1,1,0,1,A,-,08,22107,,N,F,A,A,A,H,-,D,D,0,,,,,Y,Y,A,01,0,0,0,0,0,0,0,0,0,"- ","- ",37.298091888427734,-121.01409149169922,MERCED,UNINCORPORATED,-121.01395416259766,37.298145294189453