CASE_ID,ACCIDENT_YEAR,PROC_DATE,JURIS,COLLISION_DATE,COLLISION_TIME,OFFICER_ID,REPORTING_DISTRICT,DAY_OF_WEEK,CHP_SHIFT,POPULATION,CNTY_CITY_LOC,SPECIAL_COND,BEAT_TYPE,CHP_BEAT_TYPE,CITY_DIVISION_LAPD,CHP_BEAT_CLASS,BEAT_NUMBER,PRIMARY_RD,SECONDARY_RD,DISTANCE,DIRECTION,INTERSECTION,WEATHER_1,WEATHER_2,STATE_HWY_IND,CALTRANS_COUNTY,CALTRANS_DISTRICT,STATE_ROUTE,ROUTE_SUFFIX,POSTMILE_PREFIX,POSTMILE,LOCATION_TYPE,RAMP_INTERSECTION,SIDE_OF_HWY,TOW_AWAY,COLLISION_SEVERITY,NUMBER_KILLED,NUMBER_INJURED,PARTY_COUNT,PRIMARY_COLL_FACTOR,PCF_CODE_OF_VIOL,PCF_VIOL_CATEGORY,PCF_VIOLATION,PCF_VIOL_SUBSECTION,HIT_AND_RUN,TYPE_OF_COLLISION,MVIW,PED_ACTION,ROAD_SURFACE,ROAD_COND_1,ROAD_COND_2,LIGHTING,CONTROL_DEVICE,CHP_ROAD_TYPE,PEDESTRIAN_ACCIDENT,BICYCLE_ACCIDENT,MOTORCYCLE_ACCIDENT,TRUCK_ACCIDENT,NOT_PRIVATE_PROPERTY,ALCOHOL_INVOLVED,STWD_VEHTYPE_AT_FAULT,CHP_VEHTYPE_AT_FAULT,COUNT_SEVERE_INJ,COUNT_VISIBLE_INJ,COUNT_COMPLAINT_PAIN,COUNT_PED_KILLED,COUNT_PED_INJURED,COUNT_BICYCLIST_KILLED,COUNT_BICYCLIST_INJURED,COUNT_MC_KILLED,COUNT_MC_INJURED,PRIMARY_RAMP,SECONDARY_RAMP,LATITUDE,LONGITUDE,COUNTY,CITY,POINT_X,POINT_Y
91160998,2019,2020-01-14,9460,2019-12-27,2119,017827,,5,2,5,2406,0,1,3,,2,003,"SR-99 N/B FROM V ST.","V ST.",705.00,N,N,A,-,Y,,,99,,,,R,,N,Y,2,0,1,2,A,-,01,23152,A,N,C,C,A,A,H,-,C,D,0,,,,Y,Y,Y,A,07,1,0,0,0,0,0,0,0,0,"- ","- ",37.304309844970703,-120.50309753417969,MERCED,MERCED,-120.50309753417969,37.304309844970703
91172944,2020,2020-01-24,9460,2020-01-13,2340,020952,,1,3,9,2400,0,1,3,,2,002,"STATE ROUTE 99 (SOUTHBOUND)","FRANKLIN ROAD",5280.00,S,N,A,-,Y,,,99,,,,,,,Y,2,0,1,1,A,-,01,23152,A,N,E,J,A,A,H,-,D,D,0,,,,,Y,Y,A,01,1,0,0,0,0,0,0,0,0,"- ","- ",37.315021514892578,-120.52529144287109,MERCED,UNINCORPORATED,-120.5252685546875,37.315078735351562
91176900,2020,2020-01-30,9461,2020-01-26,0148,021387,,7,3,9,2400,0,1,3,,1,103,"SR-33 N/B","VERA CRUZ DR",2640.00,S,N,A,-,Y,,,33,,,,,,N,Y,2,0,1,1,A,-,01,23152,A,N,E,I,A,A,H,-,D,D,0,,,,,Y,Y,A,01,1,0,0,0,0,0,0,0,0,"- ","- ",37.083061218261719,-121.01616668701172,MERCED,UNINCORPORATED,-121.01606750488281,37.083057403564453
91177596,2020,2020-02-20,9460,2020-01-24,2208,020099,,5,3,9,2400,0,1,3,,2,001,"SR-99 S/B","SHANKS RD",152.00,N,N,A,-,Y,,,99,,,,,,S,Y,2,0,2,1,A,-,01,23152,A,N,E,I,A,A,H,-,D,D,0,,,,,Y,Y,A,01,1,1,0,0,0,0,0,0,0,"- ","- ",37.437309265136719,-120.78411865234375,MERCED,UNINCORPORATED,-120.78406524658203,37.4373779296875
91180834,2020,2020-02-05,9460,2020-01-24,1640,019838,,5,2,9,2400,0,1,3,,2,002,"ASHBY RD","FERN ST",0.00,,Y,A,-,N,,,,,,,,,,N,2,0,1,2,A,-,11,21954,A,N,G,B,D,A,H,-,A,D,0,Y,,,,Y,,N,60,1,0,0,0,1,0,0,0,0,"- ","- ",37.317100524902344,-120.52970123291016,MERCED,UNINCORPORATED,-120.52967071533203,37.317150115966797
91183271,2020,2020-02-10,9460,2020-01-29,0955,017167,,3,1,9,2400,0,2,4,,1,041,"SANTA FE DRIVE","AVENUE 2",0.00,,Y,A,-,N,,,,,,,,,,Y,2,0,3,2,A,-,09,21801,A,N,D,C,A,A,H,-,A,D,0,,,,,Y,,D,22,1,0,2,0,0,0,0,0,0,"- ","- ",37.349788665771484,-120.55583953857422,MERCED,UNINCORPORATED,-120.55526733398438,37.349578857421875
91190763,2020,2020-02-21,9461,2020-02-13,2238,021387,,4,3,9,2400,0,2,4,,1,115,"HENRY MILLER AVENUE","WILSON RD",100.00,E,N,A,-,N,,,,,,,,,,Y,2,0,1,1,A,-,08,22107,,N,E,I,A,A,H,-,D,D,0,,,,,Y,,D,22,1,0,0,0,0,0,0,0,0,"- ","- ",37.100021362304688,-120.8695068359375,MERCED,UNINCORPORATED,-120.87085723876953,37.099998474121094
91192799,2020,2020-05-26,9461,2020-02-19,1135,020351,,3,1,9,2400,0,1,3,,1,140,SR-140,"WHITWORTH RD",0.00,,Y,A,-,Y,,,140,,,,,,,Y,2,0,1,2,A,-,09,21802,A,N,D,C,A,A,H,-,A,A,0,,,,Y,Y,,A,07,1,0,0,0,0,0,0,0,0,"- ","- ",37.24578857421875,-121.03086090087891,MERCED,UNINCORPORATED,-121.03086090087891,37.245822906494141
91193524,2020,2020-02-25,9460,2020-02-17,1941,019806,,1,2,9,2400,0,3,5,,2,070,"SANTA FE AVE","CHILDS AVE",0.00,,Y,A,-,N,,,,,,,,,,Y,2,0,1,1,A,-,12,22450,A,N,E,I,A,A,H,-,D,D,0,,,,,Y,,A,01,1,0,0,0,0,0,0,0,0,"- ","- ",37.288211822509766,-120.32032775878906,MERCED,UNINCORPORATED,-120.31983184814453,37.287849426269531
91205435,2020,2020-03-10,9460,2020-02-28,1019,017827,,5,1,9,2400,0,1,3,,1,591,SR-59,"CANTON RD.",2640.00,N,N,A,-,Y,,,59,,,,,,,Y,2,0,1,2,A,-,06,21751,,N,B,C,A,A,H,-,A,D,0,,,,,Y,,A,01,1,0,0,0,0,0,0,0,0,"- ","- ",37.207469940185547,-120.48819732666016,MERCED,UNINCORPORATED,-120.48807525634766,37.207469940185547
91205454,2019,2020-03-10,9460,2019-09-20,1423,018778,,5,2,9,2400,0,2,4,,1,041,"SANTA FE DRIVE","AVENUE TWO",158.00,W,N,A,-,N,,,,,,,,,,Y,1,1,0,2,A,-,09,21802,A,N,F,A,A,A,H,-,A,A,0,,,Y,,Y,,A,01,0,0,0,0,0,0,0,1,0,"- ","- ",37.349590301513672,-120.55545043945312,MERCED,UNINCORPORATED,-120.55569458007812,37.349849700927734
91210106,2020,2020-04-27,9461,2020-02-18,1417,021188,,2,2,9,2400,0,1,3,,1,503,"STATE ROUTE 33","VALERIA STREET",5.00,S,N,A,-,Y,,,33,,,,,,,Y,1,1,1,2,A,-,01,23152,G,N,D,C,A,A,H,-,A,D,0,,,,,Y,Y,A,01,1,0,0,0,0,0,0,0,0,"- ","- ",36.981800079345703,-120.63561248779297,MERCED,UNINCORPORATED,-120.63558959960938,36.981800079345703
91213471,2020,2020-03-23,9461,2020-03-15,1554,020486,,7,2,9,2400,0,1,3,,1,152,"STATE HIGHWAY 152","DINOSAUR POINT ROAD",5280.00,E,N,B,C,Y,,,152,,,,,,,Y,2,0,1,1,A,-,08,22107,,N,E,I,A,A,H,-,A,D,0,,,,,Y,,A,01,1,0,0,0,0,0,0,0,0,"- ","- ",37.076648712158203,-121.20735931396484,MERCED,UNINCORPORATED,-121.20735931396484,37.076648712158203
91213799,2020,2020-03-25,9461,2020-02-29,0405,020385,,6,3,9,2400,0,1,3,,1,152,"STATE ROUTE 152 EASTBOUND","ROMERO'S VISITORS CENTER",2640.00,W,N,A,-,Y,,,152,,,,,,E,Y,1,1,0,1,A,-,08,22107,,N,B,I,A,A,H,-,D,D,0,,,,,Y,,A,01,0,0,0,0,0,0,0,0,0,"- ","- ",37.085071563720703,-121.10704803466797,MERCED,UNINCORPORATED,-121.10703277587891,37.085121154785156
91218507,2019,2020-03-30,9460,2019-11-17,1808,019500,,7,2,9,2400,0,2,4,,1,041,"SANTA FE DRIVE","BUSINESS PARK WAY",270.00,W,N,A,-,N,,,,,,,,,,Y,1,1,1,1,A,-,08,22107,,N,E,I,A,A,H,-,D,D,0,,,,,Y,,A,01,0,1,0,0,0,0,0,0,0,"- ","- ",37.328769683837891,-120.52187347412109,MERCED,UNINCORPORATED,-120.52251434326172,37.329105377197266
91228713,2020,2020-04-23,9460,2020-04-13,1712,019806,,1,2,9,2400,0,3,5,,2,040,"ARLENE DR","CALIFORNIA ST",0.00,,Y,A,-,N,,,,,,,,,,Y,2,0,1,1,C,-,18,,,N,E,I,A,A,H,-,A,D,0,,,Y,,Y,,-,"- ",1,0,0,0,0,0,0,0,1,"- ","- ",37.395221710205078,-120.608642578125,MERCED,UNINCORPORATED,-120.60867309570312,37.395210266113281
91229406,2020,2020-04-24,9460,2020-02-18,2232,020952,,2,3,9,2400,0,1,3,,1,591,"STATE ROUTE 59","JEFFERSON ROAD",2112.00,S,N,A,-,Y,,,59,,,,,,,Y,1,1,1,2,A,-,11,21954,A,N,G,B,E,A,H,-,D,D,0,Y,,,,Y,,N,60,0,1,0,1,0,0,0,0,0,"- ","- ",37.092628479003906,-120.49236297607422,MERCED,UNINCORPORATED,-120.49237060546875,37.092628479003906
91233440,2020,2020-05-04,9461,2020-05-01,1500,021378,,5,2,9,2400,0,1,3,,1,452,SR-152,"COZZI AVE",47.00,E,N,A,-,Y,,,152,,,,,,,Y,2,0,1,1,A,-,08,22107,,N,E,I,A,A,H,-,A,D,0,,,,,Y,,A,01,1,0,0,0,0,0,0,0,0,"- ","- ",37.054668426513672,-120.68965911865234,MERCED,UNINCORPORATED,-120.68965911865234,37.054607391357422
91237159,2020,2020-05-13,9460,2020-05-07,1742,020008,,4,2,9,2400,0,3,5,,2,090,"ROSE AVENUE","SULTANA DRIVE",0.00,,Y,A,-,N,,,,,,,,,,Y,2,0,3,2,A,-,12,22450,A,N,D,C,A,A,H,-,A,A,0,,,,,Y,,A,01,2,1,0,0,0,0,0,0,0,"- ","- ",37.324020385742188,-120.68699645996094,MERCED,UNINCORPORATED,-120.68727111816406,37.324100494384766
91237463,2020,2020-05-13,9461,2020-05-10,1856,019052,,7,2,9,2400,0,3,5,,2,040,"MIDWAY RD","MCDONALD AVE",1056.00,N,N,A,-,N,,,,,,,,,,N,2,0,1,1,B,-,22,,,N,F,A,A,A,H,-,A,D,0,,,,,Y,,A,01,1,0,0,0,0,0,0,0,0,"- ","- ",37.078041076660156,-120.74506378173828,MERCED,UNINCORPORATED,,
91243588,2020,2020-05-28,9460,2020-05-20,2340,018951,,3,3,9,2400,0,3,5,,2,060,"S. BEAR CREEK DRIVE","ARBOLEDA DRIVE",0.00,,Y,A,-,N,,,,,,,,,,Y,2,0,1,1,A,-,01,23152,A,N,E,I,A,A,H,-,D,D,0,,,,,Y,Y,D,22,1,0,0,0,0,0,0,0,0,"- ","- ",37.310409545898438,-120.37870788574219,MERCED,UNINCORPORATED,-120.37879180908203,37.310420989990234
91247476,2020,2020-06-04,9460,2020-05-25,1528,019286,,1,2,9,2400,0,1,3,,2,001,"SR-99 S/B","MERCED AVENUE",366.00,N,N,A,-,Y,,,99,,,,,,S,Y,2,0,3,1,A,-,08,22107,,N,F,A,A,A,H,-,A,D,0,,,,,Y,,A,07,2,1,0,0,0,0,0,0,0,"- ","- ",37.446559906005859,-120.79502868652344,MERCED,UNINCORPORATED,-120.79496765136719,37.446659088134766
91248048,2020,2020-06-05,9460,2020-05-26,1815,019286,,2,2,9,2400,0,3,5,,2,040,"OAKDALE ROAD","SHAFFER ROAD",350.00,W,N,A,-,N,,,,,,,,,,Y,2,0,2,1,A,-,01,23152,A,N,E,I,A,A,H,-,A,D,0,,,,,Y,Y,D,22,1,1,0,0,0,0,0,0,0,"- ","- ",37.445499420166016,-120.59490203857422,MERCED,UNINCORPORATED,-120.59532928466797,37.445476531982422
91261496,2020,2020-07-01,9460,2020-06-22,0554,016917,,1,3,9,2400,0,3,5,,2,090,"MAGNOLIA AVE","DWIGHT WAY",2323.00,W,N,A,-,N,,,,,,,,,,Y,2,0,1,2,A,-,09,21801,A,N,A,C,A,A,H,-,A,D,0,,,Y,,Y,,A,01,1,0,0,0,0,0,0,0,1,"- ","- ",37.367660522460938,-120.71347808837891,MERCED,UNINCORPORATED,-120.71340942382812,37.367771148681641
91267891,2020,2020-07-13,9460,2020-04-08,2140,021150,,3,2,5,2406,0,1,3,,2,003,"SR-99 S/B",SR-140,1056.00,S,N,B,-,Y,,,99,,,,,,S,Y,1,1,1,4,A,-,07,21658,A,N,B,C,F,A,H,-,C,D,0,Y,,,Y,Y,,G,25,0,1,0,1,1,0,0,0,0,"- ","- ",37.292800903320312,-120.46499633789062,MERCED,MERCED,-120.46500396728516,37.292793273925781
91267966,2020,2020-11-12,9460,2020-05-01,2135,020967,,5,2,9,2400,0,3,5,,2,020,"VINCENT ROAD","LINWOOD ROAD",2112.00,S,N,A,-,N,,,,,,,,,,Y,1,1,6,2,A,-,01,23152,A,N,F,A,A,A,H,-,D,D,0,,,,,Y,Y,A,01,5,1,0,0,0,0,0,0,0,"- ","- ",37.471931457519531,-120.77615356445312,MERCED,UNINCORPORATED,-120.776123046875,37.472000122070312
9126914,2020,2020-09-16,2406,2020-06-27,1026,162,3,6,5,5,2406,0,0,0,,0,03C,"G ST","EAST CHILDS AV",730.00,N,N,A,-,N,,,,,,,,,,N,2,0,1,2,A,-,08,22107,,F,G,B,E,A,H,-,A,D,0,Y,,,,Y,,D,22,1,0,0,0,1,0,0,0,0,"- ","- ",,,MERCED,MERCED,-120.48085784912109,37.289993286132812
91273314,2020,2020-07-23,9461,2020-07-06,1610,021387,,1,2,9,2400,0,1,3,,1,152,"STATE ROUTE 152 EASTBOUND","ROMERO VISITORS CENTER",2112.00,E,N,A,-,Y,,,152,,,,,,E,Y,1,1,1,1,A,-,08,22107,,N,E,I,A,A,H,-,A,D,0,,,,,Y,,A,07,1,0,0,0,0,0,0,0,0,"- ","- ",37.081581115722656,-121.09300231933594,MERCED,UNINCORPORATED,-121.09300231933594,37.081573486328125
91276963,2020,2020-07-30,9460,2020-07-20,1850,018778,,1,2,9,2400,0,3,5,,2,040,"SANTA FE AVENUE","LINWOOD RD",2763.00,N,N,A,-,N,,,,,,,,,,Y,2,0,1,1,A,-,01,23152,A,N,E,I,A,A,H,-,A,D,0,,,,,Y,Y,A,01,1,0,0,0,0,0,0,0,0,"- ","- ",37.482208251953125,-120.75125122070312,MERCED,UNINCORPORATED,-120.75119781494141,37.482135772705078
91284563,2020,2020-08-11,9460,2020-06-08,0445,020840,,1,3,9,2400,0,3,5,,2,010,"KELLEY ROAD","RIVER ROAD",200.00,W,N,A,-,N,,,,,,,,,,Y,1,1,0,1,A,-,08,22107,,N,F,A,A,A,H,-,D,D,0,,,Y,,Y,,C,02,0,0,0,0,0,0,0,1,0,"- ","- ",37.350780487060547,-120.96266937255859,MERCED,UNINCORPORATED,-120.96368408203125,37.350608825683594
91288703,2020,2020-08-19,9460,2020-08-07,0735,016476,,5,1,9,2400,0,3,5,,2,010,"WASHINGTON RD","WILLIAMS AVE",0.00,,Y,A,-,N,,,,,,,,,,Y,2,0,2,2,A,-,09,21802,A,N,D,C,A,A,H,-,A,A,0,,,,,Y,,A,01,1,1,0,0,0,0,0,0,0,"- ","- ",37.390171051025391,-120.90438079833984,MERCED,UNINCORPORATED,-120.90495300292969,37.390129089355469
91291693,2020,2020-08-24,9460,2020-07-14,1721,018292,,2,2,9,2400,0,3,5,,2,020,"BRADBURY ROAD","MERCED AVENUE",0.00,,Y,A,-,N,,,,,,,,,,Y,1,1,0,2,A,-,09,21801,A,N,F,A,A,A,H,-,A,D,0,,,Y,,Y,,A,07,0,0,0,0,0,0,0,1,0,"- ","- ",37.448699951171875,-120.79110717773438,MERCED,UNINCORPORATED,-120.79110717773438,37.448688507080078
91316423,2020,2020-10-02,9460,2020-09-26,0618,019005,,6,1,9,2400,0,2,4,,1,041,"SANTA FE DR","AVENUE 2",809.00,N,N,A,-,N,,,,,,,,,,Y,2,0,2,2,A,-,01,23152,A,N,B,C,A,A,H,-,B,D,0,,,,,Y,Y,A,07,1,1,0,0,0,0,0,0,0,"- ","- ",37.352199554443359,-120.55948638916016,MERCED,UNINCORPORATED,-120.55745697021484,37.350955963134766
91316706,2020,2020-10-02,9461,2020-10-01,0910,014933,,4,1,9,2400,0,1,3,,2,453,"SR-152 W/B","COYOTE RD.",3168.00,E,N,A,-,Y,,,152,,,,,,W,Y,2,0,2,2,A,-,03,22350,,N,C,C,A,A,H,-,A,D,0,,,,,Y,,A,07,2,0,0,0,0,0,0,0,0,"- ","- ",37.080741882324219,-120.50035858154297,MERCED,UNINCORPORATED,-120.50034332275391,37.080692291259766
91327448,2020,2020-11-12,9461,2020-09-08,0453,021387,,2,3,9,2400,0,1,1,,2,105,"INTERSTATE 5 SOUTHBOUND","COTTONWOOD ROAD",3168.00,N,N,A,-,Y,,,5,,,,,,S,Y,1,1,0,2,A,-,03,22350,,N,G,B,E,A,H,-,D,D,0,Y,,,Y,Y,,G,25,0,0,0,1,0,0,0,0,0,"- ","- ",37.196018218994141,-121.07565307617188,MERCED,UNINCORPORATED,-121.07558441162109,37.196056365966797
91328915,2020,2020-10-21,9460,2020-10-16,1501,019806,,5,2,9,2400,0,3,5,,2,080,"GURR RD","BAILEY AVE",0.00,,Y,A,-,N,,,,,,,,,,Y,2,0,1,2,A,-,09,21801,A,N,D,C,A,A,H,-,A,D,0,,,Y,,Y,,A,01,1,0,0,0,0,0,0,0,1,"- ","- ",37.288089752197266,-120.55982971191406,MERCED,UNINCORPORATED,-120.55986022949219,37.288089752197266
91335276,2020,2021-04-29,9461,2020-09-29,1650,020351,,2,2,9,2400,0,2,4,,1,110,"INGOMAR GRADE","SYLVESTER ROAD",1698.00,N,N,A,-,N,,,,,,,,,,Y,1,1,3,1,A,-,00,22017,,N,F,A,A,A,H,-,A,A,0,,,,,Y,,A,07,0,3,0,0,0,0,0,0,0,"- ","- ",37.092979431152344,-120.91442108154297,MERCED,UNINCORPORATED,-120.91445922851562,37.092952728271484
91336025,2020,2020-10-30,9460,2020-10-23,1410,020822,,5,2,9,2400,0,1,3,,2,001,"SR-99 S/B","BRADBURY RD",1162.00,N,N,A,-,Y,,,99,,,,,,S,Y,2,0,2,1,A,-,08,22107,,N,F,A,A,A,H,-,A,D,0,,,,,Y,,A,07,1,1,0,0,0,0,0,0,0,"- ","- ",37.450649261474609,-120.79933929443359,MERCED,UNINCORPORATED,-120.79927062988281,37.450698852539062
91339648,2020,2020-11-04,9460,2020-10-30,1720,019838,,5,2,9,2400,0,2,4,,1,042,"SANTA FE DR","CENTER STREET",0.00,,Y,A,-,N,,,,,,,,,,N,2,0,1,2,A,-,09,21802,A,N,F,A,A,A,H,-,A,D,0,,,Y,,Y,,A,07,1,0,0,0,0,0,0,0,1,"- ","- ",37.387001037597656,-120.61489868164062,MERCED,UNINCORPORATED,-120.61492919921875,37.387031555175781
91343152,2020,2021-02-03,9461,2020-10-24,1314,021387,,6,1,9,2400,0,1,3,,1,152,"STATE ROUTE 152 EASTBOUND","ROMERO VISITOR CENTER",3696.00,E,N,A,-,Y,,,152,,,,,,E,Y,1,1,1,1,A,-,08,22107,,N,F,A,A,A,H,-,A,D,0,,,,,Y,,E,22,0,1,0,0,0,0,0,0,0,"- ","- ",37.080429077148438,-121.09104156494141,MERCED,UNINCORPORATED,-121.09104156494141,37.080432891845703
91354396,2020,2020-11-26,9460,2020-11-18,0729,018922,,3,1,9,2400,0,3,5,,2,090,"PEACH AVENUE","SHEESLEY ROAD",13.00,E,N,C,-,N,,,,,,,,,,Y,2,0,3,1,A,-,08,22107,,N,E,I,A,B,H,-,A,D,0,,,,,Y,,A,07,1,1,1,0,0,0,0,0,0,"- ","- ",37.374881744384766,-120.69090270996094,MERCED,UNINCORPORATED,-120.69094848632812,37.374919891357422
91360040,2020,2020-12-07,9460,2020-10-08,0840,015398,,4,1,9,2400,0,3,5,,2,020,"PALM STREET","BLOSS AVENUE",0.00,,Y,A,-,N,,,,,,,,,,Y,1,1,2,2,A,-,12,22450,A,F,D,C,A,A,H,-,A,A,0,,,,,Y,,A,01,1,1,0,0,0,0,0,0,0,"- ","- ",37.404941558837891,-120.76856994628906,MERCED,UNINCORPORATED,-120.76851654052734,37.404930114746094
91376379,2020,2020-12-28,9461,2020-12-19,1720,018586,,6,2,9,2400,0,3,5,,2,050,"REYNOLDS AVE","BLOSSOM AVE",0.00,,Y,E,-,N,,,,,,,,,,Y,2,0,1,2,A,-,12,22450,A,N,D,D,A,A,H,-,C,A,0,,,Y,,Y,,C,03,1,0,0,0,0,0,0,0,1,"- ","- ",36.986118316650391,-120.64469909667969,MERCED,UNINCORPORATED,-120.64472961425781,36.986129760742188
91378982,2020,2020-12-31,9460,2020-12-22,1500,019286,,2,2,9,2400,0,3,5,,2,080,"DICKENSON FERRY ROAD",SR-59,3168.00,W,N,B,-,N,,,,,,,,,,Y,2,0,1,1,A,-,01,23152,A,N,E,I,A,A,H,-,A,D,0,,,,,Y,Y,A,01,1,0,0,0,0,0,0,0,0,"- ","- ",37.273609161376953,-120.49861145019531,MERCED,UNINCORPORATED,-120.49872589111328,37.273571014404297
91386361,2020,2021-01-12,9460,2020-11-02,0445,021320,,1,3,9,2400,0,3,5,,2,020,"S. GOLDEN STATE BLVD.","GRIFFITH ROAD",1056.00,N,N,A,-,N,,,,,,,,,,Y,1,1,0,2,A,-,11,21954,A,N,G,B,D,A,H,-,C,D,0,Y,,,,Y,Y,N,60,0,0,0,1,0,0,0,0,0,"- ","- ",37.465618133544922,-120.81497955322266,MERCED,UNINCORPORATED,-120.81429290771484,37.465072631835938
91396060,2021,2021-02-08,9461,2021-01-08,0900,014933,,5,1,9,2400,0,1,3,,1,452,"STATE ROUTE 152 WESTBOUND","SAN JUAN ROAD",708.00,E,N,E,-,Y,,,152,,,,,,W,Y,1,1,0,1,A,-,08,22107,,N,E,I,A,A,H,-,A,D,0,,,,,Y,,A,01,0,0,0,0,0,0,0,0,0,"- ","- ",37.054519653320312,-120.65115356445312,MERCED,UNINCORPORATED,-120.65115356445312,37.054439544677734
91399675,2021,2021-02-01,9460,2021-01-21,0001,019005,,4,3,9,2400,0,1,3,,2,002,"SR-99 S/B","FRANKLIN RD",2640.00,S,N,A,-,Y,,,99,,,,,,S,Y,2,0,1,1,A,-,08,22107,,N,E,I,A,A,H,-,D,D,0,,,,,Y,,A,07,1,0,0,0,0,0,0,0,0,"- ","- ",37.317840576171875,-120.53392028808594,MERCED,UNINCORPORATED,-120.53379821777344,37.318172454833984
91413849,2021,2021-02-23,9461,2021-02-22,1815,020351,,1,2,9,2400,0,1,3,,1,452,"SR-152 W/B","DELTA ROAD",0.00,,Y,A,-,Y,,,152,,,,,,W,Y,2,0,2,2,A,-,09,21802,A,F,D,C,A,A,H,-,D,A,0,,,,,Y,Y,D,22,1,1,0,0,0,0,0,0,0,"- ","- ",37.055591583251953,-120.76223754882812,MERCED,UNINCORPORATED,-120.76223754882812,37.055637359619141
91413863,2021,2021-02-23,9461,2021-01-02,2500,017080,,6,4,9,2400,0,3,5,,2,020,"ALMOND DRIVE","ORTIGALITA ROAD",390.00,W,N,A,-,N,,,,,,,,,,Y,1,2,0,1,A,-,08,22107,,N,E,I,A,A,H,-,A,D,0,,,,,Y,,A,01,0,0,0,0,0,0,0,0,0,"- ","- ",36.998138427734375,-120.87454986572266,MERCED,UNINCORPORATED,-120.87477111816406,36.99127197265625
91418145,2021,2021-03-01,9460,2021-02-24,2300,020840,,3,3,5,2406,0,1,3,,2,003,"SR-99 N/B","MISSION AVE",3168.00,N,N,A,-,Y,,,99,,,,,,N,Y,2,0,2,2,A,-,01,23152,A,N,C,C,A,A,H,-,D,D,0,,,,,Y,Y,A,01,1,0,1,0,0,0,0,0,0,"- ","- ",37.280559539794922,-120.4473876953125,MERCED,MERCED,-120.44729614257812,37.280673980712891
91423149,2021,2021-03-09,9460,2021-03-02,1735,019806,,2,2,9,2400,0,3,5,,2,040,"PALM AVE","SANTA FE DR",0.00,,Y,A,-,N,,,,,,,,,,Y,2,0,1,2,A,-,09,21802,A,N,D,C,A,A,H,-,B,A,0,,,Y,,Y,,A,07,1,0,0,0,0,0,0,0,1,"- ","- ",37.418418884277344,-120.66531372070312,MERCED,UNINCORPORATED,-120.66535949707031,37.418426513671875
91424060,2021,2021-03-10,9461,2021-03-06,0150,021126,,6,3,9,2400,0,1,1,,2,105,"I-5 N/B",SR-140,2112.00,S,N,B,C,Y,,,5,,,,,,N,Y,2,0,1,2,A,-,07,21658,A,N,B,C,A,B,H,-,D,D,0,,,,Y,Y,,A,01,1,0,0,0,0,0,0,0,0,"- ","- ",37.240779876708984,-121.08711242675781,MERCED,UNINCORPORATED,-121.08733367919922,37.24072265625
91433038,2021,2021-03-23,9461,2021-03-19,1422,021280,,5,2,9,2400,0,1,3,,1,503,SR-33,"EUCALYPTUS RD.",2640.00,N,N,C,-,N,,,33,,,,,,,Y,2,0,2,2,A,-,01,23152,A,N,A,C,A,B,H,-,A,D,0,,,,,Y,Y,A,01,1,1,0,0,0,0,0,0,0,"- ","- ",37.015998840332031,-120.63564300537109,MERCED,UNINCORPORATED,-120.63561248779297,37.015998840332031
91440424,2021,2021-03-31,9460,2021-03-24,1340,019005,,3,1,9,2400,0,3,5,,2,100,"WESTSIDE BLVD","WEIR AVE",200.00,E,N,A,-,N,,,,,,,,,,Y,2,0,1,1,A,-,08,22107,,N,F,A,A,A,H,-,A,D,0,,,Y,,Y,,C,02,1,0,0,0,0,0,0,0,1,"- ","- ",37.3603515625,-120.79589080810547,MERCED,UNINCORPORATED,-120.79575347900391,37.360439300537109
91447485,2021,2021-05-12,9461,2021-04-02,2120,020351,,5,2,9,2400,0,1,1,,2,105,"INTERSTATE 5 SOUTHBOUND","MCCABE ROAD",1710.00,N,N,A,-,Y,,,5,,,,,,S,Y,2,0,4,4,A,-,03,22350,,N,C,C,A,A,H,-,D,D,0,,,,,Y,,D,22,1,0,3,0,0,0,0,0,0,"- ","- ",37.119461059570312,-121.02558898925781,MERCED,UNINCORPORATED,-121.02558135986328,37.119464874267578
91454943,2021,2021-04-21,9460,2021-04-10,0805,018951,,6,1,9,2400,0,3,5,,2,040,"BELCHER AVENUE","STATE ROUTE 59",2112.00,W,N,A,-,N,,,,,,,,,,Y,2,0,1,2,A,-,03,22350,,N,C,C,A,A,H,-,A,D,0,,,,,Y,,A,01,1,0,0,0,0,0,0,0,0,"- ","- ",37.339118957519531,-120.51197814941406,MERCED,UNINCORPORATED,-120.51155090332031,37.339141845703125