CASE_ID,ACCIDENT_YEAR,PROC_DATE,JURIS,COLLISION_DATE,COLLISION_TIME,OFFICER_ID,REPORTING_DISTRICT,DAY_OF_WEEK,CHP_SHIFT,POPULATION,CNTY_CITY_LOC,SPECIAL_COND,BEAT_TYPE,CHP_BEAT_TYPE,CITY_DIVISION_LAPD,CHP_BEAT_CLASS,BEAT_NUMBER,PRIMARY_RD,SECONDARY_RD,DISTANCE,DIRECTION,INTERSECTION,WEATHER_1,WEATHER_2,STATE_HWY_IND,CALTRANS_COUNTY,CALTRANS_DISTRICT,STATE_ROUTE,ROUTE_SUFFIX,POSTMILE_PREFIX,POSTMILE,LOCATION_TYPE,RAMP_INTERSECTION,SIDE_OF_HWY,TOW_AWAY,COLLISION_SEVERITY,NUMBER_KILLED,NUMBER_INJURED,PARTY_COUNT,PRIMARY_COLL_FACTOR,PCF_CODE_OF_VIOL,PCF_VIOL_CATEGORY,PCF_VIOLATION,PCF_VIOL_SUBSECTION,HIT_AND_RUN,TYPE_OF_COLLISION,MVIW,PED_ACTION,ROAD_SURFACE,ROAD_COND_1,ROAD_COND_2,LIGHTING,CONTROL_DEVICE,CHP_ROAD_TYPE,PEDESTRIAN_ACCIDENT,BICYCLE_ACCIDENT,MOTORCYCLE_ACCIDENT,TRUCK_ACCIDENT,NOT_PRIVATE_PROPERTY,ALCOHOL_INVOLVED,STWD_VEHTYPE_AT_FAULT,CHP_VEHTYPE_AT_FAULT,COUNT_SEVERE_INJ,COUNT_VISIBLE_INJ,COUNT_COMPLAINT_PAIN,COUNT_PED_KILLED,COUNT_PED_INJURED,COUNT_BICYCLIST_KILLED,COUNT_BICYCLIST_INJURED,COUNT_MC_KILLED,COUNT_MC_INJURED,PRIMARY_RAMP,SECONDARY_RAMP,LATITUDE,LONGITUDE,COUNTY,CITY,POINT_X,POINT_Y
91458123,2021,2021-04-26,9460,2021-04-18,1000,018673,,7,1,9,2400,0,3,5,,2,060,"SUTTER STREET","LATHAM STREET",24.00,N,N,A,-,N,,,,,,,,,,N,2,0,1,2,A,-,08,22107,,N,D,G,A,A,H,-,A,D,0,,Y,,,Y,,L,04,1,0,0,0,0,0,1,0,0,"- ","- ",37.294219970703125,-120.32109832763672,MERCED,UNINCORPORATED,-120.32113647460938,37.293827056884766
91463993,2021,2021-05-03,9460,2021-04-22,1945,019838,,4,2,9,2400,0,3,5,,2,030,"BEACHWOOD DR","FIR AVENUE",0.00,,Y,A,-,N,,,,,,,,,,N,2,0,1,1,A,-,08,22107,,N,F,A,A,A,H,-,A,D,0,,,Y,,Y,,C,02,1,0,0,0,0,0,0,0,1,"- ","- ",37.328189849853516,-120.52803039550781,MERCED,UNINCORPORATED,-120.52800750732422,37.328201293945312
91470106,2020,2021-05-11,9461,2020-11-01,0909,018586,,7,1,9,2400,0,1,1,,2,105,"INTERSTATE 5 NORTHBOUND","STATE ROUTE 140",1600.00,S,N,A,-,Y,,,5,,,,,,N,Y,1,1,2,3,A,-,03,22350,,N,C,C,A,A,D,-,A,D,0,,,,,Y,,A,01,1,0,1,0,0,0,0,0,0,"- ","- ",37.241588592529297,-121.08757781982422,MERCED,UNINCORPORATED,-121.08756256103516,37.241596221923828
91470208,2021,2021-05-11,9460,2021-05-04,0630,015398,,2,1,9,2400,0,3,5,,2,020,"LEE RD.","TURLOCK RD.",2112.00,S,N,A,-,N,,,,,,,,,,Y,2,0,1,1,A,-,08,22107,,N,E,I,A,A,H,-,B,D,0,,,,,Y,,A,01,1,0,0,0,0,0,0,0,0,"- ","- ",37.47119140625,-120.64884185791016,MERCED,UNINCORPORATED,-120.64888000488281,37.471221923828125
91481397,2021,2021-05-27,9461,2021-05-23,1650,021378,,7,2,9,2400,0,1,1,,2,305,"I-5 S/B","NEES AVE",7920.00,N,N,A,-,Y,,,5,,,,,,S,Y,2,0,4,2,A,-,05,21651,A,N,C,C,A,A,H,-,A,D,0,,,,,Y,,A,07,1,0,3,0,0,0,0,0,0,"- ","- ",36.865779876708984,-120.78485870361328,MERCED,UNINCORPORATED,-120.78483581542969,36.865795135498047
91485747,2021,2021-05-31,9461,2021-05-23,1700,020486,,7,2,9,2400,0,1,3,,1,153,"STATE HIGHWAY 152","ROMERO VISITOR CENTER",6864.00,E,N,A,-,Y,,,152,,,,,,,Y,2,0,1,1,A,-,01,23152,A,N,E,I,A,A,H,-,A,D,0,,,,,Y,Y,D,22,1,0,0,0,0,0,0,0,0,"- ","- ",37.073501586914062,-121.07903289794922,MERCED,UNINCORPORATED,-121.07907104492188,37.073429107666016
91492609,2021,2021-06-09,9460,2021-05-21,0238,020099,,5,3,9,2400,0,1,3,,2,002,"VINE AVE","OLIVE AVE",0.00,,Y,A,-,N,,,,,,,,,,Y,2,0,1,1,A,-,01,23152,A,M,E,I,A,A,H,-,D,A,0,,,,,Y,Y,A,01,1,0,0,0,0,0,0,0,0,"- ","- ",37.355140686035156,-120.63227081298828,MERCED,UNINCORPORATED,-120.63169097900391,37.396591186523438
91493659,2021,2021-06-10,9460,2021-05-29,0130,020156,,6,3,5,2406,0,1,3,,2,003,"SR-99 N/B","CHILDS AVE",1742.00,N,N,A,-,Y,,,99,,,,,,N,Y,2,0,1,1,A,-,08,22107,,N,E,I,A,A,H,-,D,D,0,,,,,Y,,A,01,1,0,0,0,0,0,0,0,0,"- ","- ",37.291328430175781,-120.4613037109375,MERCED,MERCED,-120.46134948730469,37.291233062744141
91497455,2021,2021-07-15,9460,2021-06-08,1421,018922,,2,2,9,2400,0,1,3,,1,591,SR-59,"SANDY MUSH ROAD",410.00,S,N,A,-,Y,,,59,,,,,,,Y,2,0,2,2,A,-,05,21460,A,N,A,C,A,A,H,-,A,D,0,,,,Y,Y,,G,25,1,0,1,0,0,0,0,0,0,"- ","- ",37.184661865234375,-120.48837280273438,MERCED,UNINCORPORATED,-120.48838806152344,37.184665679931641
91506749,2021,2021-06-25,9460,2021-05-08,1105,018422,,6,1,9,2400,0,1,3,,1,165,SR-165,"WESTSIDE BLVD.",528.00,S,N,A,-,Y,,,165,,,,,,,Y,1,2,4,2,A,-,01,23152,F,N,D,C,A,A,H,-,A,D,0,,,,,Y,,A,01,0,3,1,0,0,0,0,0,0,"- ","- ",37.358280181884766,-120.84998321533203,MERCED,UNINCORPORATED,-120.85033416748047,37.3582763671875
91510700,2021,2021-07-01,9460,2021-06-01,0835,016323,,2,1,3,2401,0,1,3,,2,002,"STATE ROUTE 99 NORTHBOUND","WEST ATWATER BOULEVARD",885.00,S,N,A,-,Y,,,99,,,,,,N,Y,2,0,1,9,A,-,03,22350,,F,C,C,A,A,D,-,A,D,0,,,,,Y,,A,01,1,0,0,0,0,0,0,0,0,"- ","- ",37.349159240722656,-120.62206268310547,MERCED,ATWATER,-120.62209320068359,37.349132537841797
91523697,2021,2021-07-19,9460,2021-07-03,0950,018422,,6,1,9,2400,0,3,5,,2,040,"TURLOCK RD.","LOONEY RD.",6864.00,E,N,B,-,N,,,,,,,,,,Y,1,1,1,1,A,-,08,22107,,N,F,A,A,A,H,-,A,D,0,,,,,Y,,A,01,0,0,1,0,0,0,0,0,0,"- ","- ",37.474849700927734,-120.60575866699219,MERCED,UNINCORPORATED,-120.60728454589844,37.475723266601562
91525661,2021,2021-07-21,9460,2021-05-10,0113,019106,,1,3,9,2400,0,3,5,,2,030,"ASHBY ROAD","COOPER AVENUE",3696.00,E,N,A,-,N,,,,,,,,,,N,2,0,1,2,D,-,00,,,F,G,B,E,A,H,-,D,D,0,Y,,,,Y,,-,"- ",1,0,0,0,1,0,0,0,0,"- ","- ",37.310428619384766,-120.51139068603516,MERCED,UNINCORPORATED,-120.50904083251953,37.309139251708984
91528689,2021,2021-07-26,9460,2021-06-16,2240,020099,,3,3,5,2406,0,1,3,,2,003,"SR-99 N/B","V STEET",528.00,S,N,A,-,Y,,,99,,,,,,N,Y,1,1,0,2,A,-,01,23152,F,N,C,C,A,A,H,-,D,D,0,,,,Y,Y,,A,01,0,0,0,0,0,0,0,0,0,"- ","- ",37.302528381347656,-120.49855804443359,MERCED,MERCED,-120.49856567382812,37.302524566650391
91531623,2021,2021-07-29,9461,2021-07-20,1700,021056,,2,2,9,2400,0,1,3,,1,153,"SR-152 E/B","VOLTA RD",0.00,,Y,A,-,Y,,,152,,,,,,E,Y,2,0,2,3,A,-,09,21804,A,N,D,C,A,A,H,-,A,D,0,,,,,Y,,A,01,1,1,0,0,0,0,0,0,0,"- ","- ",37.056449890136719,-120.92653656005859,MERCED,UNINCORPORATED,-120.92653656005859,37.056461334228516
91542491,2021,2021-08-11,9461,2021-05-30,2222,021536,,7,3,9,2400,0,1,1,,2,205,"INTERSTATE 5","VOLTA ROAD UNDERCROSSING",721.00,S,N,A,-,Y,,,5,,,,,,,Y,1,1,0,2,A,-,11,21954,A,N,G,B,E,A,H,-,D,D,0,Y,,,,Y,,N,60,0,0,0,1,0,0,0,0,0,"- ","- ",37.012599945068359,-120.92732238769531,MERCED,UNINCORPORATED,-120.92733764648438,37.012584686279297
91547255,2021,2021-08-17,9460,2021-08-10,0805,015305,,2,1,9,2400,0,3,5,,2,080,"S. ARBOR WAY","E. ROOSEVELT ROAD",0.00,,Y,A,-,N,,,,,,,,,,Y,2,0,2,2,A,-,12,22450,A,N,D,C,A,A,H,-,A,A,0,,,,,Y,,M,46,1,0,1,0,0,0,0,0,0,"- ","- ",37.141941070556641,-120.45481109619141,MERCED,UNINCORPORATED,-120.45536041259766,37.141891479492188
91555267,2021,2021-08-26,9460,2021-08-14,1615,019918,,6,2,9,2400,0,3,5,,2,030,"GREEN SANDS ROAD","ATWATER MERCED EXPRESSWAY",260.00,W,N,A,-,N,,,,,,,,,,Y,2,0,1,1,A,-,08,22107,,N,F,A,A,A,H,-,A,D,0,,,Y,,Y,Y,C,02,1,0,0,0,0,0,0,0,1,"- ","- ",37.338699340820312,-120.5653076171875,MERCED,UNINCORPORATED,-120.56528472900391,37.338798522949219
91555386,2021,2021-08-26,9460,2021-08-08,1038,019286,,7,1,9,2400,0,3,5,,2,020,"BRADBURY ROAD","MERCED AVENUE",625.00,E,N,A,-,N,,,,,,,,,,Y,2,0,1,1,A,-,01,23152,A,M,E,I,A,A,H,-,A,D,0,,,,,Y,Y,A,07,1,0,0,0,0,0,0,0,0,"- ","- ",37.448661804199219,-120.78888702392578,MERCED,UNINCORPORATED,-120.78895568847656,37.448661804199219
91571085,2021,2021-09-15,9460,2021-09-07,0720,015398,,2,1,9,2400,0,3,5,,2,100,"VINEWOOD AVE.","ROBIN AVE.",1531.00,W,N,A,-,N,,,,,,,,,,N,2,0,1,2,A,-,03,22350,,N,C,G,A,A,H,-,A,D,0,,Y,,Y,Y,,F,26,1,0,0,0,0,0,1,0,0,"- ","- ",37.385791778564453,-120.74669647216797,MERCED,UNINCORPORATED,-120.74669647216797,37.385810852050781
91597620,2021,2021-10-15,9460,2021-10-09,1230,016917,,6,1,9,2400,0,3,5,,2,040,"TURLOCK RD","DRY CREEK",618.00,W,N,A,-,N,,,,,,,,,,N,2,0,1,1,A,-,08,22107,,N,F,A,A,A,H,-,A,D,0,,,Y,,Y,,C,02,1,0,0,0,0,0,0,0,1,"- ","- ",37.475120544433594,-120.6060791015625,MERCED,UNINCORPORATED,-120.5870361328125,37.477008819580078
91620872,2021,2021-11-10,9461,2021-09-29,0615,014933,,3,1,9,2400,0,2,4,,1,410,"TURNER ISLAND ROAD","SALT SLOUGH BRIDGE",0.00,,Y,A,-,N,,,,,,,,,,Y,1,1,0,2,A,-,16,24002,A,N,A,C,A,A,H,-,D,D,0,,,,,Y,,M,46,0,0,0,0,0,0,0,0,0,"- ","- ",37.140918731689453,-120.70709228515625,MERCED,UNINCORPORATED,,
91650436,2021,2021-12-13,9460,2021-10-28,0640,015305,,4,1,9,2400,0,3,5,,2,080,"DICKENSON FERRY ROAD","EL CAPITAN SCHOOL ROAD",319.00,W,N,A,-,N,,,,,,,,,,Y,1,1,0,2,C,-,18,,,N,C,G,A,A,H,-,D,D,0,,Y,,Y,Y,,-,"- ",0,0,0,0,0,1,0,0,0,"- ","- ",37.273178100585938,-120.54311370849609,MERCED,UNINCORPORATED,-120.54326629638672,37.273181915283203
91651491,2021,2021-12-14,9460,2021-09-22,0805,019286,,3,1,9,2400,0,1,3,,2,002,"SR-99 N/B","WEST ATWATER BOULEVARD",1056.00,N,N,A,-,Y,,,99,,,,,,N,N,2,0,1,2,A,-,07,21658,A,N,C,2,A,A,D,-,A,D,0,,,,Y,Y,,G,25,1,0,0,0,0,0,0,0,0,"- ","- ",37.354019165039062,-120.62764739990234,MERCED,UNINCORPORATED,-120.62766265869141,37.353988647460938
91652711,2021,2021-12-15,9461,2021-10-10,0600,020486,,7,1,9,2400,0,1,3,,1,153,"STATE HIGHWAY 152","VOLTA ROAD",0.00,,Y,A,-,Y,,,152,,,,,,,Y,1,2,0,2,A,-,09,21802,A,N,D,C,A,A,H,-,D,A,0,,,,Y,Y,,A,01,0,0,0,0,0,0,0,0,0,"- ","- ",37.056438446044922,-120.92655181884766,MERCED,UNINCORPORATED,-120.92655181884766,37.056461334228516
91654967,2021,2021-12-17,9460,2021-12-08,1600,017343,,3,2,9,2400,0,1,3,,2,003,"SR-99 N/B FROM SR-140",SR-140,15.00,N,N,A,-,Y,,,,,,,,,,N,2,0,1,2,A,-,11,21954,A,N,G,B,D,A,H,-,A,D,0,Y,,,,Y,,N,60,1,0,0,0,1,0,0,0,0,"- ","- ",37.298320770263672,-120.46748352050781,MERCED,UNINCORPORATED,-120.47202301025391,37.295818328857422
91659868,2021,2021-12-23,9460,2021-07-12,1957,018673,,1,2,9,2400,0,2,4,,1,052,"BELLEVUE ROAD","UTAH STREET",240.00,W,N,A,-,N,,,,,,,,,,N,1,1,0,2,A,-,03,22350,,F,C,G,A,A,H,-,A,D,0,,Y,,,Y,,A,01,0,0,0,0,0,1,0,0,0,"- ","- ",37.361011505126953,-120.49915313720703,MERCED,UNINCORPORATED,-120.49958801269531,37.360988616943359
91670994,2021,2022-01-05,9460,2021-12-27,1358,018778,,1,1,9,2400,0,1,3,,2,003,"SR-99 N/B","LE GRAND RD",296.00,S,N,B,-,Y,,,,,,,,,,Y,2,0,1,2,A,-,07,21658,A,N,B,C,A,A,H,-,A,D,0,,,,Y,Y,,A,01,1,0,0,0,0,0,0,0,0,"- ","- ",37.224990844726562,-120.37394714355469,MERCED,UNINCORPORATED,-120.37683868408203,37.227020263671875
91679316,2021,2022-01-17,9460,2021-10-25,0110,020840,,1,3,3,2401,0,1,3,,2,002,"SR-99 N/B FROM WEST ATWATER BLVD","WEST ATWATER BOULEVARD",1000.00,N,N,C,-,Y,,,99,,,,R,,N,N,1,1,0,2,A,-,11,21954,A,F,G,B,D,B,H,-,C,D,0,Y,,,,Y,Y,N,60,0,0,0,1,0,0,0,0,0,"- ","- ",37.353729248046875,-120.62628173828125,MERCED,ATWATER,-120.62628173828125,37.353729248046875
91681619,2022,2022-01-20,9460,2022-01-11,2500,015398,,2,4,9,2400,0,3,5,,2,010,"VAN CLIEF RD.","4TH AVE.",1162.00,S,N,E,-,N,,,,,,,,,,Y,2,0,1,1,A,-,08,22107,,N,E,I,A,B,H,-,D,D,0,,,,,Y,,A,01,1,0,0,0,0,0,0,0,0,"- ","- ",37.316921234130859,-120.83307647705078,MERCED,UNINCORPORATED,-120.83303833007812,37.317058563232422
91681989,2021,2022-01-20,9460,2021-10-16,2028,019806,,6,2,9,2400,0,1,3,,1,591,SR-59,"FREITAS AVE",138.00,N,N,A,-,Y,,,59,,,,,,,Y,1,1,1,2,A,-,05,21460,A,N,A,C,A,A,H,-,D,D,0,,,,,Y,,A,01,0,1,0,0,0,0,0,0,0,"- ","- ",37.179821014404297,-120.49163055419922,MERCED,UNINCORPORATED,-120.49164581298828,37.179824829101562
91683493,2021,2022-01-24,9460,2021-10-10,0121,021150,,7,3,9,2400,0,1,3,,2,001,"SR-99 S/B","SHANKS RD",1056.00,N,N,A,-,Y,,,99,,,,,,S,Y,1,1,0,1,A,-,01,23152,G,N,E,I,A,A,D,-,C,D,0,,,,,Y,Y,D,22,0,0,0,0,0,0,0,0,0,"- ","- ",37.441421508789062,-120.78752899169922,MERCED,UNINCORPORATED,-120.78783416748047,37.441127777099609
91686780,2022,2022-01-27,9460,2022-01-15,1430,019286,,6,2,9,2400,0,1,3,,1,165,SR-165,"JOHNSON AVENUE",1065.00,N,N,A,-,Y,MER,,165,,,35.560,H,,R,Y,2,0,2,2,A,-,03,22350,,N,B,2,A,A,H,-,A,D,0,,,Y,,Y,,C,02,1,1,0,0,0,0,0,0,1,"- ","- ",37.436080932617188,-120.84961700439453,MERCED,UNINCORPORATED,-120.849609375,37.436080932617188
91694805,2021,2022-02-07,9460,2021-12-27,0632,019005,,1,1,9,2400,0,3,5,,2,030,"ALMOND AVENUE","CYPRESS AVENUE",528.00,E,N,C,-,N,,,,,,,,,,Y,1,1,0,2,A,-,11,21956,,N,G,B,E,B,H,-,C,D,0,Y,,,,Y,,N,60,0,0,0,1,0,0,0,0,0,"- ","- ",37.308391571044922,-120.55954742431641,MERCED,UNINCORPORATED,-120.620849609375,37.382148742675781
91705086,2022,2022-02-21,9461,2022-02-11,1954,021854,,5,2,9,2400,0,1,3,,1,153,"SR-152 W/B","VOLTA RD.",600.00,E,N,A,-,Y,MER,,152,,,16.352,H,,L,Y,2,0,1,2,A,-,08,22107,,N,D,C,A,A,H,-,D,D,0,,,,Y,Y,,A,07,1,0,0,0,0,0,0,0,0,"- ","- ",37.056598663330078,-120.92440795898438,MERCED,UNINCORPORATED,-120.92440795898438,37.056682586669922
91706042,2022,2022-02-22,9460,2022-02-16,1335,021468,,3,1,9,2400,0,3,5,,2,040,"ASHBY ROAD","MILES CT",528.00,W,N,A,-,N,,,,,,,,,,N,2,0,1,1,A,-,08,22107,,N,F,I,A,A,H,-,A,D,0,,,Y,,Y,,C,02,1,0,0,0,0,0,0,0,1,"- ","- ",37.310279846191406,-120.51123046875,MERCED,UNINCORPORATED,-120.51149749755859,37.310459136962891
91712046,2022,2022-03-01,9461,2022-02-18,1305,020486,,5,1,9,2400,0,1,3,,1,152,"STATE HIGHWAY 152","ROMERO VISITOR CENTER",528.00,W,N,A,-,Y,MER,,152,,R,7.870,H,,R,Y,2,0,2,1,A,-,03,22350,,N,F,A,A,A,H,-,A,D,0,,,Y,,Y,,C,02,2,0,0,0,0,0,0,0,2,"- ","- ",37.084461212158203,-121.103759765625,MERCED,UNINCORPORATED,-121.10382843017578,37.084293365478516
91727839,2022,2022-03-21,9461,2022-03-14,0546,020486,,1,3,9,2400,0,3,5,,2,050,"FAHEY ROAD","CHEROKEE RD",1584.00,E,N,A,-,N,,,,,,,,,,Y,2,0,1,1,A,-,03,22350,,N,E,H,A,A,H,-,D,D,0,,,,,Y,,A,07,1,0,0,0,0,0,0,0,0,"- ","- ",37.122249603271484,-120.97054290771484,MERCED,UNINCORPORATED,-120.97269439697266,37.122146606445312
91740511,2022,2022-04-04,9461,2022-04-01,0955,017329,,5,1,9,2400,0,1,1,,2,205,"I-5 N/B","VOLTA ROAD",904.00,S,N,A,-,Y,MER,,5,,,13.704,H,,R,Y,2,0,2,1,A,-,08,22107,,N,E,8,A,A,H,-,A,D,0,,,,,Y,,D,22,1,1,0,0,0,0,0,0,0,"- ","- ",37.012428283691406,-120.92668914794922,MERCED,UNINCORPORATED,-120.92668914794922,37.012428283691406
91755365,2022,2022-04-25,9460,2022-04-13,1410,019838,,3,2,9,2400,0,3,5,,2,030,"GERTRUDE AVENUE","ANGEL DRIVE",170.00,E,N,A,-,N,,,,,,,,,,Y,2,0,1,2,A,-,08,22107,,N,E,I,A,A,H,-,A,D,0,,,,,Y,,A,01,1,0,0,0,0,0,0,0,0,"- ","- ",37.374568939208984,-120.61136627197266,MERCED,UNINCORPORATED,-120.61001586914062,37.374923706054688
91763044,2022,2022-05-03,9460,2022-04-24,2230,021407,,7,3,9,2400,0,3,5,,2,040,"KELLEY ROAD","RIVER ROAD",2112.00,W,N,A,-,N,,,,,,,,,,Y,2,0,1,1,A,-,01,23152,A,N,E,I,A,A,H,-,D,D,0,,,,,Y,Y,D,22,1,0,0,0,0,0,0,0,0,"- ","- ",37.350200653076172,-120.97209930419922,MERCED,UNINCORPORATED,-120.97025299072266,37.350276947021484
91773727,2022,2022-05-17,9460,2022-05-08,2120,019838,,7,2,9,2400,0,3,5,,2,090,"HULL ROAD","WHITE CRANE ROAD",75.00,S,N,A,-,N,,,,,,,,,,N,2,0,1,1,A,-,08,22107,,N,F,A,A,A,H,-,D,D,0,,Y,,,Y,,M,91,1,0,0,0,0,0,1,0,0,"- ","- ",37.316539764404297,-120.62378692626953,MERCED,UNINCORPORATED,-120.62376403808594,37.316410064697266
91791299,2022,2022-06-08,9460,2022-05-29,1129,018922,,7,1,9,2400,0,1,3,,1,591,SR-59,"MISSION AVENUE",0.00,,Y,A,-,Y,MER,,59,,,13.136,H,,R,Y,1,1,4,2,A,-,12,22450,A,N,D,2,A,A,H,-,A,A,0,,,,,Y,,A,01,0,4,0,0,0,0,0,0,0,"- ","- ",37.273818969726562,-120.48790740966797,MERCED,UNINCORPORATED,-120.48783874511719,37.273818969726562
91793767,2022,2022-06-13,9460,2022-04-27,2500,018673,,3,4,9,2400,0,2,4,,1,051,"SNELLING ROAD",SR-59,0.00,,Y,A,-,Y,MER,,59,,,32.250,H,,R,Y,1,1,0,1,A,-,12,22450,A,N,E,8,A,A,H,-,A,A,0,,,,,Y,,A,01,0,0,0,0,0,0,0,0,0,"- ","- ",37.515979766845703,-120.45294952392578,MERCED,UNINCORPORATED,-120.45294189453125,37.515926361083984
91795063,2022,2022-06-14,9460,2022-06-03,1800,019838,,5,2,9,2400,0,3,5,,2,040,"WALNUT AVE","CALIFORNIA AVENUE",130.00,W,N,A,-,N,,,,,,,,,,N,2,0,1,1,A,-,08,22107,,N,E,I,A,A,H,-,A,D,0,,,,,Y,,M,96,1,0,0,0,0,0,0,0,0,"- ","- ",37.389461517333984,-120.60906219482422,MERCED,UNINCORPORATED,-120.60936737060547,37.389427185058594
91796849,2022,2022-06-16,9460,2022-06-04,1540,019838,,6,2,9,2400,0,3,5,,2,090,"BERT CRANE ROAD","ROSE AVENUE",0.00,,Y,A,-,N,,,,,,,,,,Y,2,0,5,2,B,-,22,,,N,D,C,A,A,H,-,A,A,0,,,,,Y,,J,41,2,3,0,0,0,0,0,0,0,"- ","- ",37.323829650878906,-120.6328125,MERCED,UNINCORPORATED,-120.63277435302734,37.323799133300781
91800328,2022,2022-08-15,9460,2022-04-30,2229,020156,,6,3,9,2400,0,1,3,,1,591,"STATE ROUTE 59","MISSION AVENUE",0.00,,Y,A,-,Y,MER,,59,,,13.131,H,,R,Y,1,1,0,2,C,-,18,,,N,D,C,A,A,H,-,C,A,0,,,,Y,Y,,-,"- ",0,0,0,0,0,0,0,0,0,"- ","- ",37.273750305175781,-120.48783111572266,MERCED,UNINCORPORATED,-120.48784637451172,37.273750305175781
91805282,2022,2022-06-28,9461,2022-06-19,2014,019052,,7,2,9,2400,0,3,5,,2,040,"SANTA RITA GRADE","INDIANA RD",0.00,,Y,A,-,N,,,,,,,,,,Y,2,0,1,1,A,-,01,23152,A,N,E,I,A,A,H,-,B,A,0,,,,,Y,Y,A,01,1,0,0,0,0,0,0,0,0,"- ","- ",37.054328918457031,-120.60189056396484,MERCED,UNINCORPORATED,-120.60158538818359,37.054180145263672
91810197,2022,2022-07-05,9461,2022-07-01,1800,021387,,5,2,9,2400,0,3,5,,2,020,"HOLLAND AVENUE","PIONEER ROAD",75.00,S,N,A,-,N,,,,,,,,,,Y,2,0,2,1,A,-,01,23152,A,N,F,A,A,A,H,-,A,D,0,,,,,Y,Y,A,07,1,1,0,0,0,0,0,0,0,"- ","- ",37.042190551757812,-120.84108734130859,MERCED,UNINCORPORATED,-120.84114837646484,37.042137145996094
91815154,2022,2022-07-12,9461,2022-07-08,2025,021387,,5,2,9,2400,0,1,3,,2,453,"SR-152 EASTBOUND","ISLAND RD",2640.00,E,N,A,-,Y,MER,,152,,R,37.660,H,,R,Y,2,0,2,2,A,-,01,23152,A,N,C,E,A,A,H,-,B,D,0,,,,,Y,Y,A,01,1,1,0,0,0,0,0,0,0,"- ","- ",37.060920715332031,-120.54412841796875,MERCED,UNINCORPORATED,-120.54419708251953,37.060955047607422
9182167,2020,2020-12-04,2401,2020-10-25,1059,714,2,7,5,3,2401,0,0,0,,0,002,"SHAFFE RD","EAST BELLEVUE RD",288.00,N,N,A,-,N,,,,,,,,,,N,2,0,1,2,A,-,09,21804,A,N,D,C,A,A,H,-,A,A,0,,,Y,,Y,,A,01,1,0,0,0,0,0,0,0,1,"- ","- ",37.360980987548828,-120.59549713134766,MERCED,ATWATER,-120.59579467773438,37.361251831054688
9182170,2020,2020-12-07,2401,2020-10-14,1517,802,1,3,5,3,2401,0,0,0,,0,001,"WEST BELLEVUE RD","ALABAMA ST",0.00,,Y,A,-,N,,,,,,,,,,N,2,0,1,2,A,-,11,21954,A,N,G,B,D,A,H,-,A,A,0,Y,,,,Y,,N,60,1,0,0,0,1,0,0,0,0,"- ","- ",37.360008239746094,-120.59755706787109,MERCED,ATWATER,-120.59794616699219,37.360458374023438
91831332,2022,2022-08-02,9460,2022-07-26,1805,021468,,2,2,9,2400,0,1,3,,2,003,"SR-99 N/B","PLAINSBURG RD",2640.00,S,N,A,-,Y,,,,,,,,,,Y,2,0,1,1,A,-,08,22107,,N,E,I,A,A,H,-,A,D,0,,,,,Y,,A,01,1,0,0,0,0,0,0,0,0,"- ","- ",37.184650421142578,-120.32512664794922,MERCED,UNINCORPORATED,-120.32544708251953,37.184200286865234
91836482,2022,2022-08-09,9460,2022-08-03,0920,018966,,3,1,9,2400,0,1,3,,2,002,"SR-99 S/B","BEACHWOOD DRIVE",2640.00,S,N,A,-,Y,MER,,99,,,17.136,H,,L,Y,2,0,1,1,A,-,08,22107,,N,E,I,A,A,H,-,A,D,0,,,,,Y,,A,01,1,0,0,0,0,0,0,0,0,"- ","- ",37.313301086425781,-120.52030181884766,MERCED,UNINCORPORATED,-120.520263671875,37.313419342041016
9183849,2020,2021-01-29,2406,2020-11-09,0823,129,CENTR,1,5,5,2406,0,0,0,,0,020,"G ST","16TH ST",6.00,N,N,A,-,N,,,,,,,,,,N,2,0,1,2,A,-,10,21950,A,N,G,B,B,A,H,-,A,A,0,Y,,,,Y,,N,60,1,0,0,0,1,0,0,0,0,"- ","- ",,,MERCED,MERCED,-120.47637939453125,37.297695159912109
91841224,2022,2022-08-16,9460,2022-08-08,0827,018673,,1,1,9,2400,0,1,3,,2,002,"SR-99 N/B","APPLEGATE ROAD",93.00,N,N,A,-,Y,MER,,99,,,22.787,H,,R,Y,2,0,1,3,A,-,03,22350,,N,C,C,A,A,D,-,A,D,0,,,,Y,Y,,G,25,1,0,0,0,0,0,0,0,0,"- ","- ",37.344818115234375,-120.61379241943359,MERCED,UNINCORPORATED,-120.61374664306641,37.344898223876953