CASE_ID,ACCIDENT_YEAR,PROC_DATE,JURIS,COLLISION_DATE,COLLISION_TIME,OFFICER_ID,REPORTING_DISTRICT,DAY_OF_WEEK,CHP_SHIFT,POPULATION,CNTY_CITY_LOC,SPECIAL_COND,BEAT_TYPE,CHP_BEAT_TYPE,CITY_DIVISION_LAPD,CHP_BEAT_CLASS,BEAT_NUMBER,PRIMARY_RD,SECONDARY_RD,DISTANCE,DIRECTION,INTERSECTION,WEATHER_1,WEATHER_2,STATE_HWY_IND,CALTRANS_COUNTY,CALTRANS_DISTRICT,STATE_ROUTE,ROUTE_SUFFIX,POSTMILE_PREFIX,POSTMILE,LOCATION_TYPE,RAMP_INTERSECTION,SIDE_OF_HWY,TOW_AWAY,COLLISION_SEVERITY,NUMBER_KILLED,NUMBER_INJURED,PARTY_COUNT,PRIMARY_COLL_FACTOR,PCF_CODE_OF_VIOL,PCF_VIOL_CATEGORY,PCF_VIOLATION,PCF_VIOL_SUBSECTION,HIT_AND_RUN,TYPE_OF_COLLISION,MVIW,PED_ACTION,ROAD_SURFACE,ROAD_COND_1,ROAD_COND_2,LIGHTING,CONTROL_DEVICE,CHP_ROAD_TYPE,PEDESTRIAN_ACCIDENT,BICYCLE_ACCIDENT,MOTORCYCLE_ACCIDENT,TRUCK_ACCIDENT,NOT_PRIVATE_PROPERTY,ALCOHOL_INVOLVED,STWD_VEHTYPE_AT_FAULT,CHP_VEHTYPE_AT_FAULT,COUNT_SEVERE_INJ,COUNT_VISIBLE_INJ,COUNT_COMPLAINT_PAIN,COUNT_PED_KILLED,COUNT_PED_INJURED,COUNT_BICYCLIST_KILLED,COUNT_BICYCLIST_INJURED,COUNT_MC_KILLED,COUNT_MC_INJURED,PRIMARY_RAMP,SECONDARY_RAMP,LATITUDE,LONGITUDE,COUNTY,CITY,POINT_X,POINT_Y
91844878,2022,2022-08-22,9461,2022-08-16,1045,017329,,2,1,9,2400,0,2,4,,1,115,"HENRY MILLER AVE","LEOTA ST",1056.00,E,N,A,-,N,,,,,,,,,,Y,2,0,2,1,A,-,08,22107,,N,F,A,A,A,H,-,A,D,0,,,,,Y,,A,01,1,1,0,0,0,0,0,0,0,"- ","- ",37.100460052490234,-120.98490142822266,MERCED,UNINCORPORATED,-120.98507690429688,37.100471496582031
91851152,2022,2022-08-29,9461,2022-01-28,1912,017029,,5,2,9,2400,0,3,5,,2,020,"ALMOND DRIVE","CENTER AVENUE",0.00,,Y,A,-,N,,,,,,,,,,Y,1,1,1,2,A,-,01,23152,A,N,D,C,A,A,H,-,D,A,0,,,,,Y,Y,D,22,1,0,0,0,0,0,0,0,0,"- ","- ",36.998420715332031,-120.85517120361328,MERCED,UNINCORPORATED,-120.86429595947266,36.990997314453125
91853151,2022,2022-08-30,9460,2022-08-20,2325,021468,,6,3,9,2400,0,1,3,,2,003,"SR-99 N/B","CHILDS AVENUE",2640.00,S,N,A,-,Y,MER,,99,,R,12.654,H,,R,Y,2,0,3,1,A,-,01,23152,A,N,E,I,A,A,D,-,D,D,0,,,,,Y,Y,A,01,2,1,0,0,0,0,0,0,0,"- ","- ",37.283401489257812,-120.45057678222656,MERCED,UNINCORPORATED,-120.45065307617188,37.283336639404297
91855203,2022,2022-09-01,9460,2022-08-07,0553,019106,,7,3,9,2400,0,2,4,,1,041,"SANTA FE DRIVE","FRANKLIN ROAD",1111.00,W,N,A,-,N,,,,,,,,,,Y,1,3,0,2,A,-,01,23152,G,N,A,C,A,A,H,-,B,D,0,,,,,Y,Y,A,07,0,0,0,0,0,0,0,0,0,"- ","- ",37.342159271240234,-120.54351043701172,MERCED,UNINCORPORATED,-120.54338073730469,37.342185974121094
91857631,2022,2022-09-06,9460,2022-08-31,0153,021537,,3,3,9,2400,0,1,3,,2,001,"SR-99 S/B","COLLIER RD",380.00,N,N,A,-,Y,MER,,99,,R,32.006,H,,L,Y,2,0,2,2,A,-,01,23152,A,N,C,C,A,A,H,-,D,D,0,,,,,Y,Y,A,01,1,1,0,0,0,0,0,0,0,"- ","- ",37.409709930419922,-120.75311279296875,MERCED,UNINCORPORATED,-120.75313568115234,37.409694671630859
91859025,2022,2022-09-07,9460,2022-09-05,1540,017343,,1,2,9,2400,0,3,5,,2,090,"SR-99 S/B TO W. ATWATER BOULEVARD","W. ATWATER BOULEVARD",0.00,,Y,A,-,N,,,,,,,,,,Y,2,0,1,2,A,-,01,23152,A,N,D,C,A,A,H,-,A,A,0,,,,,Y,,A,01,1,0,0,0,0,0,0,0,0,"- ","- ",37.354148864746094,-120.632080078125,MERCED,UNINCORPORATED,-120.62432861328125,37.351314544677734
91859818,2022,2022-09-08,9460,2022-08-30,2205,021468,,2,3,9,2400,0,3,5,,2,030,"LIVINGSTON CRESSEY RD","CRESSEY WAY",132.00,E,N,A,-,N,,,,,,,,,,Y,2,0,1,1,A,-,01,23152,A,N,E,I,A,A,H,-,D,A,0,,,,,Y,Y,A,07,1,0,0,0,0,0,0,0,0,"- ","- ",37.418540954589844,-120.66731262207031,MERCED,UNINCORPORATED,-120.66766357421875,37.418498992919922
91862758,2022,2022-09-12,9461,2022-07-10,2500,021854,,7,4,9,2400,0,1,3,,1,152,"STATE ROUTE-152 (PACHECO PASS HIGHWAY)","STATE ROUTE-33 (SANTA NELLA ROAD)",2112.00,E,N,A,-,Y,MER,,152,,,11.694,H,,R,Y,1,1,0,2,A,-,08,22107,,F,C,E,A,A,H,-,D,D,0,,,,,Y,,A,01,0,0,0,0,0,0,0,0,0,"- ","- ",37.056751251220703,-121.00875854492188,MERCED,UNINCORPORATED,-121.00875854492188,37.056793212890625
9186791,2020,2020-12-02,2405,2020-04-26,2320,PD34,2,7,5,3,2405,0,0,0,,0,0B2,"PLACE RD","REGENCY RD",0.00,,-,A,-,N,,,,,,,,,,N,2,0,1,1,A,-,01,23152,F,N,E,I,A,A,H,-,C,D,0,,,,,Y,Y,A,01,1,0,0,0,0,0,0,0,0,"- ","- ",37.077461242675781,-120.82621002197266,MERCED,"LOS BANOS",-120.82620239257812,37.077461242675781
91869899,2022,2022-09-21,9460,2022-07-16,2010,021407,,6,2,9,2400,0,1,3,,2,001,"SR-99 N/B","SHANKS ROAD",1056.00,S,N,A,-,Y,MER,,99,,R,34.182,H,,R,Y,1,1,0,1,A,-,01,23152,F,N,F,A,A,A,H,-,A,D,0,,,,,Y,,A,01,0,0,0,0,0,0,0,0,0,"- ","- ",37.434700012207031,-120.77989959716797,MERCED,UNINCORPORATED,-120.77999114990234,37.434623718261719
91883051,2021,2022-10-05,9461,2021-10-01,2033,021312,,5,2,9,2400,0,1,3,,2,453,"STATE ROUTE 152 EASTBOUND","PALM AVENUE",0.00,,Y,A,-,Y,,,152,,,,,,E,Y,1,1,2,2,A,-,09,21802,A,N,D,C,A,A,H,-,D,D,0,,,,Y,Y,,G,25,1,1,0,0,0,0,0,0,0,"- ","- ",37.047508239746094,-120.61750030517578,MERCED,UNINCORPORATED,-120.61750030517578,37.047458648681641
91885728,2022,2022-10-10,9461,2022-09-30,0625,020486,,5,1,9,2400,0,1,3,,1,103,"STATE HIGHWAY 33","PFITZER ROAD",300.00,N,N,A,-,Y,MER,,33,,,24.031,H,,R,Y,2,0,1,1,A,-,08,22107,,N,E,I,A,A,H,-,D,D,0,,,,,Y,,A,01,1,0,0,0,0,0,0,0,0,"- ","- ",37.210651397705078,-121.01244354248047,MERCED,UNINCORPORATED,-121.01237487792969,37.210651397705078
91889216,2022,2022-10-13,9460,2022-02-21,1712,018778,,1,2,9,2400,0,2,4,,1,041,"SANTA FE DRIVE","AVENUE TWO",0.00,,Y,A,-,N,,,,,,,,,,Y,1,1,3,2,A,-,09,21802,A,N,D,C,A,A,H,-,A,D,0,,,Y,,Y,,A,07,0,0,3,0,0,0,0,1,0,"- ","- ",37.349590301513672,-120.55538940429688,MERCED,UNINCORPORATED,-120.55543518066406,37.349674224853516
91895046,2022,2022-10-20,9461,2022-09-10,1945,018910,,6,2,9,2400,0,1,1,,2,105,"INTERSTATE 5 NORTHBOUND","CALIFORNIA AQUEDUCT (SAN LUIS CANAL)",268.00,S,N,A,-,Y,MER,,5,,,18.403,H,,R,Y,1,1,0,1,A,-,08,22107,,N,E,8,A,A,H,-,D,D,0,,,,,Y,,A,01,0,0,0,0,0,0,0,0,0,"- ","- ",37.066131591796875,-120.97863006591797,MERCED,UNINCORPORATED,-120.97867584228516,37.066104888916016
91905732,2022,2022-12-09,9461,2022-10-26,0930,021056,,3,1,9,2400,0,2,4,,1,110,"INGOMAR GRADE","VOLTA RD.",3168.00,E,N,A,-,N,,,,,,,,,,Y,1,1,1,2,A,-,08,22107,,N,D,C,A,A,H,-,A,D,0,,,,,Y,,A,01,0,0,1,0,0,0,0,0,0,"- ","- ",37.093631744384766,-120.91561889648438,MERCED,UNINCORPORATED,-120.91586303710938,37.093772888183594
91911171,2022,2022-11-07,9461,2022-11-05,1735,018910,,6,2,9,2400,0,3,5,,2,040,"HUTCHINS ROAD","CARLUCCI ROAD",2640.00,S,N,A,-,N,,,,,,,,,,Y,2,0,1,1,A,-,08,22107,,N,F,A,A,A,B,-,B,D,0,,,,,Y,,A,01,1,0,0,0,0,0,0,0,0,"- ","- ",37.093299865722656,-120.67247009277344,MERCED,UNINCORPORATED,-120.67290496826172,37.094215393066406
91924126,2022,2022-11-22,9460,2022-11-15,1233,015305,,2,1,9,2400,0,3,5,,2,040,"OAKDALE ROAD","DRY CREEK",30.00,E,N,A,-,N,,,,,,,,,,Y,2,0,1,1,A,-,08,22107,,N,E,I,A,A,H,-,A,D,0,,,,,Y,,A,01,1,0,0,0,0,0,0,0,0,"- ","- ",37.460491180419922,-120.61508941650391,MERCED,UNINCORPORATED,,
91937464,2022,2022-12-08,9460,2022-10-19,1249,018922,,3,1,9,2400,0,1,3,,2,002,"SR-99 N/B","FRANKLIN ROAD",473.00,N,N,A,-,Y,MER,,99,,,18.589,H,,R,Y,1,1,1,1,A,-,08,22107,,N,E,I,A,A,H,-,A,D,0,,,,,Y,Y,A,01,0,1,0,0,0,0,0,0,0,"- ","- ",37.322330474853516,-120.54412841796875,MERCED,UNINCORPORATED,-120.54420471191406,37.322200775146484
91946336,2022,2022-12-19,9460,2022-12-12,2015,017343,,1,2,9,2400,0,1,3,,1,591,SR-59,"MISSION AVENUE",0.00,,Y,A,-,Y,MER,,59,,,13.131,H,,R,Y,2,0,1,2,A,-,12,22450,A,N,D,2,A,A,H,-,D,A,0,,,,Y,Y,,A,01,1,0,0,0,0,0,0,0,0,"- ","- ",37.273750305175781,-120.48792266845703,MERCED,UNINCORPORATED,-120.48784637451172,37.273750305175781
91964367,2022,2023-01-10,9461,2022-12-30,0920,021785,,5,1,9,2400,0,1,3,,1,152,"SR-152 E/B","DINOSAUR POINT RD",3960.00,E,N,C,E,Y,MER,,152,,R,0.815,H,,R,Y,2,0,2,1,A,-,03,22350,,N,E,8,A,B,H,-,A,D,0,,,,,Y,,-,"- ",1,1,0,0,0,0,0,0,0,"- ","- ",37.077049255371094,-121.20612335205078,MERCED,UNINCORPORATED,-121.20611572265625,37.077037811279297
91975471,2023,2023-01-24,9460,2023-01-16,"156 ",021511,,1,3,9,2400,0,2,4,,1,041,"SANTA FE DRIVE","SPACEPORT ENTRY",860.00,E,N,B,-,N,,,,,,,,,,N,2,0,3,2,A,-,01,23152,A,N,C,C,A,B,H,-,D,D,0,,,,,Y,Y,A,01,2,0,1,0,0,0,0,0,0,"- ","- ",37.357368469238281,-120.56773376464844,MERCED,UNINCORPORATED,,
91976589,2022,2023-01-25,9460,2022-11-15,1715,017343,,2,2,9,2400,0,2,4,,1,041,"AVENUE TWO","SANTA FE DRIVE",0.00,,Y,A,-,N,,,,,,,,,,Y,1,1,0,3,A,-,01,23152,A,N,A,C,A,A,H,-,C,A,0,,,,,Y,Y,A,01,0,0,0,0,0,0,0,0,0,"- ","- ",37.349651336669922,-120.55552673339844,MERCED,UNINCORPORATED,-120.55543518066406,37.349674224853516
91983454,2023,2023-01-31,9461,2023-01-28,"820 ",017329,,6,1,9,2400,0,1,3,,1,153,"SR-152 E/B","BILLY WRIGHT RD",73.00,W,N,A,-,Y,MER,,152," "," ",14.692,H,,R,Y,2,0,1,2,A,-,03,22350,,N,C,C,A,A,H,-,A,D,0,,,,,Y,,A,01,1,0,0,0,0,0,0,0,0,"- ","- ",37.056598663330078,-120.95443725585938,MERCED,UNINCORPORATED,-120.95443725585938,37.056583404541016
91988690,2022,2023-06-28,9460,2022-11-18,1909,021662,,5,2,9,2400,0,2,4,,1,031,"N. WINTON WAY","GERARD AVENUE",7.00,N,N,A,-,N,,,,,,,,,,N,1,1,0,2,A,-,10,21950,A,N,G,B,B,A,H,-,C,A,0,Y,,,,Y,,A,01,0,0,0,1,0,0,0,0,0,"- ","- ",37.388210296630859,-120.61344909667969,MERCED,UNINCORPORATED,-120.61347961425781,37.388137817382812
92004413,2023,2023-02-27,9461,2023-01-09,2313,021785,,1,3,9,2400,0,1,1,,2,105,"INTERSTATE 5 SOUTHBOUND","TAGLIO ROAD",1320.00,S,N,A,-,Y,MER,,5," "," ",29.421,H,,L,Y,1,1,0,2,A,-,03,22350,,N,D,C,A,B,H,-,D,D,0,,,,Y,Y,Y,A,08,0,0,0,0,0,0,0,0,0,"- ","- ",37.2039794921875,-121.07829284667969,MERCED,UNINCORPORATED,-121.07832336425781,37.203975677490234
92036832,2023,2023-04-04,9460,2023-03-28,"145 ",019806,,2,3,9,2400,0,3,5,,2,070,"VISTA AVE","CROSS RD",4224.00,S,N,A,-,N,,,,,,,,,,Y,2,0,1,1,A,-,08,22107,,N,F,A,A,A,H,-,D,D,0,,,,,Y,,A,01,1,0,0,0,0,0,0,0,0,"- ","- ",37.151931762695312,-120.31099700927734,MERCED,UNINCORPORATED,-120.31100463867188,37.152030944824219
92059193,2023,2023-05-02,9460,2023-03-06,2321,020840,,1,3,5,2406,0,1,3,,2,003,"SR-99 S/B","O STREET",102.00,N,N,B,-,Y,MER,,99," "," ",15.179,H,,L,Y,1,1,0,2,A,-,01,23152,A,N,B,C,A,A,D,-,D,D,0,,,,Y,Y,Y,A,07,0,0,0,0,0,0,0,0,0,"- ","- ",37.299350738525391,-120.49057006835938,MERCED,MERCED,-120.49055480957031,37.299381256103516
92061640,2023,2023-05-04,9460,2023-01-07,2037,018922,,6,2,9,2400,0,2,4,,1,042,"SANTA FE DRIVE","CALIFORNIA STREET",320.00,E,N,C,-,N,,,,,,,,,,N,1,1,0,2,A,-,11,21954,A,F,G,B,E,B,H,-,D,D,0,Y,,,,Y,Y,N,60,0,0,0,1,0,0,0,0,0,"- ","- ",37.382469177246094,-120.60822296142578,MERCED,UNINCORPORATED,-120.60814666748047,37.3824462890625
9206189,2021,2021-10-06,2405,2021-01-17,1556,PD57,2,7,5,3,2405,0,0,0,,0,0B2,"H ST","7TH ST",0.00,,Y,A,-,N,,,,,,,,,,Y,2,0,3,2,A,-,12,21453,A,N,D,C,A,A,H,-,A,A,0,,,,,Y,,A,01,1,1,1,0,0,0,0,0,0,"- ","- ",37.061241149902344,-120.84578704833984,MERCED,"LOS BANOS",-120.84577941894531,37.061225891113281
92074610,2023,2023-05-22,9460,2023-05-13,1709,018778,,6,2,9,2400,0,3,5,,2,020,"BLOSS AVENUE","HINTON AVENUE",10.00,E,N,A,-,N,,,,,,,,,,Y,2,0,2,2,A,-,03,22350,,N,C,2,A,A,H,-,A,A,0,,,,,Y,,A,07,1,0,1,0,0,0,0,0,0,"- ","- ",37.405040740966797,-120.77745056152344,MERCED,UNINCORPORATED,-120.77760314941406,37.405010223388672
92079511,2023,2023-05-26,9461,2023-04-28,1840,021785,,5,2,9,2400,0,3,5,,2,050,"PALM AVENUE","CARMELLIA AVENUE",2640.00,N,N,A,-,N,,,,,,,,,,Y,1,1,0,1,A,-,08,22107,,N,F,A,A,A,H,-,A,D,0,,,,,Y,,D,22,0,0,0,0,0,0,0,0,0,"- ","- ",36.999839782714844,-120.61753845214844,MERCED,UNINCORPORATED,-120.61756896972656,37.00347900390625
92081608,2023,2023-05-30,9460,2023-05-15,2500,018673,,1,4,9,2400,0,1,3,,1,591,SR-59,"MCNAMARA ROAD",3960.00,N,N,A,-,Y,MER,,59," "," ",10.814,H,,R,Y,1,1,0,1,A,-,08,22107,,N,F,I,A,A,H,-,D,D,0,,,,,Y,,A,01,0,0,0,0,0,0,0,0,0,"- ","- ",37.240219116210938,-120.48805236816406,MERCED,UNINCORPORATED,-120.48804473876953,37.240219116210938
92083746,2023,2023-06-01,9460,2023-05-20,1635,021320,,6,2,9,2400,0,3,5,,2,030,"ASHBY ROAD","COOPER AVE.",100.00,W,N,A,-,N,,,,,,,,,,Y,2,0,3,2,A,-,05,21460,A,N,A,C,A,A,H,-,A,A,0,,,,,Y,,A,01,1,1,1,0,0,0,0,0,0,"- ","- ",37.313728332519531,-120.51969909667969,MERCED,UNINCORPORATED,-120.51960754394531,37.313716888427734
9210445,2020,2021-02-22,2401,2020-12-02,1245,714,2,3,5,3,2401,0,0,0,,0,002,"SANTA FE DR","POWER POLE 120241028",150.00,E,N,A,-,N,,,,,,,,,,Y,2,0,3,5,A,-,09,21801,A,F,B,C,A,A,H,-,A,A,0,,,,,Y,,A,07,1,0,2,0,0,0,0,0,0,"- ","- ",37.371360778808594,-120.58603668212891,MERCED,ATWATER,,
9210569,2020,2021-02-24,2401,2020-12-09,1410,727,2,3,5,3,2401,0,0,0,,0,002,"EAST BELLEVUE RD","E BELLEVUE RD 300",0.00,,Y,A,-,N,,,,,,,,,,Y,2,0,1,1,D,-,00,,,N,E,J,A,A,H,-,A,D,0,,,,,Y,,-,"- ",1,0,0,0,0,0,0,0,0,"- ","- ",,,MERCED,ATWATER,,
92123245,2023,2023-07-21,9461,2023-07-14,1620,017029,,5,2,9,2400,0,1,3,,1,265,SR-165,"MIDDLE RD",528.00,N,N,A,-,Y,MER,,165," "," ",7.208,H,,R,Y,2,0,3,3,A,-,05,21460,A,N,A,2,A,A,H,-,A,A,0,,,,Y,Y,,A,01,2,1,0,0,0,0,0,0,0,"- ","- ",37.033649444580078,-120.8359375,MERCED,UNINCORPORATED,-120.83597564697266,37.033649444580078
92125665,2023,2024-01-26,9461,2023-02-14,1605,021056,,2,2,9,2400,0,1,3,,1,152,"STATE ROUTE 152 WESTBOUND","HILLDALE AVENUE",1056.00,W,N,B,G,Y,MER,,152," "," ",11.970,H,,L,Y,1,3,1,3,A,-,08,22107,,N,D,D,A,A,H,-,A,D,0,,,,,Y,,-,"- ",1,0,0,0,0,0,0,0,0,"- ","- ",37.056980133056641,-121.00376129150391,MERCED,UNINCORPORATED,-121.00376129150391,37.056983947753906
92144008,2023,2023-08-15,9461,2023-08-08,1045,018910,,2,1,9,2400,0,1,1,,2,105,"INTERSTATE 5 SOUTHBOUND","ALLEN ROAD",4224.00,S,N,A,-,Y,MER,,5," "," ",26.672,H,,L,N,2,0,4,2,A,-,03,22350,,N,C,C,A,A,H,-,A,D,0,,,,Y,Y,,D,22,4,0,0,0,0,0,0,0,0,"- ","- ",37.167991638183594,-121.05735015869141,MERCED,UNINCORPORATED,-121.05731201171875,37.168003082275391
92147860,2023,2023-08-21,9461,2023-08-09,1025,017329,,3,1,9,2400,0,1,1,,2,206,"I-5 S/B","DOS AMIGOS VISTA POINT",1109.00,S,N,A,-,Y,MER,,5," "," ",4.984,H,,L,Y,2,0,3,3,A,-,08,22107,,N,B,E,A,A,H,-,A,D,0,,,,Y,Y,,F,26,1,2,0,0,0,0,0,0,0,"- ","- ",36.915740966796875,-120.82569885253906,MERCED,UNINCORPORATED,-120.82568359375,36.915752410888672
92148525,2023,2023-08-21,9461,2023-08-10,1520,021811,,4,2,9,2400,0,1,3,,1,465,SR-165,"HENRY MILLER AVENUE",528.00,S,N,A,-,Y,MER,,165," "," ",11.591,H,,R,N,2,0,1,2,A,-,08,22107,,N,G,B,E,A,H,-,A,D,0,Y,,,,Y,,A,01,1,0,0,0,1,0,0,0,0,"- ","- ",37.097690582275391,-120.83496856689453,MERCED,UNINCORPORATED,-120.83487701416016,37.097690582275391
92148971,2023,2023-08-21,9461,2023-08-11,1323,020101,,5,1,9,2400,0,3,5,,2,010,"WEST H ST.","BADGER FLAT RD",560.00,E,N,A,-,N,,,,,,,,,,N,2,0,1,1,C,-,18,,,N,E,J,A,A,H,-,A,D,0,,,,,Y,,-,"- ",1,0,0,0,0,0,0,0,0,"- ","- ",37.074611663818359,-120.87474822998047,MERCED,UNINCORPORATED,,
92151671,2023,2023-08-23,9460,2023-06-29,"235 ",020857,,4,3,9,2400,0,1,3,,1,591,SR-59,"RAHILLY ROAD",1320.00,N,N,A,-,Y,,,,,,,,,,Y,1,1,0,1,A,-,01,23152,,N,F,A,A,A,H,-,D,D,0,,,,,Y,Y,A,07,0,0,0,0,0,0,0,0,0,"- ","- ",,,MERCED,UNINCORPORATED,-120.48800659179688,37.218345642089844
92164719,2023,2023-09-07,9460,2023-07-24,2144,020365,,1,2,9,2400,0,1,3,,1,142,SR-140,"N. BUHACH ROAD",0.00,,Y,A,-,Y,MER,,140," "," ",31.668,H,,R,Y,1,1,0,3,A,-,09,21801,A,F,A,C,A,A,H,-,D,D,0,,,Y,,Y,Y,A,01,0,0,0,0,0,0,0,1,0,"- ","- ",37.302310943603516,-120.57491302490234,MERCED,UNINCORPORATED,-120.57491302490234,37.302330017089844
92165712,2023,2023-09-08,9461,2023-06-26,"613 ",020351,,1,1,9,2400,0,1,3,,1,153,"SR-152 E/B","CALIFORNIA AQUEDUCT",410.00,W,N,A,-,Y,MER,,152," "," ",14.098,H,,R,Y,2,0,6,3,A,-,05,21651,C,F,B,C,A,A,H,-,B,D,0,,,,,Y,,A,01,2,4,0,0,0,0,0,0,0,"- ","- ",37.056568145751953,-120.96517944335938,MERCED,UNINCORPORATED,-120.96517944335938,37.056587219238281
92168248,2023,2023-09-12,9460,2023-09-05,2003,021320,,2,2,9,2400,0,1,3,,1,591,SR-59,"VASSAR AVE",0.00,,Y,A,-,Y,MER,,59," "," ",12.598,H,,R,Y,2,0,3,2,A,-,01,23152,A,N,D,C,A,A,H,-,D,D,0,,,,,Y,Y,A,08,1,1,1,0,0,0,0,0,0,"- ","- ",37.265918731689453,-120.48784637451172,MERCED,UNINCORPORATED,-120.48789215087891,37.265918731689453
92169390,2023,2023-09-13,9460,2023-07-30,"100 ",021537,,7,3,9,2400,0,3,5,,2,020,"GOLF LINK ROAD","CLAUSEN ROAD",300.00,N,N,A,-,N,,,,,,,,,,N,1,1,0,2,A,-,05,21202,A,F,C,G,A,A,H,-,D,D,0,,Y,,,Y,,L,04,0,0,0,0,0,1,0,0,0,"- ","- ",37.457099914550781,-120.83081817626953,MERCED,UNINCORPORATED,-120.83084106445312,37.457042694091797
92174022,2023,2023-09-19,9460,2023-06-17,2235,021662,,6,3,9,2400,0,1,3,,1,165,"SR-165 N/B","FOWLER AVENUE",190.00,S,N,A,-,Y,MER,,165," "," ",36.366,H,,R,N,1,1,0,2,A,-,11,21954,A,F,G,B,D,A,H,-,D,D,0,Y,,,,Y,Y,N,60,0,0,0,1,0,0,0,0,0,"- ","- ",37.447769165039062,-120.84912872314453,MERCED,UNINCORPORATED,-120.84915161132812,37.447769165039062
92181080,2023,2023-09-27,9461,2023-09-20,"828 ",020101,,3,1,9,2400,0,1,3,,1,103,"SR-33 S/B",I-5,355.00,N,N,A,-,Y,MER,,33," "," ",16.736,H,,L,Y,2,0,1,1,A,-,08,22107,,N,F,A,A,A,H,-,A,D,0,,,,,Y,,A,07,1,0,0,0,0,0,0,0,0,"- ","- ",37.107700347900391,-121.01584625244141,MERCED,UNINCORPORATED,-121.01581573486328,37.107700347900391
92187887,2023,2023-10-02,9460,2023-09-24,1417,018778,,7,2,5,2406,0,1,3,,2,003,"SR-99 S/B","W. 16TH STREET",760.00,S,N,A,-,Y,MER,,99," "," ",16.415,H,,L,N,2,0,1,1,A,-,08,22107,,N,F,A,A,A,D,-,A,A,0,,,Y,,Y,,C,02,1,0,0,0,0,0,0,0,1,"- ","- ",37.308109283447266,-120.50998687744141,MERCED,MERCED,-120.51016235351562,37.308010101318359
92191989,2023,2023-10-05,9461,2023-09-24,1400,021940,,7,2,9,2400,0,3,5,,2,020,"VOLTA RD.","PIONEER RD.",3168.00,S,N,A,-,N,,,,,,,,,,N,2,0,1,2,A,-,06,21750,A,N,C,C,A,A,A,-,A,D,0,,,Y,,Y,,C,06,1,0,0,0,0,0,0,0,1,"- ","- ",37.033649444580078,-120.92722320556641,MERCED,UNINCORPORATED,-120.92730712890625,37.033382415771484
92197634,2023,2023-11-22,9460,2023-10-07,"757 ",015398,,6,1,9,2400,0,3,5,,2,020,"GOLDEN STATE BOULEVARD","GRIFFITH AVENUE",714.00,S,N,A,-,N,,,,,,,,,,Y,2,0,3,2,A,-,03,22350,,N,C,C,A,A,H,-,A,D,0,,,,,Y,,A,07,1,2,0,0,0,0,0,0,0,"- ","- ",37.461589813232422,-120.8099365234375,MERCED,UNINCORPORATED,-120.81001281738281,37.461616516113281
92198966,2023,2023-10-13,9461,2023-10-01,1805,021811,,7,2,9,2400,0,1,3,,1,103,SR-33,"HUSMAN ROAD",0.00,,Y,A,-,Y,MER,,33," "," ",20.439,H,,R,Y,2,0,2,3,A,-,12,22450,A,N,D,2,A,A,H,-,A,A,0,,,,,Y,,A,01,1,0,1,0,0,0,0,0,0,"- ","- ",37.158790588378906,-121.01393127441406,MERCED,UNINCORPORATED,-121.01394653320312,37.158790588378906
92202310,2023,2023-10-18,9460,2023-10-09,1755,021474,,1,2,9,2400,0,1,3,,2,002,"SR-99 S/B","FRANKLIN RD",2323.00,S,N,A,-,Y,MER,,99," "," ",18.067,H,,L,Y,2,0,10,7,A,-,03,22350,,N,C,C,A,A,H,-,D,D,0,,,,Y,Y,,G,25,1,2,7,0,0,0,0,0,0,"- ","- ",37.318851470947266,-120.53566741943359,MERCED,UNINCORPORATED,-120.53565979003906,37.318866729736328
9220380,2020,2021-02-11,2406,2020-12-13,1300,290,2,7,5,5,2406,0,0,0,,0,021,"M ST","WEST 19TH ST",0.00,,Y,C,-,N,,,,,,,,,,Y,2,0,2,2,A,-,12,21453,A,N,D,C,A,B,H,-,A,A,0,,,,,Y,,A,07,1,0,1,0,0,0,0,0,0,"- ","- ",,,MERCED,MERCED,-120.48371124267578,37.303970336914062
92205794,2023,2023-10-23,9461,2023-10-12,1645,021811,,4,2,9,2400,0,2,4,,1,110,"INGOMAR GRADE","SYLVESTER ROAD",2640.00,E,N,A,-,N,,,,,,,,,,Y,2,0,1,3,A,-,06,21751,,N,A,C,A,A,H,-,A,D,0,,,,,Y,,A,01,1,0,0,0,0,0,0,0,0,"- ","- ",37.086978912353516,-120.90125274658203,MERCED,UNINCORPORATED,-120.90150451660156,37.087104797363281