CASE_ID,ACCIDENT_YEAR,PROC_DATE,JURIS,COLLISION_DATE,COLLISION_TIME,OFFICER_ID,REPORTING_DISTRICT,DAY_OF_WEEK,CHP_SHIFT,POPULATION,CNTY_CITY_LOC,SPECIAL_COND,BEAT_TYPE,CHP_BEAT_TYPE,CITY_DIVISION_LAPD,CHP_BEAT_CLASS,BEAT_NUMBER,PRIMARY_RD,SECONDARY_RD,DISTANCE,DIRECTION,INTERSECTION,WEATHER_1,WEATHER_2,STATE_HWY_IND,CALTRANS_COUNTY,CALTRANS_DISTRICT,STATE_ROUTE,ROUTE_SUFFIX,POSTMILE_PREFIX,POSTMILE,LOCATION_TYPE,RAMP_INTERSECTION,SIDE_OF_HWY,TOW_AWAY,COLLISION_SEVERITY,NUMBER_KILLED,NUMBER_INJURED,PARTY_COUNT,PRIMARY_COLL_FACTOR,PCF_CODE_OF_VIOL,PCF_VIOL_CATEGORY,PCF_VIOLATION,PCF_VIOL_SUBSECTION,HIT_AND_RUN,TYPE_OF_COLLISION,MVIW,PED_ACTION,ROAD_SURFACE,ROAD_COND_1,ROAD_COND_2,LIGHTING,CONTROL_DEVICE,CHP_ROAD_TYPE,PEDESTRIAN_ACCIDENT,BICYCLE_ACCIDENT,MOTORCYCLE_ACCIDENT,TRUCK_ACCIDENT,NOT_PRIVATE_PROPERTY,ALCOHOL_INVOLVED,STWD_VEHTYPE_AT_FAULT,CHP_VEHTYPE_AT_FAULT,COUNT_SEVERE_INJ,COUNT_VISIBLE_INJ,COUNT_COMPLAINT_PAIN,COUNT_PED_KILLED,COUNT_PED_INJURED,COUNT_BICYCLIST_KILLED,COUNT_BICYCLIST_INJURED,COUNT_MC_KILLED,COUNT_MC_INJURED,PRIMARY_RAMP,SECONDARY_RAMP,LATITUDE,LONGITUDE,COUNTY,CITY,POINT_X,POINT_Y
92206061,2023,2023-10-23,9460,2023-10-14,1256,019806,,6,1,9,2400,0,2,4,,1,052,"BELLEVUE RD","M ST",2112.00,W,N,A,-,N,,,,,,,,,,Y,2,0,1,1,A,-,08,22107,,N,E,I,A,A,H,-,A,D,0,,,,,Y,,D,22,1,0,0,0,0,0,0,0,0,"- ","- ",37.361209869384766,-120.48586273193359,MERCED,UNINCORPORATED,-120.48453521728516,37.361095428466797
9221555,2021,2021-02-18,2401,2021-01-05,1100,710,1,2,5,3,2401,0,0,0,,0,001,"1ST ST","BELLEVUE RD",0.00,,Y,A,-,N,,,,,,,,,,N,2,0,1,2,A,-,12,21453,A,N,A,C,A,A,H,-,A,A,0,,,,,Y,,A,01,1,0,0,0,0,0,0,0,0,"- ","- ",37.360980987548828,-120.59548187255859,MERCED,ATWATER,-120.59580993652344,37.360458374023438
92224068,2023,2023-10-31,9461,2023-08-29,"538 ",017183,,2,3,9,2400,0,1,3,,1,452,"STATE ROUTE 152 WESTBOUND","TURNER ISLAND ROAD",0.00,,Y,A,-,Y,MER,,152," "," ",28.447,H,,L,Y,1,1,2,2,A,-,12,22450,A,N,D,C,A,A,H,-,D,A,0,,,,,Y,,A,01,0,2,0,0,0,0,0,0,0,"- ","- ",37.054611206054688,-120.70571136474609,MERCED,UNINCORPORATED,-120.70571136474609,37.054630279541016
92237914,2023,2023-11-16,9460,2023-01-11,1528,021320,,3,2,9,2400,0,1,3,,1,165,"SR-165 S/B","WESTSIDE BOULEVARD",528.00,S,N,B,C,Y,,,,,,,,,,Y,1,1,3,2,A,-,03,22350,,N,A,C,A,B,H,-,A,A,0,,,,,Y,,A,01,2,1,0,0,0,0,0,0,0,"- ","- ",37.358749389648438,-120.84986877441406,MERCED,UNINCORPORATED,-120.85033416748047,37.358745574951172
92243557,2023,2023-11-27,9460,2023-11-12,"104 ",021704,,7,3,9,2400,0,1,3,,2,002,"SR-99 S/B","ATWATER BOULEVARD",310.00,S,N,A,-,Y,MER,,99," "," ",23.465,H,,L,Y,2,0,1,2,A,-,01,23152,A,N,C,C,A,A,H,-,D,D,0,,,,,Y,Y,A,07,1,0,0,0,0,0,0,0,0,"- ","- ",37.350570678710938,-120.62371063232422,MERCED,UNINCORPORATED,-120.62367248535156,37.350589752197266
92247698,2023,2023-11-29,9460,2023-11-19,"30  ",021662,,7,3,9,2400,0,3,5,,2,080,"EL NIDO ROAD","NEW HALL ROAD",4900.00,W,N,A,-,N,,,,,,,,,,Y,2,0,1,1,A,-,01,23152,A,N,F,A,A,B,F,-,D,D,0,,,,,Y,Y,A,01,1,0,0,0,0,0,0,0,0,"- ","- ",37.127819061279297,-120.55355834960938,MERCED,UNINCORPORATED,-120.56472778320312,37.127849578857422
9225420,2020,2021-03-16,2405,2020-07-05,2113,PD126,6,7,5,3,2405,0,0,0,,0,B42,"STONEWOOD DR","BIRCHWOOD AV",0.00,,Y,A,-,N,,,,,,,,,,Y,2,0,1,2,A,-,09,21804,A,N,A,C,A,-,H,-,C,A,0,,,,,Y,,D,22,1,0,0,0,0,0,0,0,0,"- ","- ",37.07904052734375,-120.84351348876953,MERCED,"LOS BANOS",-120.84351348876953,37.079010009765625
92318167,2024,2024-02-20,9460,2024-02-03,1800,022163,,6,2,5,2406,0,1,3,,2,003,"SR-99 N/B","R ST",1947.00,S,N,B,-,Y,MER,,99," "," ",15.057,H,,R,N,2,0,1,2,A,-,01,23152,A,M,C,C,A,A,H,-,C,A,0,,,,,Y,Y,A,01,1,0,0,0,0,0,0,0,0,"- ","- ",37.298820495605469,-120.48847198486328,MERCED,MERCED,-120.48847198486328,37.298816680908203
92318311,2024,2024-03-19,9460,2024-02-08,1654,019806,,4,2,9,2400,0,3,5,,2,030,"CRESSEY WAY","ALMOND AVENUE",916.00,N,N,B,-,N,,,,,,,,,,N,2,0,1,2,A,-,03,22350,,N,C,G,A,A,H,-,A,D,0,,Y,,,Y,,A,08,1,0,0,0,0,0,1,0,0,"- ","- ",37.384170532226562,-120.66812133789062,MERCED,UNINCORPORATED,-120.66809844970703,37.384593963623047
92331271,2023,2024-03-06,9460,2023-12-26,1046,018922,,2,1,9,2400,0,1,3,,1,591,SR-59,"MICHAEL ROAD",12.00,S,N,B,-,Y,MER,,59," "," ",9.557,H,,R,Y,1,1,1,2,A,-,08,22107,,N,A,C,A,A,H,-,A,D,0,,,,Y,Y,,A,07,0,0,1,0,0,0,0,0,0,"- ","- ",37.221988677978516,-120.48798370361328,MERCED,UNINCORPORATED,-120.48802185058594,37.221988677978516
92335327,2024,2024-03-11,9460,2024-01-17,"157 ",021320,,3,3,9,2400,0,2,4,,1,041,"SANTA FE DRIVE","BRADBURY ROAD",350.00,N,N,B,C,N,,,,,,,,,,N,1,1,0,1,A,-,01,23152,A,N,E,8,A,B,H,-,D,D,0,,,,,Y,Y,A,01,0,0,0,0,0,0,0,0,0,"- ","- ",37.448738098144531,-120.69670104980469,MERCED,UNINCORPORATED,-120.69683837890625,37.448772430419922
92340560,2024,2024-03-18,9460,2024-03-11,2100,022163,,1,2,9,2400,0,3,5,,2,090,"BUHACH RD","FLEMING RD",780.00,N,N,A,-,N,,,,,,,,,,N,2,0,1,2,D,-,00,,,N,G,B,E,A,H,-,D,A,0,Y,,,,Y,,-,"- ",1,0,0,0,1,0,0,0,0,"- ","- ",37.327888488769531,-120.57736206054688,MERCED,UNINCORPORATED,-120.57738494873047,37.327793121337891
92340810,2024,2024-03-18,9460,2024-03-10,"624 ",022049,,7,1,9,2400,0,1,3,,2,002,"SR-99 S/B","LIBERTY AVE",1928.00,N,N,A,-,Y,MER,,99," "," ",27.501,H,,L,Y,2,0,3,2,A,-,01,23152,A,N,E,I,A,A,H,-,D,D,0,,,,,Y,Y,A,01,2,0,1,0,0,0,0,0,0,"- ","- ",37.375278472900391,-120.68858337402344,MERCED,UNINCORPORATED,-120.68860626220703,37.375209808349609
92343977,2024,2024-03-21,9461,2024-03-16,"615 ",017329,,6,1,9,2400,0,2,4,,1,410,"TURNER ISLAND RD","PALAZZO RD",1584.00,S,N,A,-,N,,,,,,,,,,Y,2,0,2,2,A,-,08,22107,,N,A,C,A,A,H,-,D,D,0,,,,,Y,,A,01,2,0,0,0,0,0,0,0,0,"- ","- ",37.122970581054688,-120.70732116699219,MERCED,UNINCORPORATED,-120.70726776123047,37.124130249023438
92349463,2024,2024-03-28,9461,2024-03-22,"740 ",017329,,5,1,9,2400,0,3,5,,2,050,"CHRISTIAN AVE","ELI AVE",380.00,E,N,A,-,N,,,,,,,,,,N,2,0,1,2,A,-,03,22350,,N,C,G,A,A,H,-,A,D,0,,Y,,,Y,,A,01,1,0,0,0,0,0,1,0,0,"- ","- ",36.974590301513672,-120.63789367675781,MERCED,UNINCORPORATED,-120.63777923583984,36.974597930908203
92381398,2024,2024-05-03,9461,2024-04-23,1825,022197,,2,2,9,2400,0,1,3,,1,152,"SR-152 E/B","COTTONWOOD RD",5280.00,E,N,B,-,Y,,,,,,,,,,Y,2,0,2,1,A,-,08,22107,,M,E,8,A,A,H,-,A,D,0,,,,,Y,,D,22,2,0,0,0,0,0,0,0,0,"- ","- ",37.087440490722656,-121.16001892089844,MERCED,UNINCORPORATED,,
92383568,2024,2024-05-07,9460,2024-04-28,"304 ",022162,,7,3,9,2400,0,3,5,,2,100,"TURNER AVE","MITCHELL RD",0.00,,Y,A,-,N,,,,,,,,,,Y,2,0,2,1,A,-,03,22350,,N,E,J,A,A,H,-,D,A,0,,,,,Y,Y,A,01,1,1,0,0,0,0,0,0,0,"- ","- ",37.372299194335938,-120.94139862060547,MERCED,UNINCORPORATED,-120.941650390625,37.372390747070312
92386029,2024,2024-05-09,9460,2024-05-07,2102,020857,,2,2,9,2400,0,1,3,,1,141,SR-140,"SCOTT RD",525.00,W,N,A,-,Y,MER,,140," "," ",31.917,H,,R,Y,2,0,3,2,A,-,01,23152,A,N,D,3,A,A,H,-,D,D,0,,,,,Y,Y,A,01,2,1,0,0,0,0,0,0,0,"- ","- ",37.3023681640625,-120.57042694091797,MERCED,UNINCORPORATED,-120.57042694091797,37.302371978759766
92394034,2024,2024-05-20,9461,2024-05-10,1700,021837,,5,2,9,2400,0,1,3,,1,465,SR-165,"CORRAL RD",2640.00,N,N,A,-,Y,MER,,165," "," ",20.591,H,,R,Y,2,0,3,2,A,-,06,21750,A,N,A,C,A,A,H,-,A,D,0,,,,Y,Y,,-,"- ",1,1,1,0,0,0,0,0,0,"- ","- ",37.222221374511719,-120.85201263427734,MERCED,UNINCORPORATED,-120.85204315185547,37.222221374511719
92394068,2024,2024-05-20,9460,2024-05-10,1945,020857,,5,2,9,2400,0,3,5,,2,030,"CARLENE AVE","REECE WADE DR",70.00,S,N,A,-,N,,,,,,,,,,N,2,0,1,2,A,-,08,22107,,N,C,C,A,A,H,-,A,D,0,,,,,Y,Y,A,42,1,0,0,0,0,0,0,0,0,"- ","- ",37.376861572265625,-120.62091064453125,MERCED,UNINCORPORATED,-120.62093353271484,37.376789093017578
92395455,2024,2024-05-21,9461,2024-05-10,1937,017029,,5,2,9,2400,0,1,3,,1,152,"SR-152 E/B","HILLDALE AVENUE",1584.00,E,N,A,-,Y,MER,,152," "," ",12.617,H,,R,Y,2,0,1,1,A,-,08,22107,,N,F,I,A,A,H,-,B,D,0,,,,,Y,,-,"- ",1,0,0,0,0,0,0,0,0,"- ","- ",37.056800842285156,-120.99201202392578,MERCED,UNINCORPORATED,-120.99201202392578,37.056739807128906
92404541,2024,2024-06-03,9460,2024-05-27,"335 ",022190,,1,3,9,2400,0,3,5,,2,080,"THORNTON ROAD",SR-140,0.00,,Y,A,-,Y,MER,,140," "," ",34.521,H,,R,Y,2,0,1,1,A,-,01,23152,A,N,E,I,A,A,H,-,D,A,0,,,,,Y,Y,A,01,1,0,0,0,0,0,0,0,0,"- ","- ",37.302829742431641,-120.52310180664062,MERCED,UNINCORPORATED,-120.52310180664062,37.302757263183594
92413757,2024,2024-06-21,9460,2024-06-01,1705,022162,,6,2,9,2400,0,3,5,,2,010,"WEST BRADBURY RD",SR-165,670.00,E,N,A,-,N,,,,,,,,,,Y,2,0,2,2,A,-,08,22107,,F,C,C,A,A,H,-,A,D,0,,,,,Y,,D,22,2,0,0,0,0,0,0,0,0,"- ","- ",37.448898315429688,-120.84100341796875,MERCED,UNINCORPORATED,-120.84679412841797,37.448917388916016
92416551,2024,2024-08-27,9460,2024-05-03,2048,022162,,5,2,9,2400,0,1,3,,1,140,"MILLS ST","SANTA FE AVE",140.00,N,N,B,-,N,,,,,,,,,,Y,2,0,1,1,A,-,03,22350,,F,F,A,A,A,H,-,D,D,0,,,Y,,Y,,C,06,1,0,0,0,0,0,0,0,1,"- ","- ",37.289020538330078,-120.31925201416016,MERCED,UNINCORPORATED,-120.31934356689453,37.288970947265625
92424011,2024,2024-06-26,9461,2024-06-21,1958,021837,,5,2,9,2400,0,1,1,,2,105,"I-5 N/B","BUTTS ROAD",3696.00,S,N,A,-,Y,MER,,5," "," ",25.285,H,,R,Y,2,0,2,1,A,-,08,22107,,M,F,0,A,A,H,-,A,D,0,,,,,Y,,A,01,1,0,1,0,0,0,0,0,0,"- ","- ",37.150318145751953,-121.04519653320312,MERCED,UNINCORPORATED,-121.04530334472656,37.150276184082031
92424149,2024,2024-06-26,9460,2024-06-20,"315 ",021150,,4,3,9,2400,0,1,3,,1,142,SR-140,"THORNTON RD",0.00,,Y,A,-,Y,MER,,140," "," ",34.527,H,,R,N,2,0,1,1,A,-,01,23152,A,N,E,I,A,A,H,-,C,A,0,,,,,Y,Y,A,01,1,0,0,0,0,0,0,0,0,"- ","- ",37.302829742431641,-120.52298736572266,MERCED,UNINCORPORATED,-120.52298736572266,37.302757263183594
92425135,2024,2025-06-25,9461,2024-06-24,"930 ",017329,,1,1,9,2400,0,2,4,,1,410,"TURNER ISLAND RD","PALAZZO RD",3696.00,S,N,A,-,N,,,,,,,,,,Y,2,0,3,2,A,-,01,23152,A,N,C,C,A,A,H,-,A,D,0,,,,,Y,Y,D,22,2,1,0,0,0,0,0,0,0,"- ","- ",37.118549346923828,-120.70729827880859,MERCED,UNINCORPORATED,-120.70732879638672,37.118331909179688
92441619,2024,2024-07-17,9461,2024-07-10,1918,019052,,3,2,9,2400,0,3,5,,2,040,"NICKEL RD.","SAND SLOUGH RD.",0.00,,Y,A,-,N,,,,,,,,,,Y,2,0,1,1,A,-,01,23152,A,N,E,8,A,A,H,-,A,A,0,,,,,Y,Y,A,07,1,0,0,0,0,0,0,0,0,"- ","- ",37.171649932861328,-120.68348693847656,MERCED,UNINCORPORATED,-120.68344879150391,37.171810150146484
9250050,2021,2021-04-28,2401,2021-03-17,1015,727,4,3,5,3,2401,0,0,0,,0,004,"WINTON WY","GROVE AV",0.00,,Y,A,-,N,,,,,,,,,,Y,2,0,3,3,A,-,03,22350,,N,C,C,A,A,H,-,A,D,0,,,,,Y,,A,07,1,2,0,0,0,0,0,0,0,"- ","- ",37.353500366210938,-120.61376190185547,MERCED,ATWATER,-120.61375427246094,37.353492736816406
9254040,2021,2021-05-03,2406,2021-04-17,2157,283,1,6,5,5,2406,0,0,0,,0,010,"E OLIVE","NOTTINGHAM AV",130.00,E,N,A,-,N,,,,,,,,,,Y,2,0,2,2,A,-,07,21658,A,N,C,E,A,A,H,-,C,D,0,,,,,Y,,A,01,1,0,1,0,0,0,0,0,0,"- ","- ",,,MERCED,MERCED,-120.45245361328125,37.318489074707031
9256246,2021,2021-06-24,2401,2021-04-04,1133,710,,7,5,3,2401,0,0,0,,0,003,"AVE TWO","EL RODEBAUGH WY",0.00,,Y,A,-,N,,,,,,,,,,Y,1,1,2,2,A,-,09,21802,A,N,D,C,A,A,H,-,A,A,0,,,,,Y,,A,07,1,1,0,0,0,0,0,0,0,"- ","- ",37.341228485107422,-120.61136627197266,MERCED,ATWATER,-120.56869506835938,37.34954833984375
9256535,2021,2023-06-17,2405,2021-04-01,0641,PD133,2,4,5,3,2405,0,0,0,,0,0B3,"RT 152","RT 165",0.00,,Y,A,-,Y,MER,10,152,-,-,21.272,I,5,E,N,1,1,0,2,A,-,11,21954,A,N,G,B,E,A,H,-,B,A,0,Y,,,,Y,,N,60,0,0,0,1,0,0,0,0,0,"- ","- ",37.056861877441406,-120.83529663085938,MERCED,"LOS BANOS",-120.83535766601562,37.056922912597656
9256558,2021,2023-06-17,2406,2021-06-11,2219,129,NORTH,5,5,5,2406,0,0,0,,0,010,"EAST YOSEMITE AV","MCKEE RD",172.00,E,N,A,-,N,,,,,,,,,,Y,1,1,0,1,A,-,08,22107,,N,E,I,A,A,H,-,C,A,0,,,,,Y,Y,A,01,0,0,0,0,0,0,0,0,0,"- ","- ",,,MERCED,MERCED,-120.44362640380859,37.332210540771484
92595674,2024,2024-07-24,9461,2024-07-14,"110 ",022197,,7,3,9,2400,0,3,5,,2,040,"HUTCHINS RD","CARLUCCI AVE",2640.00,E,N,A,-,N,,,,,,,,,,Y,2,0,1,1,A,-,01,23152,A,N,E,I,A,A,H,-,D,D,0,,,,,Y,Y,A,07,1,0,0,0,0,0,0,0,0,"- ","- ",37.095859527587891,-120.67497253417969,MERCED,UNINCORPORATED,-120.67290496826172,37.094215393066406
9269301,2021,2021-05-27,2406,2021-05-06,1751,295,1,4,5,5,2406,0,0,0,,0,010,"G ST","ALPINE DR",0.00,,Y,A,-,N,,,,,,,,,,Y,2,0,1,2,A,-,09,21801,A,N,D,C,A,A,H,-,A,D,0,,,Y,,Y,,A,01,1,0,0,0,0,0,0,0,1,"- ","- ",,,MERCED,MERCED,-120.4693603515625,37.311859130859375
9274387,2021,2021-07-07,2406,2021-06-04,2250,302,1,5,5,5,2406,0,0,0,,0,011,"BUENA VISTA AV","SARASOTA AV",42.00,W,N,A,-,N,,,,,,,,,,Y,2,0,1,3,A,-,01,23152,A,N,A,C,A,A,H,-,C,D,0,,,,Y,Y,Y,A,01,1,0,0,0,0,0,0,0,0,"- ","- ",,,MERCED,MERCED,-120.50227355957031,37.326332092285156
9292112,2021,2021-08-11,2406,2021-06-25,1141,302,2,5,5,5,2406,0,0,0,,0,020,"G ST","WEST 21ST ST",32.00,S,N,A,-,N,,,,,,,,,,N,2,0,1,2,A,-,06,21755,A,N,B,C,A,A,H,-,A,A,0,,,Y,,Y,,C,02,1,0,0,0,0,0,0,0,1,"- ","- ",,,MERCED,MERCED,-120.47360992431641,37.302619934082031
9300225,2020,2021-09-16,2405,2020-12-04,1131,PD133,1,5,5,3,2405,0,0,0,,0,0B1,"WEST I ST","W K ST",0.00,,Y,A,-,N,,,,,,,,,,N,2,0,1,2,A,-,09,21802,A,N,D,C,A,A,H,-,A,A,0,,,Y,,Y,,D,22,1,0,0,0,0,0,0,0,1,"- ","- ",37.060890197753906,-120.86331176757812,MERCED,"LOS BANOS",-120.86328125,37.060920715332031
9302374,2021,2021-08-12,2405,2021-03-05,1815,PD44,2,5,5,3,2405,0,0,0,,0,0B2,"7TH ST","ABBY CIR",21.00,N,N,A,-,N,,,,,,,,,,N,2,0,1,2,A,-,09,21801,A,N,D,C,A,A,H,-,C,A,0,,,Y,,Y,,A,01,1,0,0,0,0,0,0,0,1,"- ","- ",37.067558288574219,-120.84134674072266,MERCED,"LOS BANOS",-120.84130859375,37.067611694335938
9320389,2021,2022-03-17,2405,2021-07-11,2300,PD54,1,7,5,3,2405,0,0,0,,0,0B1,"RT 152","BADGER FLAT RD",43.00,W,N,A,-,Y,MER,10,152,-,-,18.860,H,-,E,N,1,1,0,2,A,-,11,21954,A,N,G,B,D,A,H,-,C,A,0,Y,,,,Y,,N,60,0,0,0,1,0,0,0,0,0,"- ","- ",37.056831359863281,-120.87831115722656,MERCED,"LOS BANOS",-120.87874603271484,37.056739807128906
9320427,2021,2022-03-03,2406,2021-12-07,1721,311,CENTR,2,5,5,2406,0,0,0,,0,"2 20","DOPPLER RD","GERARD AV",189.00,E,N,E,-,N,,,,,,,,,,Y,1,1,0,1,A,-,03,22350,,N,F,A,A,A,H,-,D,D,0,,,,,Y,,A,01,0,0,0,0,0,0,0,0,0,"- ","- ",,,MERCED,MERCED,-120.44757843017578,37.280220031738281
9356472,2021,2021-11-02,2406,2021-09-29,1955,237,1,3,5,5,2406,0,0,0,,0,010,"WEST OLIVE AV","W OLIVE AV 150",0.00,,Y,A,-,N,,,,,,,,,,N,2,0,1,2,B,-,22,,,F,G,B,F,A,H,-,C,D,0,Y,Y,,,Y,,L,04,1,0,0,0,1,0,0,0,0,"- ","- ",,,MERCED,MERCED,-120.46944427490234,37.318534851074219
93686530,2024,2024-08-06,9460,2024-07-25,"503 ",022049,,4,3,5,2406,0,1,3,,2,003,"SR-99 N/B","R ST",1160.00,S,N,A,-,Y,MER,,99," "," ",15.204,H,,R,Y,2,0,5,7,A,-,03,22350,,N,C,C,A,A,H,-,B,D,0,,,,Y,Y,,G,25,3,1,1,0,0,0,0,0,0,"- ","- ",37.299751281738281,-120.49086761474609,MERCED,MERCED,-120.49089050292969,37.299709320068359
9368851,2021,2021-12-15,2406,2021-11-25,1816,283,1,4,5,5,2406,0,0,0,,0,010,"BROOKDALE DR","KERNLAND AV",165.00,W,N,A,-,N,,,,,,,,,,Y,2,0,2,2,A,-,03,22350,,N,D,C,A,A,H,-,C,D,0,,,,,Y,,D,22,1,0,1,0,0,0,0,0,0,"- ","- ",,,MERCED,MERCED,-120.45751953125,37.322208404541016
9375875,2021,2021-12-22,2406,2021-11-30,1725,256,3,2,5,5,2406,0,0,0,,0,030,"MARTIN LUTHER KING JR WY","WEST 11TH ST",5.00,S,N,A,-,Y,MER,10,59,-,-,14.580,I,5,S,N,2,0,1,2,A,-,03,22350,,N,G,B,B,A,H,-,C,A,0,Y,,,,Y,,D,22,1,0,0,0,1,0,0,0,0,"- ","- ",,,MERCED,MERCED,-120.48397064208984,37.294036865234375
9380080,2021,2022-02-24,2405,2021-07-20,0722,PD59,2,2,5,3,2405,0,0,0,,0,0B2,"PACHECO BL","MILLER LN",0.00,,Y,A,-,Y,MER,10,152,-,-,21.610,I,5,W,Y,2,0,3,2,D,-,00,,,N,D,C,A,A,H,-,A,A,0,,,,,Y,,-,"- ",1,1,1,0,0,0,0,0,0,"- ","- ",37.056991577148438,-120.82906341552734,MERCED,"LOS BANOS",-120.82918548583984,37.056991577148438
9402420,2022,2022-02-14,2406,2022-01-06,1803,183,3,4,5,5,2406,0,0,0,,0,030,"EAST CHILDS AV","B ST",0.00,,Y,B,-,N,,,,,,,,,,Y,2,0,1,2,A,-,09,21801,A,F,D,C,A,A,H,-,D,D,0,,,,,Y,,D,22,1,0,0,0,0,0,0,0,0,"- ","- ",,,MERCED,MERCED,-120.47251129150391,37.287998199462891
9409523,2021,2022-03-08,2406,2021-11-26,1112,183,3,5,5,5,2406,0,0,0,,0,031,"R ST","W 4TH ST",151.00,S,N,A,-,N,,,,,,,,,,Y,2,0,1,2,A,-,09,21804,A,N,D,C,A,A,H,-,A,D,0,,,Y,,Y,,A,01,1,0,0,0,0,0,0,0,1,"- ","- ",,,MERCED,MERCED,-120.50028991699219,37.291065216064453
9415523,2022,2022-03-07,2406,2022-01-21,1354,183,1,5,5,5,2406,0,0,0,,0,011,"OLIVEWOOD DR","PEPPER WOOD LN",180.00,W,N,A,-,N,,,,,,,,,,Y,2,0,1,3,A,-,03,22350,,N,C,E,A,A,H,-,A,D,0,,,,,Y,,A,08,1,0,0,0,0,0,0,0,0,"- ","- ",,,MERCED,MERCED,-120.48519134521484,37.31817626953125
9432347,2021,2022-07-27,2405,2021-12-17,1943,PD54,1,5,5,3,2405,0,0,0,,0,0B1,"W PACHECO BL","BADGER FLAT RD",750.00,W,N,A,-,N,,,,,,,,,,Y,2,0,1,2,A,-,11,21950,B,N,G,B,D,A,H,-,D,D,0,Y,,,,Y,Y,N,60,1,0,0,0,1,0,0,0,0,"- ","- ",37.053939819335938,-120.87890625,MERCED,"LOS BANOS",-120.88025665283203,37.056800842285156
94364236,2024,2024-08-21,9460,2024-07-03,"250 ",020857,,3,3,9,2400,0,3,5,,2,030,"OLIVE AVE","STEIN RD",305.00,W,N,A,-,N,,,,,,,,,,N,2,0,1,2,A,-,11,21956,A,F,G,B,E,A,H,-,D,D,0,Y,,,Y,Y,,N,60,1,0,0,0,1,0,0,0,0,"- ","- ",37.365180969238281,-120.66036987304688,MERCED,UNINCORPORATED,-120.66028594970703,37.365211486816406
94366406,2024,2024-08-22,9461,2024-08-18,1456,019052,,7,2,9,2400,0,1,3,,1,452,"SR-152 W/B","DEEPWELL RD",100.00,W,N,A,-,Y,MER,,152," "," ",27.296,H,,L,Y,2,0,1,2,D,-,00,,,N,C,C,A,A,H,-,A,B,0,,,Y,,Y,,-,"- ",1,0,0,0,0,0,0,0,1,"- ","- ",37.054988861083984,-120.72646331787109,MERCED,UNINCORPORATED,-120.72646331787109,37.054988861083984
94383029,2024,2024-09-26,9461,2024-08-27,"8   ",022033,,2,3,9,2400,0,3,5,,2,010,SR-33,"DONOHUGH ROAD",8.00,N,N,A,-,Y,MER,,33," ",R,13.604,H,,R,Y,1,1,0,2,A,-,08,22107,,N,A,C,A,A,H,-,D,D,0,,,,Y,Y,,D,22,0,0,0,0,0,0,0,0,0,"- ","- ",37.062061309814453,-121.01638031005859,MERCED,UNINCORPORATED,-121.01636505126953,37.062061309814453
94391196,2024,2024-09-12,9461,2024-08-25,1610,022197,,7,2,9,2400,0,1,3,,1,103,SR-33,"PLAZA DR",300.00,S,N,B,-,Y,MER,,33," "," ",16.891,H,,R,Y,2,0,2,2,A,-,09,21804,A,N,D,C,A,A,H,-,A,D,0,,,Y,,Y,,A,01,1,0,1,0,0,0,0,0,1,"- ","- ",37.109798431396484,-121.01564025878906,MERCED,UNINCORPORATED,-121.01567077636719,37.10980224609375
94431300,2024,2024-10-15,9461,2024-10-04,2155,022929,,5,2,9,2400,0,2,4,,1,110,"SR-33 W/B","FAHEY RD",898.00,E,N,A,-,Y,,,,,,,,,,Y,2,0,1,1,A,-,01,23152,A,N,E,I,A,A,H,-,A,D,0,,,,,Y,Y,A,01,1,0,0,0,0,0,0,0,0,"- ","- ",37.12506103515625,-121.01477813720703,MERCED,UNINCORPORATED,-121.01529693603516,37.122509002685547
94432034,2024,2024-10-15,9460,2024-10-08,"250 ",022221,,2,3,9,2400,0,1,3,,2,002,"SR-99 N/B FROM W 16TH ST","WEST 16TH ST",250.00,N,N,A,-,Y,MER,,99," "," ",16.629,H,,R,N,2,0,1,1,A,-,01,23152,A,N,E,I,A,A,H,-,D,D,0,,,,,Y,Y,D,22,1,0,0,0,0,0,0,0,0,"- ","- ",37.310539245605469,-120.51187896728516,MERCED,UNINCORPORATED,-120.51209259033203,37.310413360595703
94433561,2024,2025-01-13,9461,2024-10-05,1608,022033,,6,2,9,2400,0,1,3,,1,452,"SR-152 W/B","DELTA ROAD",0.00,,Y,A,-,Y,MER,,152," "," ",25.315,H,,L,Y,2,0,7,2,A,-,09,21802,A,N,D,C,A,A,H,-,A,A,0,,,,,Y,,A,07,6,0,1,0,0,0,0,0,0,"- ","- ",37.055599212646484,-120.76228332519531,MERCED,UNINCORPORATED,-120.76227569580078,37.055637359619141