CASE_ID,ACCIDENT_YEAR,PROC_DATE,JURIS,COLLISION_DATE,COLLISION_TIME,OFFICER_ID,REPORTING_DISTRICT,DAY_OF_WEEK,CHP_SHIFT,POPULATION,CNTY_CITY_LOC,SPECIAL_COND,BEAT_TYPE,CHP_BEAT_TYPE,CITY_DIVISION_LAPD,CHP_BEAT_CLASS,BEAT_NUMBER,PRIMARY_RD,SECONDARY_RD,DISTANCE,DIRECTION,INTERSECTION,WEATHER_1,WEATHER_2,STATE_HWY_IND,CALTRANS_COUNTY,CALTRANS_DISTRICT,STATE_ROUTE,ROUTE_SUFFIX,POSTMILE_PREFIX,POSTMILE,LOCATION_TYPE,RAMP_INTERSECTION,SIDE_OF_HWY,TOW_AWAY,COLLISION_SEVERITY,NUMBER_KILLED,NUMBER_INJURED,PARTY_COUNT,PRIMARY_COLL_FACTOR,PCF_CODE_OF_VIOL,PCF_VIOL_CATEGORY,PCF_VIOLATION,PCF_VIOL_SUBSECTION,HIT_AND_RUN,TYPE_OF_COLLISION,MVIW,PED_ACTION,ROAD_SURFACE,ROAD_COND_1,ROAD_COND_2,LIGHTING,CONTROL_DEVICE,CHP_ROAD_TYPE,PEDESTRIAN_ACCIDENT,BICYCLE_ACCIDENT,MOTORCYCLE_ACCIDENT,TRUCK_ACCIDENT,NOT_PRIVATE_PROPERTY,ALCOHOL_INVOLVED,STWD_VEHTYPE_AT_FAULT,CHP_VEHTYPE_AT_FAULT,COUNT_SEVERE_INJ,COUNT_VISIBLE_INJ,COUNT_COMPLAINT_PAIN,COUNT_PED_KILLED,COUNT_PED_INJURED,COUNT_BICYCLIST_KILLED,COUNT_BICYCLIST_INJURED,COUNT_MC_KILLED,COUNT_MC_INJURED,PRIMARY_RAMP,SECONDARY_RAMP,LATITUDE,LONGITUDE,COUNTY,CITY,POINT_X,POINT_Y
94442353,2024,2024-10-23,9461,2024-08-20,2255,020486,,2,3,9,2400,0,1,1,,2,205,"INTERSTATE 5 SOUTHBOUND","NEES AVENUE",6336.00,N,N,A,-,Y,MER,,5," "," ",0.855,H,,L,Y,1,1,1,2,A,-,03,22350,,N,C,C,A,A,H,-,D,D,0,,,,Y,Y,,D,22,1,0,0,0,0,0,0,0,0,"- ","- ",36.865791320800781,-120.78485107421875,MERCED,UNINCORPORATED,-120.78483581542969,36.865795135498047
94470971,2024,2024-11-15,9460,2024-11-06,1545,016476,,3,2,9,2400,0,3,5,,2,030,"EUCALYPTUS AVE","CRESSEY WAY",0.00,,Y,A,-,N,,,,,,,,,,Y,2,0,4,2,A,-,12,22450,A,N,D,C,A,A,H,-,A,A,0,,,,,Y,,A,01,1,3,0,0,0,0,0,0,0,"- ","- ",37.403911590576172,-120.66786956787109,MERCED,UNINCORPORATED,-120.66786193847656,37.403911590576172
94473407,2024,2024-11-18,9461,2024-11-09,1335,017329,,6,1,9,2400,0,1,3,,1,465,"SR-165 S/B","CORRAL RD",19008.00,N,N,A,-,Y,MER,,165," "," ",18.831,H,,L,Y,2,0,6,1,A,-,08,22107,,M,F,A,A,A,H,-,A,D,0,,,,,Y,,A,08,2,4,0,0,0,0,0,0,0,"- ","- ",37.198509216308594,-120.84207916259766,MERCED,UNINCORPORATED,-120.84220123291016,37.198474884033203
94514230,2024,2024-12-23,9460,2024-09-28,1825,022406,,6,2,9,2400,0,3,5,,2,030,"FRANKLIN ROAD",SR-140,1373.00,N,N,A,-,N,,,,,,,,,,Y,1,1,0,1,A,-,01,23152,A,N,E,I,A,A,H,-,A,D,0,,,,,Y,Y,D,22,0,0,0,0,0,0,0,0,0,"- ","- ",37.306591033935547,-120.54099273681641,MERCED,UNINCORPORATED,-120.54106140136719,37.306438446044922
94520321,2024,2024-12-30,9460,2024-12-17,2028,021150,,2,2,9,2400,0,3,5,,2,020,"VINCENT ROAD","HARDING ROAD",163.00,N,N,A,-,N,,,,,,,,,,Y,1,1,3,2,A,-,08,22107,,N,A,C,A,A,H,-,C,D,0,,,,,Y,,A,01,3,0,0,0,0,0,0,0,0,"- ","- ",37.463668823242188,-120.77625274658203,MERCED,UNINCORPORATED,-120.77628326416016,37.463657379150391
94522989,2024,2025-01-02,9461,2024-10-25,2200,023050,,5,3,9,2400,0,1,3,,1,152,"STATE HIGHWAY 152","VOLTA ROAD",1954.00,W,N,A,-,Y,MER,,152," "," ",15.837,H,,R,Y,1,1,0,1,A,-,08,22107,,N,F,A,A,A,H,-,C,D,0,,,,,Y,,D,22,0,0,0,0,0,0,0,0,0,"- ","- ",37.056468963623047,-120.93377685546875,MERCED,UNINCORPORATED,-120.93377685546875,37.056442260742188
94523655,2024,2025-01-02,9461,2024-09-27,1516,021056,,5,2,9,2400,0,1,3,,1,452,"STATE ROUTE 152 WESTBOUND","ARROYA AVENUE",1056.00,E,N,A,-,Y,MER,,152," "," ",30.604,H,,L,Y,1,2,0,2,A,-,01,23152,A,N,A,C,A,A,H,-,A,D,0,,,,,Y,Y,D,22,0,0,0,0,0,0,0,0,0,"- ","- ",37.054489135742188,-120.66664886474609,MERCED,UNINCORPORATED,-120.66664886474609,37.054492950439453
94575220,2025,2025-02-12,9460,2025-02-01,2049,022785,,6,2,9,2400,0,3,5,,2,020,"STEPHENS STREET","SCHENDEL AVENUE",0.00,,Y,A,-,N,,,,,,,,,,Y,2,0,2,2,A,-,12,22450,A,N,A,C,A,A,H,-,C,A,0,,,,,Y,,A,01,1,1,0,0,0,0,0,0,0,"- ","- ",37.430038452148438,-120.77610778808594,MERCED,UNINCORPORATED,-120.77616119384766,37.430091857910156
94577857,2025,2025-02-13,9461,2025-02-07,1340,021785,,5,1,9,2400,0,1,3,,1,452,"SR-152 E/B","AZUSA AVE",1320.00,W,N,A,-,Y,MER,,152," "," ",31.121,H,,R,N,2,0,1,2,A,-,11,21954,A,F,G,B,E,A,H,-,A,D,0,Y,,,,Y,,N,60,1,0,0,0,1,0,0,0,0,"- ","- ",37.053970336914062,-120.65724182128906,MERCED,UNINCORPORATED,-120.65724182128906,37.054027557373047
94578550,2024,2025-02-13,9460,2024-12-15,2047,022590,,7,2,9,2400,0,1,3,,1,142,"STATE ROUTE 140 W/B","THORNTON ROAD",211.00,E,N,A,-,N,,,,,,,,,,Y,1,1,2,2,A,-,09,21804,A,N,D,C,A,A,H,-,D,D,0,,,,,Y,Y,D,22,1,1,0,0,0,0,0,0,0,"- ","- ",37.302791595458984,-120.52224731445312,MERCED,UNINCORPORATED,-120.52233123779297,37.302738189697266
94578865,2024,2025-02-13,9461,2024-04-30,1552,019052,,2,2,9,2400,0,1,3,,2,453,"STATE ROUTE 152 WESTBOUND","HARMON ROAD",2112.00,W,N,A,-,Y,MER,,152," ",R,37.685,H,,L,Y,1,1,3,1,A,-,08,22107,,N,F,A,A,A,H,-,A,D,0,,,,,Y,,A,07,0,3,0,0,0,0,0,0,0,"- ","- ",37.061450958251953,-120.54432678222656,MERCED,UNINCORPORATED,-120.54422760009766,37.061389923095703
94586477,2025,2025-02-21,9460,2025-01-26,"129 ",022162,,7,3,9,2400,0,3,5,,2,020,"SANTA FE DRIVE","PEPPER STREET",915.00,E,N,B,C,N,,,,,,,,,,Y,2,0,2,2,A,-,03,22350,,F,C,C,A,B,H,-,D,D,0,,,,,Y,,A,01,1,1,0,0,0,0,0,0,0,"- ","- ",37.462100982666016,-120.71910858154297,MERCED,UNINCORPORATED,-120.71917724609375,37.462131500244141
9460156,2022,2022-06-23,2405,2022-03-16,1340,PD58,5,3,5,3,2405,0,0,0,,0,B41,"CABERNET ST","BIRCHWOOD AV",300.00,S,N,A,-,N,,,,,,,,,,N,2,0,1,2,A,-,11,21954,A,N,G,B,D,A,H,-,A,D,0,Y,,,,Y,,N,60,1,0,0,0,1,0,0,0,0,"- ","- ",37.078018188476562,-120.85076904296875,MERCED,"LOS BANOS",-120.85050964355469,37.078174591064453
9460894,2022,2022-07-01,2405,2022-03-05,0804,PD47,2,6,5,3,2405,0,0,0,,0,0B2,"F ST","SANTA RITA AV",0.00,,Y,A,-,N,,,,,,,,,,Y,2,0,1,2,A,-,08,22107,,N,D,C,A,A,H,-,A,A,0,,,Y,,Y,,D,22,1,0,0,0,0,0,0,0,1,"- ","- ",37.061100006103516,-120.83741760253906,MERCED,"LOS BANOS",-120.83744049072266,37.061119079589844
94609915,2025,2025-03-18,9460,2025-01-31,1952,022315,,5,2,9,2400,0,3,5,,2,010,"RIVER ROAD","KELLEY ROAD",4752.00,E,N,B,C,N,,,,,,,,,,Y,1,1,0,1,A,-,08,22107,,N,E,J,A,B,H,-,D,D,0,,,,,Y,,D,22,0,0,0,0,0,0,0,0,0,"- ","- ",37.346351623535156,-120.94773101806641,MERCED,UNINCORPORATED,-120.94785308837891,37.346321105957031
94610283,2024,2025-03-18,9461,2024-04-07,2350,022000,,7,3,9,2400,0,1,1,,2,205,"INTERSTATE 5 NORTHBOUND","CANYON ROAD",3696.00,N,N,A,-,Y,MER,,5," "," ",12.721,H,,R,Y,1,1,0,2,C,-,18,,,N,E,J,A,A,H,-,D,D,0,,,Y,Y,Y,,-,"- ",0,0,0,0,0,0,0,1,0,"- ","- ",37.001129150390625,-120.91587066650391,MERCED,UNINCORPORATED,-120.91588592529297,37.001121520996094
94612031,2025,2025-03-20,9460,2025-03-03,1345,018603,,1,1,9,2400,0,3,5,,2,020,"SHANKS ROAD","MEDITERRANEAN AVENUE",6.00,S,N,A,-,N,,,,,,,,,,N,1,1,0,2,A,-,10,21950,A,N,G,B,B,A,H,-,A,D,0,Y,,,,Y,,A,01,0,0,0,1,0,0,0,0,0,"- ","- ",37.430679321289062,-120.78604888916016,MERCED,UNINCORPORATED,-120.78604888916016,37.430732727050781
9461372,2021,2022-06-23,2405,2021-10-04,1758,PD126,2,1,5,3,2405,0,0,0,,0,0B2,"MERCEY SPRINGS RD","PACHECO BL",0.00,,Y,A,-,N,,,,,,,,,,Y,2,0,3,3,A,-,03,22350,,N,C,C,A,A,H,-,A,A,0,,,,,Y,,A,01,2,1,0,0,0,0,0,0,0,"- ","- ",37.056861877441406,-120.83528900146484,MERCED,"LOS BANOS",-120.83541107177734,37.056949615478516
94666873,2025,2025-04-28,9461,2025-04-22,1808,019052,,2,2,9,2400,0,2,4,,1,410,"TURNER ISLAND RD","PALAZZO RD",2112.00,S,N,B,G,N,,,,,,,,,,Y,2,0,1,1,A,-,08,22107,,N,F,I,A,A,H,-,A,D,0,,,Y,,Y,,C,02,1,0,0,0,0,0,0,0,1,"- ","- ",37.121990203857422,-120.70713806152344,MERCED,UNINCORPORATED,-120.70728302001953,37.1226806640625
94675388,2025,2025-05-05,9460,2025-02-27,"205 ",020099,,4,3,9,2400,0,2,4,,1,041,"SANTA FE DRIVE","AVENUE TWO",592.00,E,N,A,-,N,,,,,,,,,,Y,1,1,2,2,A,-,01,23152,F,N,A,C,A,A,H,-,D,D,0,,,,,Y,,D,22,2,0,0,0,0,0,0,0,0,"- ","- ",37.348770141601562,-120.5540771484375,MERCED,UNINCORPORATED,-120.55382537841797,37.348682403564453
94676514,2025,2025-05-06,9460,2025-04-26,1752,022725,,6,2,9,2400,0,1,3,,1,140,SR-140,"KEATON ROAD",506.00,E,N,A,-,Y,MER,,140," "," ",12.819,H,,R,Y,2,0,2,2,A,-,09,21801,A,N,A,2,A,A,H,-,A,D,0,,,,,Y,,A,01,1,0,1,0,0,0,0,0,0,"- ","- ",37.313518524169922,-120.91304016113281,MERCED,UNINCORPORATED,-120.91304016113281,37.313499450683594
94698752,2025,2025-05-23,9460,2025-05-16,1527,021662,,5,2,9,2400,0,3,5,,2,020,"PALM STREET","4TH STREET",0.00,,Y,A,-,N,,,,,,,,,,N,2,0,1,2,A,-,09,21802,A,N,D,C,A,A,H,-,A,A,0,,,Y,,Y,,A,01,1,0,0,0,0,0,0,0,1,"- ","- ",37.430160522460938,-120.76780700683594,MERCED,UNINCORPORATED,-120.76785278320312,37.430126190185547
94713182,2025,2025-06-04,9460,2025-05-28,"810 ",018603,,3,1,9,2400,0,3,5,,2,090,"CRESSEY WAY","ROSE AVE",0.00,,Y,A,-,N,,,,,,,,,,Y,2,0,2,2,A,-,09,21802,A,N,A,C,A,A,H,-,A,D,0,,,,,Y,,A,07,1,0,1,0,0,0,0,0,0,"- ","- ",37.324039459228516,-120.66916656494141,MERCED,UNINCORPORATED,-120.66913604736328,37.324016571044922
94734877,2025,2025-06-23,9461,2025-06-06,2025,021785,,5,2,9,2400,0,1,3,,1,153,"SR-152 E/B",I-5,500.00,W,N,A,-,Y,,,,,,,,,,Y,2,0,4,1,A,-,03,22350,,N,E,I,A,A,H,-,A,D,0,,,,,Y,,A,01,4,0,0,0,0,0,0,0,0,"- ","- ",37.056308746337891,-120.96778869628906,MERCED,UNINCORPORATED,-120.97166442871094,37.056625366210938
94742428,2025,2025-06-27,9460,2025-05-05,1448,022406,,1,2,9,2400,0,3,5,,2,030,"CRESSEY WAY","EUCALYPTUS AVENUE",0.00,,Y,A,-,N,,,,,,,,,,Y,1,1,0,2,A,-,09,21802,A,N,D,C,A,A,H,-,A,A,0,,,,,Y,,A,01,0,0,0,0,0,0,0,0,0,"- ","- ",37.403900146484375,-120.66783142089844,MERCED,UNINCORPORATED,-120.66786193847656,37.403911590576172
94743820,2025,2025-06-30,9461,2025-04-08,"5   ",023167,,2,3,9,2400,0,1,1,,2,105,"I-5 S/B","HENRY MILLER AVENUE",3950.00,S,N,A,-,Y,MER,,5," "," ",20.630,H,,L,Y,1,1,4,1,A,-,08,22107,,N,F,I,A,A,H,-,D,D,0,,,,,Y,,A,07,1,3,0,0,0,0,0,0,0,"- ","- ",37.091548919677734,-121.00398254394531,MERCED,UNINCORPORATED,-121.00385284423828,37.091625213623047
94744768,2025,2025-06-30,9460,2025-06-20,1750,022162,,5,2,9,2400,0,1,3,,2,003,"KAHLON ROAD","LE GRAND ROAD",4435.00,S,N,E,-,N,,,,,,,,,,Y,2,0,4,2,A,-,05,21650,,N,A,C,A,A,H,-,A,D,0,,,,,Y,,A,01,3,1,0,0,0,0,0,0,0,"- ","- ",37.214881896972656,-120.36723327636719,MERCED,UNINCORPORATED,-120.3671875,37.214809417724609
94747599,2025,2025-07-07,9460,2025-05-16,"940 ",018922,,5,1,9,2400,0,1,3,,1,590,SR-59,"SNELLING ROAD",0.00,,Y,A,-,Y,MER,,59," "," ",32.254,H,,R,N,1,1,1,2,A,-,09,21801,A,N,A,C,A,A,H,-,A,A,0,,,Y,,Y,,D,22,1,0,0,0,0,0,0,1,0,"- ","- ",37.51593017578125,-120.45285797119141,MERCED,UNINCORPORATED,-120.45285797119141,37.51593017578125
94817050,2025,2025-08-25,9461,2025-05-11,"331 ",023167,,7,3,9,2400,0,1,3,,1,465,"SR-165 SOUTHBOUND","SANTA FE GRADE",6336.00,N,N,A,-,Y,MER,,165," "," ",13.237,H,,L,Y,1,1,2,2,A,-,01,23152,A,N,A,2,A,A,H,-,D,D,0,,,,,Y,Y,A,01,1,1,0,0,0,0,0,0,0,"- ","- ",37.121551513671875,-120.83482360839844,MERCED,UNINCORPORATED,-120.83482360839844,37.121551513671875
9482183,2022,2022-08-22,2406,2022-06-29,2054,315,CENTR,3,5,5,2406,0,0,0,,0,021,"W NORTH BEAR CREEK DR","PIRA DR",100.00,W,N,A,-,N,,,,,,,,,,Y,2,0,2,1,A,-,03,22350,,N,D,-,A,A,H,-,D,D,0,,,,,Y,,A,01,1,1,0,0,0,0,0,0,0,"- ","- ",,,MERCED,MERCED,-120.49022674560547,37.314502716064453
9483111,2022,2022-08-11,2406,2022-07-14,0954,183,3,4,5,5,2406,0,0,0,,0,031,"W 18TH ST","Q ST",0.00,,Y,A,-,N,,,,,,,,,,N,2,0,1,2,A,-,09,21801,A,N,D,C,A,A,A,-,A,D,0,,,Y,,Y,,D,22,1,0,0,0,0,0,0,0,1,"- ","- ",,,MERCED,MERCED,-120.49028778076172,37.305206298828125
9489083,2022,2022-09-02,2403,2022-04-28,2044,Z15,MERCE,4,5,2,2403,0,0,0,,0,,"RT 140","4TH ST",0.00,,Y,A,-,Y,MER,10,140,-,-,5.610,I,5,E,Y,2,0,2,2,A,-,12,22450,A,N,A,C,A,A,H,-,B,A,0,,,,,Y,,A,01,1,1,0,0,0,0,0,0,0,"- ","- ",37.256629943847656,-121.00576019287109,MERCED,GUSTINE,-120.99736022949219,37.25384521484375
9494788,2022,2022-09-29,2406,2022-07-03,0043,313,1,7,5,5,2406,0,0,0,,0,010,"G ST","PARK AV",12.00,E,N,A,-,N,,,,,,,,,,N,2,0,1,2,A,-,11,21955,,N,G,B,D,A,H,-,C,D,0,Y,,,,Y,,N,60,1,0,0,0,1,0,0,0,0,"- ","- ",,,MERCED,MERCED,-120.46952056884766,37.311859130859375
9495451,2022,2022-10-07,2406,2022-09-09,2241,283,2,5,5,5,2406,0,0,0,,0,020,"CAMPOS PKWY","EAST CHILDS AV",405.00,S,N,A,-,N,,,,,,,,,,Y,2,0,1,1,A,-,03,22350,,N,E,I,A,A,H,-,C,D,0,,,,,Y,,A,01,1,0,0,0,0,0,0,0,0,"- ","- ",,,MERCED,MERCED,-120.42362213134766,37.286708831787109
9500253,2022,2022-10-03,2406,2022-08-19,1931,283,1,5,5,5,2406,0,0,0,,0,011,"JUNIPERO CT","GUADALUPE AV",23.00,W,N,A,-,N,,,,,,,,,,N,2,0,1,2,A,-,08,22107,,N,C,E,A,A,H,-,A,D,0,,,Y,,Y,,C,02,1,0,0,0,0,0,0,0,1,"- ","- ",,,MERCED,MERCED,-120.48063659667969,37.331371307373047
9504053,2022,2022-10-26,2406,2022-08-18,1653,283,2,4,5,5,2406,0,0,0,,0,020,"M ST","WEST 20TH ST",0.00,,Y,A,-,N,,,,,,,,,,Y,1,1,0,2,A,-,09,21802,A,N,D,C,A,A,H,-,A,A,0,,,,,Y,,A,01,0,0,0,0,0,0,0,0,0,"- ","- ",,,MERCED,MERCED,-120.48313903808594,37.30499267578125
9507746,2022,2022-11-18,2405,2022-04-26,1004,PD126,,2,5,3,2405,0,0,0,,0,0B2,"WARD RD","PACHECO BL",94.00,N,N,A,-,Y,MER,10,152,-,-,22.252,I,6,W,Y,2,0,1,1,A,-,03,22350,,N,F,A,A,A,H,-,A,A,0,,,,Y,Y,,F,25,1,0,0,0,0,0,0,0,0,"- ","- ",37.056751251220703,-120.81755828857422,MERCED,"LOS BANOS",-120.81766510009766,37.056861877441406
9519031,2022,2023-01-30,2406,2022-10-10,1909,253,2,1,5,5,2406,0,0,0,,0,020,"EAST 23RD ST",WILLOW,155.00,E,N,A,-,N,,,,,,,,,,N,2,0,1,2,A,-,08,22107,,N,B,G,A,A,H,-,B,D,0,,Y,,,Y,,L,04,1,0,0,0,0,0,1,0,0,"- ","- ",,,MERCED,MERCED,-120.46079254150391,37.300373077392578
9520084,2022,2022-12-02,2401,2022-10-13,0555,737,2,4,5,3,2401,0,0,0,,0,002,"SANTA FE DR","BUHACH AV",0.00,,Y,A,-,N,,,,,,,,,,Y,1,1,1,2,A,-,12,21453,A,N,D,C,A,A,H,-,D,A,0,,,Y,,Y,Y,C,02,0,0,1,0,0,0,0,1,0,"- ","- ",37.360488891601562,-120.58468627929688,MERCED,ATWATER,-120.57662963867188,37.362895965576172
9520604,2023,2023-06-14,2406,2023-05-01,2018,255,1,1,5,5,2406,0,0,0,,0,010,"EAST OLIVE AV","MCKEE RD",400.00,E,N,A,-,N,,,,,,,,,,Y,1,1,0,2,A,-,11,21954,A,N,G,B,D,A,H,-,C,D,0,Y,,,,Y,,N,60,0,0,0,1,0,0,0,0,0,"- ","- ",,,MERCED,MERCED,-120.44303131103516,37.3184814453125
9520856,2022,2023-08-21,2401,2022-11-02,0919,718,,3,5,3,2401,0,0,0,,0,002,"JUNIPER AV","AUGUSTA LN",0.00,,Y,A,-,N,,,,,,,,,,Y,1,2,0,3,A,-,07,21658,A,N,G,B,F,A,H,-,A,D,0,Y,,,,Y,,A,01,0,0,0,2,0,0,0,0,0,"- ","- ",37.349460601806641,-120.57669067382812,MERCED,ATWATER,-120.57899475097656,37.349559783935547
9520922,2023,2023-09-13,2406,2023-07-08,2049,327,3,6,5,5,2406,0,0,0,,0,030,"E. 13TH ST","B ST",208.00,W,N,A,-,N,,,,,,,,,,Y,1,1,1,1,C,-,18,,,N,E,I,A,A,H,-,D,D,0,,,,,Y,,-,"- ",1,0,0,0,0,0,0,0,0,"- ","- ",,,MERCED,MERCED,-120.47146606445312,37.291858673095703
9535845,2022,2023-02-14,2404,2022-08-13,2226,X57,,6,5,3,2404,0,0,0,,0,,"WALNUT AV","DWIGHT WY",2.00,E,N,A,-,N,,,,,,,,,,Y,2,0,2,2,A,-,03,22350,,F,C,C,A,A,H,-,C,A,0,,,,,Y,,A,01,1,1,0,0,0,0,0,0,0,"- ","- ",37.389560699462891,-120.70496368408203,MERCED,LIVINGSTON,-120.70496368408203,37.389568328857422
9548426,2023,2023-03-07,2406,2023-01-23,"908 ",129,NORTH,1,5,5,2406,0,0,0,,0,011,"LOUGHBOROUGH DR","MEADOWS AV",0.00,,Y,A,-,N,,,,,,,,,,Y,2,0,1,3,A,-,09,21802,A,N,D,C,A,A,H,-,A,A,0,,,,,Y,,A,01,1,0,0,0,0,0,0,0,0,"- ","- ",,,MERCED,MERCED,-120.49031066894531,37.323394775390625
9549949,2022,2023-02-23,2406,2022-12-12,2155,309,CENTR,1,5,5,2406,0,0,0,,0,020,"YOSEMITE PKWY","UNION AV",100.00,W,N,A,-,N,,,,,,,,,,N,2,0,1,2,A,-,09,21804,B,N,D,C,A,A,H,-,C,D,0,,,,,Y,,A,01,1,0,0,0,0,0,0,0,0,"- ","- ",,,MERCED,MERCED,-120.46268463134766,37.295234680175781
9568131,2023,2023-04-27,2406,2023-03-20,1712,129,CENTR,1,5,5,2406,0,0,0,,0,020,"RT 140","UNION AV",0.00,,Y,A,-,Y,MER,10,140,-,-,36.090,I,5,E,Y,2,0,1,4,A,-,06,21755,A,N,B,C,A,A,H,-,A,D,0,,,Y,,Y,,C,02,1,0,0,0,0,0,0,0,1,"- ","- ",,,MERCED,MERCED,-120.46235656738281,37.295215606689453
9587467,2023,2023-06-08,2406,2023-05-13,1923,302,1,6,5,5,2406,0,0,0,,0,021,"WEST MAIN ST","Q ST",0.00,,Y,A,-,N,,,,,,,,,,Y,2,0,1,2,A,-,01,23152,A,N,C,G,A,A,H,-,A,A,0,,Y,,,Y,Y,D,22,1,0,0,0,0,0,1,0,0,"- ","- ",,,MERCED,MERCED,-120.49090576171875,37.30419921875
9587503,2023,2023-06-19,2406,2023-04-29,1327,183,1,6,5,5,2406,0,0,0,,0,011,"RT 59","WEST OLIVE AV",0.00,,Y,A,-,Y,MER,10,59,-,-,16.100,I,5,S,Y,2,0,2,3,A,-,11,21456,B,N,G,B,B,A,H,-,A,A,0,Y,,Y,,Y,,N,60,1,1,0,0,1,0,0,0,1,"- ","- ",,,MERCED,MERCED,-120.50492858886719,37.319091796875
9587794,2023,2023-06-09,2406,2023-04-30,1613,183,2,7,5,5,2406,0,0,0,,0,020,"E GERARD AV","BRIMMER RD",315.00,E,N,A,-,N,,,,,,,,,,Y,2,0,1,2,A,-,08,22107,,N,D,C,A,A,H,-,A,D,0,,,Y,,Y,,A,01,1,0,0,0,0,0,0,0,1,"- ","- ",,,MERCED,MERCED,-120.44305419921875,37.280529022216797
9588469,2023,2023-06-29,2401,2023-04-19,1305,719,2,3,5,3,2401,0,0,0,,0,002,"BELLEVUE RD","SHAFFER RD",0.00,,Y,A,-,N,,,,,,,,,,N,2,0,1,2,A,-,11,21950,B,N,G,B,B,A,H,-,A,A,0,Y,,,,Y,,D,82,1,0,0,0,1,0,0,0,0,"- ","- ",37.360980987548828,-120.59548187255859,MERCED,ATWATER,-120.59580993652344,37.360458374023438
9599850,2023,2023-08-09,2406,2023-07-02,"21  ",283,2,7,5,5,2406,0,0,0,,0,021,"WEST 16TH ST","V ST",85.00,E,N,A,-,N,,,,,,,,,,N,2,0,1,2,A,-,11,21955,,F,G,B,D,A,H,-,C,D,0,Y,,,,Y,,N,60,1,0,0,0,1,0,0,0,0,"- ","- ",,,MERCED,MERCED,-120.49874114990234,37.305835723876953
9602533,2023,2023-08-15,2406,2023-07-24,1546,183,2,1,5,5,2406,0,0,0,,0,020,"EAST 27TH ST","4TH AV",0.00,,Y,A,-,N,,,,,,,,,,Y,2,0,1,2,A,-,09,21803,A,F,D,C,A,A,H,-,A,A,0,,,,,Y,,D,22,1,0,0,0,0,0,0,0,0,"- ","- ",,,MERCED,MERCED,-120.46726989746094,37.307521820068359
9606605,2023,2023-08-23,2405,2023-01-23,1801,PD133,3,1,5,3,2405,0,0,0,,0,0B3,"RT 152","BADGER FLAT RD",937.00,W,N,A,-,Y,MER,10,152,-,-,18.710,H,-,E,N,2,0,2,4,A,-,03,22350,,N,C,C,A,A,H,-,B,A,0,,,,,Y,,D,73,1,1,0,0,0,0,0,0,0,"- ","- ",37.056400299072266,-120.88027954101562,MERCED,"LOS BANOS",-120.88147735595703,37.056747436523438
9606667,2023,2023-10-05,2406,2023-07-24,"604 ",322,NORTH,1,5,5,2406,0,0,0,,0,110,"G ST","BELLEVUE RD",0.00,,Y,A,-,N,,,,,,,,,,Y,2,0,1,2,A,-,12,21453,A,N,D,C,A,A,H,-,A,A,0,,,Y,,Y,,C,02,1,0,0,0,0,0,0,0,1,"- ","- ",,,MERCED,MERCED,-120.46868133544922,37.361095428466797
9614155,2023,2023-10-20,2406,2023-09-11,1753,183,2,1,5,5,2406,0,0,0,,0,020,"CANAL ST","W 26TH",0.00,,Y,A,-,N,,,,,,,,,,Y,2,0,1,2,A,-,09,21802,A,N,D,C,A,A,H,-,A,A,0,,,,,Y,,D,22,1,0,0,0,0,0,0,0,0,"- ","- ",,,MERCED,MERCED,-120.4781494140625,37.310428619384766
9617196,2023,2023-11-07,2405,2023-04-27,1257,PD126,2,4,5,3,2405,0,0,0,,0,0B2,"RT 152","H ST",73.00,E,N,A,-,Y,MER,10,152,-,-,21.110,H,-,E,Y,2,0,1,2,A,-,03,22350,,N,C,C,A,A,H,-,A,A,0,,,,,Y,,A,07,1,0,0,0,0,0,0,0,0,"- ","- ",37.056911468505859,-120.83892059326172,MERCED,"LOS BANOS",-120.83843231201172,37.056869506835938
9618477,2023,2024-03-09,2405,2023-09-02,"216 ",PD55,1,6,5,3,2405,0,0,0,,0,0B1,"COLORADO AV","W H ST",251.00,S,N,A,-,N,,,,,,,,,,N,2,0,1,4,A,-,01,23153,B,M,C,E,A,A,H,-,C,D,0,,,,,Y,Y,A,07,1,0,0,0,0,0,0,0,0,"- ","- ",37.070430755615234,-120.86544036865234,MERCED,"LOS BANOS",-120.86553955078125,37.069709777832031
9625202,2023,2023-10-04,2406,2023-09-17,2016,277,3,7,5,5,2406,0,0,0,,0,030,"EAST CHILDS AV","TYLER RD",0.00,,Y,A,-,N,,,,,,,,,,Y,2,0,1,2,A,-,09,21801,A,N,A,C,A,A,H,-,C,D,0,,,,,Y,,A,01,1,0,0,0,0,0,0,0,0,"- ","- ",,,MERCED,MERCED,-120.46980285644531,37.287971496582031
9626602,2023,2023-12-02,2406,2023-10-07,2148,315,NORTH,6,5,5,2406,0,0,0,,0,011,"WEST YOSEMITE AV","GUADALUPE AV",0.00,,Y,A,-,N,,,,,,,,,,Y,2,0,1,3,A,-,08,22107,,F,B,C,A,A,H,-,C,D,0,,,,,Y,,A,01,1,0,0,0,0,0,0,0,0,"- ","- ",,,MERCED,MERCED,-120.48055267333984,37.332126617431641