CASE_ID,ACCIDENT_YEAR,PROC_DATE,JURIS,COLLISION_DATE,COLLISION_TIME,OFFICER_ID,REPORTING_DISTRICT,DAY_OF_WEEK,CHP_SHIFT,POPULATION,CNTY_CITY_LOC,SPECIAL_COND,BEAT_TYPE,CHP_BEAT_TYPE,CITY_DIVISION_LAPD,CHP_BEAT_CLASS,BEAT_NUMBER,PRIMARY_RD,SECONDARY_RD,DISTANCE,DIRECTION,INTERSECTION,WEATHER_1,WEATHER_2,STATE_HWY_IND,CALTRANS_COUNTY,CALTRANS_DISTRICT,STATE_ROUTE,ROUTE_SUFFIX,POSTMILE_PREFIX,POSTMILE,LOCATION_TYPE,RAMP_INTERSECTION,SIDE_OF_HWY,TOW_AWAY,COLLISION_SEVERITY,NUMBER_KILLED,NUMBER_INJURED,PARTY_COUNT,PRIMARY_COLL_FACTOR,PCF_CODE_OF_VIOL,PCF_VIOL_CATEGORY,PCF_VIOLATION,PCF_VIOL_SUBSECTION,HIT_AND_RUN,TYPE_OF_COLLISION,MVIW,PED_ACTION,ROAD_SURFACE,ROAD_COND_1,ROAD_COND_2,LIGHTING,CONTROL_DEVICE,CHP_ROAD_TYPE,PEDESTRIAN_ACCIDENT,BICYCLE_ACCIDENT,MOTORCYCLE_ACCIDENT,TRUCK_ACCIDENT,NOT_PRIVATE_PROPERTY,ALCOHOL_INVOLVED,STWD_VEHTYPE_AT_FAULT,CHP_VEHTYPE_AT_FAULT,COUNT_SEVERE_INJ,COUNT_VISIBLE_INJ,COUNT_COMPLAINT_PAIN,COUNT_PED_KILLED,COUNT_PED_INJURED,COUNT_BICYCLIST_KILLED,COUNT_BICYCLIST_INJURED,COUNT_MC_KILLED,COUNT_MC_INJURED,PRIMARY_RAMP,SECONDARY_RAMP,LATITUDE,LONGITUDE,COUNTY,CITY,POINT_X,POINT_Y
9627572,2023,2023-10-06,2406,2023-09-20,2039,252,3,3,5,5,2406,0,0,0,,0,030,"E GERARD AV","SOUTH G ST",0.00,,Y,A,-,N,,,,,,,,,,Y,2,0,5,3,A,-,01,23152,A,N,D,C,A,A,H,-,C,A,0,,,,,Y,Y,A,07,1,2,2,0,0,0,0,0,0,"- ","- ",,,MERCED,MERCED,-120.48211669921875,37.280872344970703
9640392,2024,2024-04-17,2406,2024-01-12,2200,333,3,5,5,5,2406,0,0,0,,0,3-30,"W CHILD'S AV","G ST",370.00,W,N,A,-,N,,,,,,,,,,N,1,1,0,2,A,-,08,22107,,F,C,G,A,A,H,-,C,D,0,,Y,,,Y,Y,L,04,0,0,0,0,0,1,0,0,0,"- ","- ",,,MERCED,MERCED,-120.48316955566406,37.288204193115234
9655472,2024,2024-03-01,2406,2024-01-09,2327,222,3,2,5,5,2406,0,0,0,,0,030,"16TH ST","YOSEMITE PKWY",45.00,W,N,A,-,N,,,,,,,,,,Y,2,0,3,3,A,-,01,23152,A,N,C,C,A,A,D,-,C,D,0,,,,Y,Y,Y,D,22,2,1,0,0,0,0,0,0,0,"- ","- ",,,MERCED,MERCED,-120.46843719482422,37.294521331787109
9655773,2024,2024-03-01,2406,2024-01-04,1329,309,NORTH,4,5,5,2406,0,0,0,,0,011,"N HWY 59","WEST OLIVE AV",260.00,N,N,A,-,Y,MER,10,59,-,-,16.170,H,-,S,Y,2,0,1,2,A,-,08,22101,D,N,D,C,A,A,H,-,A,A,0,,,,,Y,,A,01,1,0,0,0,0,0,0,0,0,"- ","- ",,,MERCED,MERCED,-120.50489807128906,37.319984436035156
9667038,2024,2024-05-16,2406,2024-02-04,1734,259,2,7,5,5,2406,0,0,0,,0,020,"M ST","26TH STREET",0.00,,Y,B,C,N,,,,,,,,,,Y,2,0,3,2,A,-,09,21802,A,N,D,C,A,B,H,-,B,A,0,,,,,Y,,D,22,1,0,2,0,0,0,0,0,0,"- ","- ",,,MERCED,MERCED,-120.47969055175781,37.310958862304688
9669303,2024,2024-05-21,2406,2024-03-18,"728 ",335,3,1,5,5,2406,0,0,0,,0,031,"TARYN CT","SOUTH N ST",328.00,W,N,A,-,N,,,,,,,,,,N,2,0,1,2,A,-,03,22350,,N,G,B,E,A,H,-,A,D,0,Y,,,,Y,,D,22,1,0,0,0,1,0,0,0,0,"- ","- ",,,MERCED,MERCED,-120.49597930908203,37.284187316894531
9672027,2023,2024-03-05,2405,2023-10-23,1559,PD126,1,1,5,3,2405,0,0,0,,0,0B1,"7TH ST","B ST",9.00,N,N,A,-,N,,,,,,,,,,N,2,0,1,2,A,-,10,21950,A,N,G,B,B,A,H,-,A,A,0,Y,,,,Y,,D,22,1,0,0,0,1,0,0,0,0,"- ","- ",,,MERCED,"LOS BANOS",-120.84180450439453,37.066909790039062
9674152,2024,2024-04-30,2401,2024-02-28,"418 ",743,2,3,5,3,2401,0,0,0,,0,002,"BUHACH RD","LINE GARDEN DR",648.00,S,N,A,-,N,,,,,,,,,,N,2,0,1,2,A,-,11,21954,A,N,G,B,D,A,H,-,C,D,0,Y,,,,Y,,N,60,1,0,0,0,1,0,0,0,0,"- ","- ",37.314399719238281,-120.57763671875,MERCED,ATWATER,-120.57666015625,37.353839874267578
9682765,2023,2024-06-11,2404,2023-12-07,"646 ",X48,,4,5,3,2404,0,0,0,,0,,"F ST","6TH ST",9.00,E,N,A,-,N,,,,,,,,,,N,2,0,1,2,A,-,10,21950,A,N,G,B,D,A,H,-,A,D,0,Y,,,,Y,,A,01,1,0,0,0,1,0,0,0,0,"- ","- ",37.382240295410156,-120.71997833251953,MERCED,LIVINGSTON,-120.719970703125,37.382221221923828
9687105,2023,2024-07-31,2403,2023-10-14,2104,Z15,,6,5,2,2403,0,0,0,,0,,"4TH ST","3RD AV",0.00,,Y,A,-,N,,,,,,,,,,N,1,1,0,3,A,-,10,21950,A,N,G,B,B,A,H,-,D,D,0,Y,,,,Y,,D,22,0,0,0,1,0,0,0,0,0,"- ","- ",37.257579803466797,-120.998779296875,MERCED,GUSTINE,-120.99880981445312,37.257568359375
9691637,2024,2024-05-14,2401,2024-03-21,1547,722,4,4,5,3,2401,0,0,0,,0,004,"ELM AV","WINTON WY",0.00,,Y,A,-,N,,,,,,,,,,Y,2,0,1,2,A,-,09,21802,B,N,H,G,A,A,H,-,A,D,0,,Y,,,Y,,A,01,1,0,0,0,0,0,1,0,0,"- ","- ",,,MERCED,ATWATER,-120.61368560791016,37.351367950439453
9697576,2024,2024-06-14,2406,2024-04-26,1742,333,2,5,5,5,2406,0,0,0,,0,020,"16TH ST","N ST",10.00,E,N,A,-,N,,,,,,,,,,Y,2,0,1,2,A,-,04,21703,,N,C,C,A,A,H,-,A,D,0,,,Y,,Y,,C,02,1,0,0,0,0,0,0,0,1,"- ","- ",,,MERCED,MERCED,-120.48693084716797,37.301528930664062
9698729,2024,2024-06-04,2406,2024-04-13,"309 ",335,2,6,5,5,2406,0,0,0,,0,020,"G ST","EAST 26TH ST",0.00,,Y,A,-,N,,,,,,,,,,Y,2,0,1,1,A,-,08,22107,,N,E,I,A,A,H,-,C,A,0,,,,,Y,,A,01,1,0,0,0,0,0,0,0,0,"- ","- ",,,MERCED,MERCED,-120.47062683105469,37.307628631591797
9699665,2024,2024-06-06,2406,2024-04-20,"952 ",268,1,6,5,5,2406,0,0,0,,0,010,"R ST","BUENA VISTA DR",0.00,,Y,A,-,N,,,,,,,,,,Y,2,0,3,2,A,-,17,21451,A,N,D,C,A,A,H,-,A,A,0,,,,,Y,,A,01,1,1,1,0,0,0,0,0,0,"- ","- ",,,MERCED,MERCED,-120.48683929443359,37.326366424560547
9703642,2024,2024-07-11,2406,2024-05-03,2000,328,1,5,5,5,2406,0,0,0,,0,011,"WEST OLIVE AV","AUSTIN AV",0.00,,Y,A,-,N,,,,,,,,,,Y,2,0,1,2,A,-,09,21453,C,N,D,C,A,A,H,-,A,A,0,,,Y,,Y,,A,01,1,0,0,0,0,0,0,0,1,"- ","- ",,,MERCED,MERCED,-120.49498748779297,37.319229125976562
9706846,2024,2024-07-05,2406,2024-05-08,2353,321,1,3,5,5,2406,0,0,0,,0,010,"M ST","W DONNA DR",0.00,,Y,A,-,N,,,,,,,,,,Y,2,0,3,2,A,-,09,21804,A,N,D,C,A,A,H,-,C,A,0,,,,,Y,,A,01,1,1,1,0,0,0,0,0,0,"- ","- ",,,MERCED,MERCED,-120.47846984863281,37.329715728759766
9714831,2023,2024-08-22,2405,2023-12-30,2237,PD63,3,6,5,3,2405,0,0,0,,0,0B3,"MERCEY SPRINGS RD","SCRIPPS DR",14.00,N,N,A,-,Y,MER,10,165,-,-,8.260,H,-,N,N,2,0,1,2,A,-,06,21755,,F,G,B,F,B,H,-,D,D,0,Y,,,,Y,,-,99,1,0,0,0,1,0,0,0,0,"- ","- ",37.049308776855469,-120.83548736572266,MERCED,"LOS BANOS",-120.83551788330078,37.049468994140625
9714863,2023,2024-07-19,2405,2023-12-01,"8   ",PD58,3,5,5,3,2405,0,0,0,,0,0B3,"CRESCENT DR","BLUFF ST",97.00,N,N,A,-,N,,,,,,,,,,N,2,0,1,1,A,-,08,22107,,N,E,I,A,A,H,-,C,D,0,,,,,Y,,M,94,1,0,0,0,0,0,0,0,0,"- ","- ",37.049900054931641,-120.85063171386719,MERCED,"LOS BANOS",-120.85064697265625,37.050167083740234
9719985,2024,2024-08-07,2406,2024-06-28,2155,338,SOUTH,5,5,5,2406,0,0,0,,0,030,"EAST CHILDS AV","G ST",31.00,E,N,A,-,N,,,,,,,,,,N,2,0,1,2,D,-,00,,,N,G,B,D,A,H,-,C,A,0,Y,,,,Y,,-,"- ",1,0,0,0,1,0,0,0,0,"- ","- ",,,MERCED,MERCED,-120.48179626464844,37.288166046142578
9719989,2024,2024-08-07,2406,2024-06-19,1847,321,1,3,5,5,2406,0,0,0,,0,010,"M ST","W DONNA DR",0.00,,Y,A,-,N,,,,,,,,,,Y,2,0,3,2,A,-,09,21804,A,N,D,C,A,A,H,-,A,A,0,,,,,Y,,A,01,1,1,1,0,0,0,0,0,0,"- ","- ",,,MERCED,MERCED,-120.47846984863281,37.329715728759766
9725133,2024,2024-08-22,2406,2024-07-07,"214 ",321,1,7,5,5,2406,0,0,0,,0,010,"M ST","W NORTH BEAR CREEK DR",100.00,S,N,A,-,N,,,,,,,,,,Y,2,0,1,1,A,-,01,23152,A,N,E,I,A,A,H,-,C,D,0,,,,,Y,Y,A,01,1,0,0,0,0,0,0,0,0,"- ","- ",,,MERCED,MERCED,-120.47869873046875,37.313175201416016
9727994,2024,2024-09-05,2406,2024-08-10,2244,335,3,6,5,5,2406,0,0,0,,0,031,"R ST","WEST 11TH ST",15.00,N,N,A,-,N,,,,,,,,,,N,2,0,1,2,A,-,03,22350,,N,G,B,D,A,H,-,C,D,0,Y,,Y,,Y,,C,02,1,0,0,0,1,0,0,0,0,"- ","- ",,,MERCED,MERCED,-120.49602508544922,37.298477172851562
9730422,2024,2024-10-21,2406,2024-08-29,"640 ",290,1,4,5,5,2406,0,0,0,,0,011,"N HWY 59","BUENA VISTA DR",375.00,S,N,A,-,Y,MER,10,59,-,-,16.550,H,-,S,Y,2,0,1,2,A,-,03,22350,,N,D,C,A,A,H,-,A,A,0,,,Y,Y,Y,,C,02,1,0,0,0,0,0,0,0,1,"- ","- ",,,MERCED,MERCED,-120.50474548339844,37.325382232666016
9730618,2024,2024-09-19,2406,2024-08-23,"817 ",290,1,5,5,5,2406,0,0,0,,0,010,"G ST","PARK AV",0.00,,Y,A,-,N,,,,,,,,,,Y,2,0,2,2,A,-,09,21804,,N,D,C,A,A,H,-,A,A,0,,,,,Y,,A,07,1,1,0,0,0,0,0,0,0,"- ","- ",,,MERCED,MERCED,-120.46952056884766,37.311859130859375
9735582,2024,2024-10-31,2401,2024-09-20,1620,747,4,5,5,3,2401,0,0,0,,0,004,"WINTON WY","ATWATER BL",58.00,S,N,A,-,N,,,,,,,,,,Y,2,0,2,2,A,-,09,21800,B,N,D,C,A,A,H,-,A,A,0,,,,,Y,,A,01,2,0,0,0,0,0,0,0,0,"- ","- ",37.346988677978516,-120.61199188232422,MERCED,ATWATER,-120.61197662353516,37.346950531005859
9735584,2024,2024-10-31,2401,2024-09-11,2038,738,1,3,5,3,2401,0,0,0,,0,001,"FRUITLAND AV","VIRGINIA ST",160.00,E,N,A,-,N,,,,,,,,,,Y,2,0,1,3,A,-,09,21801,A,N,D,C,A,A,H,-,C,D,0,,,Y,,Y,,A,01,1,0,0,0,0,0,0,0,1,"- ","- ",37.36383056640625,-120.61920166015625,MERCED,ATWATER,-120.61885833740234,37.364109039306641
9738973,2024,2024-11-08,2406,2024-09-16,1505,129,SOUTH,1,5,5,2406,0,0,0,,0,030,"RT 59","13TH ST",78.00,N,N,A,-,Y,MER,10,59,-,-,14.750,I,5,N,Y,2,0,2,2,A,-,08,22107,,N,D,C,A,A,H,-,A,D,0,,,,,Y,,A,01,1,0,1,0,0,0,0,0,0,"- ","- ",,,MERCED,MERCED,-120.48265838623047,37.296234130859375
9742292,2024,2024-10-18,2406,2024-09-24,1524,345,NORTH,2,5,5,2406,0,0,0,,0,011,"M ST","LOUGHBOROUGH DR",0.00,,Y,A,-,N,,,,,,,,,,Y,2,0,1,2,A,-,09,21801,A,N,D,C,A,A,H,-,A,A,0,,,Y,,Y,,A,01,1,0,0,0,0,0,0,0,1,"- ","- ",,,MERCED,MERCED,-120.4783935546875,37.322704315185547
9742644,2024,2024-11-15,2401,2024-08-28,2145,744,1,3,5,3,2401,0,0,0,,0,001,"SUNCREST DR","CANAL DR",0.00,,Y,A,-,N,,,,,,,,,,N,2,0,2,2,A,-,01,23152,A,N,C,E,A,A,H,-,C,D,0,,,Y,,Y,Y,C,06,1,1,0,0,0,0,0,0,2,"- ","- ",37.357959747314453,-120.61826324462891,MERCED,ATWATER,-120.61994171142578,37.357109069824219
9748346,2024,2025-02-07,2401,2024-12-27,2001,744,1,5,5,3,2401,0,0,0,,0,001,"BELLEVUE RD","7TH ST",473.00,W,N,A,-,N,,,,,,,,,,N,2,0,1,2,A,-,11,21954,A,M,G,B,E,A,H,-,C,D,0,Y,,,,Y,,N,60,1,0,0,0,1,0,0,0,0,"- ","- ",37.360748291015625,-120.3607177734375,MERCED,ATWATER,-120.61255645751953,37.360424041748047
9749651,2024,2024-11-21,2405,2024-04-17,"551 ",PD58,2,3,5,3,2405,0,0,0,,0,0B2,"MERCEY SPRINGS RD","SAN LUIS ST",0.00,,Y,A,-,Y,MER,10,165,-,-,9.152,I,5,N,N,2,0,1,2,A,-,09,21802,A,N,D,C,A,A,H,-,B,A,0,,,,,Y,,-,,1,0,0,0,0,0,0,0,0,"- ","- ",37.066818237304688,-120.83518981933594,MERCED,"LOS BANOS",-120.83528137207031,37.061805725097656
9749684,2024,2024-10-30,2406,2024-09-07,2019,328,2,6,5,5,2406,0,0,0,,0,020,"WEST MAIN ST","I ST",165.00,W,N,A,-,N,,,,,,,,,,N,2,0,2,2,A,-,11,21950,B,N,G,B,D,A,H,-,C,D,0,Y,,Y,,Y,,N,60,1,1,0,0,1,0,0,0,1,"- ","- ",,,MERCED,MERCED,-120.47940063476562,37.299934387207031
9750366,2024,2024-11-12,2401,2024-08-24,"103 ",723,1,6,5,3,2401,0,0,0,,0,001,"SHAFFER RD","JUNIPER AV",352.00,S,N,A,-,N,,,,,,,,,,Y,2,0,1,1,A,-,08,22107,,N,E,I,A,A,H,-,C,D,0,,,,,Y,,A,01,1,0,0,0,0,0,0,0,0,"- ","- ",37.347328186035156,-120.59555816650391,MERCED,ATWATER,-120.59591674804688,37.348861694335938
9751416,2023,2024-12-10,2401,2023-12-27,1602,,,3,5,3,2401,0,0,0,,0,,"NORTH WINTON WY","HEIGHTS AV",10.00,N,N,A,-,N,,,,,,,,,,Y,1,1,1,4,A,-,03,22350,,N,C,C,A,A,H,-,A,D,0,,,,,Y,,A,01,0,1,0,0,0,0,0,0,0,"- ","- ",,,MERCED,ATWATER,-120.61379241943359,37.354518890380859
9751444,2024,2025-03-06,2406,2024-05-15,2218,309,SOUTH,3,5,5,2406,0,0,0,,0,031,"W RT 140","X ST",389.00,E,N,A,-,Y,MER,10,140,-,-,35.620,H,-,W,Y,1,1,1,2,A,-,09,21804,A,N,D,C,A,A,H,-,C,A,0,,,Y,,Y,,A,01,0,0,1,0,0,0,0,1,0,"- ","- ",,,MERCED,MERCED,-120.50315093994141,37.302810668945312
9754937,2024,2024-12-06,2406,2024-11-01,1506,344,01,5,5,5,2406,0,0,0,,0,010,"E YOSEMITE AVE","PARSONS AVE",0.00,,Y,A,-,N,,,,,,,,,,N,2,0,1,2,A,-,09,21800,C,N,D,C,A,A,H,-,A,A,0,,,Y,,Y,,A,07,1,0,0,0,0,0,0,0,1,"- ","- ",,,MERCED,MERCED,-120.45095825195312,37.332145690917969
9755272,2024,2024-12-09,2405,2024-04-02,1208,PD65,1,2,5,3,2405,0,0,0,,0,0B1,"W 1ST ST","W K ST",0.00,,Y,A,-,N,,,,,,,,,,N,2,0,1,2,A,-,05,21650,,N,H,G,A,A,H,-,A,D,0,,Y,,,Y,,L,04,1,0,0,0,0,0,1,0,0,"- ","- ",37.060890197753906,-120.86331176757812,MERCED,"LOS BANOS",,
9764250,2024,2025-01-27,2406,2024-11-28,2310,156,1,4,5,5,2406,0,0,0,,0,010,"M ST","OLIVE ST",0.00,W,N,A,-,N,,,,,,,,,,Y,2,0,3,3,A,-,01,23152,A,N,D,C,A,A,H,-,C,A,0,,,,,Y,Y,D,22,1,0,2,0,0,0,0,0,0,"- ","- ",,,MERCED,MERCED,-120.47844696044922,37.319221496582031
9766482,2025,2025-03-04,2406,2025-02-17,1535,347,1,1,5,5,2406,0,0,0,,0,010,"G ST","OLIVE AV",300.00,S,N,A,-,N,,,,,,,,,,N,2,0,1,2,A,-,05,21650,1,N,H,G,A,A,H,-,A,A,0,,Y,,,Y,,-,,1,0,0,0,0,0,1,0,0,"- ","- ",,,MERCED,MERCED,-120.46943664550781,37.317714691162109
9772098,2024,2025-01-27,2406,2024-12-03,1821,255,3,2,5,5,2406,0,0,0,,0,030,"MARTIN LUTHER KING JR WY","WEST 12TH ST",82.00,S,N,A,-,N,,,,,,,,,,N,2,0,1,2,A,-,11,21954,A,N,G,B,D,A,H,-,C,D,0,Y,,,,Y,,N,60,1,0,0,0,1,0,0,0,0,"- ","- ",,,MERCED,MERCED,-120.48350524902344,37.294826507568359
9772101,2024,2025-02-05,2406,2024-12-07,"121 ",156,3,6,5,5,2406,0,0,0,,0,030,"MARTIN LUTHER KING JR WY","MARTIN LUTHER KING JR WY 1200",150.00,E,N,A,-,N,,,,,,,,,,N,2,0,1,2,A,-,08,22107,,F,G,B,F,A,H,-,C,B,0,Y,,,,Y,,A,01,1,0,0,0,1,0,0,0,0,"- ","- ",,,MERCED,MERCED,-120.48210144042969,37.297145843505859
9779046,2024,2025-02-03,2404,2024-11-16,2006,X48,,6,5,3,2404,0,0,0,,0,,"6TH ST","F ST",0.00,,Y,A,-,N,,,,,,,,,,Y,2,0,3,1,A,-,01,23152,A,N,E,I,A,A,H,-,C,A,0,,,,,Y,Y,A,01,2,1,0,0,0,0,0,0,0,"- ","- ",37.382240295410156,-120.71997833251953,MERCED,LIVINGSTON,-120.72000122070312,37.382221221923828
9786016,2024,2025-03-03,2406,2024-06-01,1723,309,SOUTH,6,5,5,2406,0,0,0,,0,031,"Q ST",D,0.00,,Y,A,-,N,,,,,,,,,,Y,1,1,0,1,A,-,01,23152,A,N,E,I,A,A,H,-,A,D,0,,,,,Y,Y,A,01,0,0,0,0,0,0,0,0,0,"- ","- ",,,MERCED,MERCED,,
9786176,2024,2025-05-03,2406,2024-12-13,2058,268,2,5,5,5,2406,0,0,0,,0,020,"GLEN AV","EAST 23RD ST",5.00,S,N,B,-,N,,,,,,,,,,Y,1,1,0,2,A,-,12,22450,A,N,D,G,A,A,H,-,C,A,0,,Y,,,Y,,L,04,0,0,0,0,0,1,0,0,0,"- ","- ",,,MERCED,MERCED,-120.46286773681641,37.301116943359375
9786242,2024,2025-05-03,2401,2024-12-08,2133,746,4,7,5,3,2401,0,0,0,,0,004,"2500 BLK ATWATER BL","ATWATER BL",0.00,,Y,E,-,N,,,,,,,,,,N,1,1,0,1,A,-,07,21658,,N,E,I,A,B,H,-,D,A,0,,,,,Y,,A,01,0,0,0,0,0,0,0,0,0,"- ","- ",37.352340698242188,-120.62712097167969,MERCED,ATWATER,,
9792674,2025,2025-04-03,2406,2025-03-04,"728 ",351,1,2,5,5,2406,0,0,0,,0,011,"R ST","BUENA VISTA",0.00,,Y,B,-,N,,,,,,,,,,Y,2,0,3,2,A,-,09,21801,A,N,A,C,A,A,H,-,A,A,0,,,,,Y,,A,01,1,1,1,0,0,0,0,0,0,"- ","- ",,,MERCED,MERCED,-120.48683929443359,37.326366424560547
9816983,2024,2025-06-27,2403,2024-12-30,1606,Z26,,1,5,2,2403,0,0,0,,0,,"SULLIVAN RD","RT 33",0.00,,Y,A,-,Y,MER,10,140,-,-,4.360,H,-,E,Y,2,0,4,2,A,-,12,22450,A,N,A,C,A,A,H,-,A,A,0,,,,,Y,,A,01,1,2,1,0,0,0,0,0,0,"- ","- ",37.245819091796875,-121.01284027099609,MERCED,GUSTINE,-121.01283264160156,37.245922088623047
9817073,2025,2025-06-19,2406,2025-05-05,1718,333,2,1,5,5,2406,0,0,0,,0,020,"YOSEMITE PKWY","16TH ST",250.00,N,N,A,-,Y,MER,10,140,-,-,35.810,H,-,E,N,2,0,1,2,A,-,08,22107,,F,G,B,E,A,H,-,A,D,0,Y,,,,Y,,A,07,1,0,0,0,1,0,0,0,0,"- ","- ",,,MERCED,MERCED,-120.46772003173828,37.29510498046875
9819303,2025,2025-07-30,2406,2025-06-13,1230,337,SOUTH,5,5,5,2406,0,0,0,,0,031,"V ST","WEST 16TH ST",0.00,,Y,A,-,N,,,,,,,,,,N,2,0,1,2,A,-,12,21453,A,F,D,B,A,A,H,-,A,A,0,,Y,,,Y,Y,L,04,1,0,0,0,0,0,1,0,0,"- ","- ",,,MERCED,MERCED,-120.49900817871094,37.305927276611328
9830156,2025,2025-07-23,2406,2025-06-16,"824 ",360,2,1,5,5,2406,0,0,0,,0,020,"RT 140","SANTA FE AV",225.00,W,N,A,-,Y,MER,10,140,-,-,37.360,H,-,W,Y,2,0,1,2,A,-,03,22350,,N,C,C,A,A,H,-,A,A,0,,,Y,,Y,,C,02,1,0,0,0,0,0,0,0,1,"- ","- ",,,MERCED,MERCED,-120.43973541259766,37.295120239257812
9850247,2024,2025-01-02,2406,2024-11-10,"132 ",345,SOUTH,7,5,5,2406,0,0,0,,0,031,"R ST","11TH ST",0.00,,Y,A,-,N,,,,,,,,,,Y,2,0,1,2,A,-,09,21804,A,F,A,C,A,A,H,-,C,D,0,,,,,Y,,D,22,1,0,0,0,0,0,0,0,0,"- ","- ",,,MERCED,MERCED,-120.49604797363281,37.298439025878906
6290066,2014,2014-03-05,2406,2014-01-28,1442,M24,1,2,5,5,2406,0,0,0,,0,010,"G ST","ALEXANDER AV",0.00,,Y,A,-,N,,,,,,,,,,Y,1,1,0,2,A,-,11,21456,A,N,G,B,B,A,H,-,A,A,0,Y,,,,Y,,N,60,0,0,0,1,0,0,0,0,0,"- ","- ",,,MERCED,MERCED,-120.46945988,37.315260010000003
6290294,2014,2014-04-30,9460,2014-01-25,0020,19106,,6,3,9,2400,0,1,3,,1,591,"RT 59","CANTON RD",986.00,S,N,A,-,Y,MER,10,59,-,-,7.860,H,-,S,Y,1,1,2,2,A,-,05,21650,,N,A,C,A,A,H,-,D,D,0,,,,,Y,,A,01,0,1,1,0,0,0,0,0,0,"- ","- ",37.197699999999998,-120.48824,MERCED,UNINCORPORATED,-120.48818079,37.197376349999999
6291180,2014,2014-08-25,9461,2014-06-18,1030,14205,,3,1,9,2400,0,1,1,,2,206,"RT 5","RT 165",8586.00,S,N,A,-,Y,MER,10,5,-,-,4.650,H,-,N,Y,1,1,0,1,A,-,08,22107,,N,E,I,A,A,H,-,A,D,1,,,,,Y,,D,22,0,0,0,0,0,0,0,0,0,"- ","- ",36.911610000000003,-120.82001,MERCED,UNINCORPORATED,-120.82115588000001,36.91272738
6291343,2014,2015-12-30,9461,2014-07-20,0415,18910,,7,3,9,2400,0,1,3,,1,152,"RT 152","DINOSAUR POINT RD",6336.00,E,N,A,-,Y,MER,10,152,-,R,0.920,H,-,E,Y,1,1,0,1,A,-,08,22107,,N,E,I,A,A,H,-,D,D,5,,,Y,,Y,,C,02,0,0,0,0,0,0,0,1,0,"- ","- ",37.07723,-121.205,MERCED,UNINCORPORATED,-121.20346969000001,37.077205999999997
6291364,2014,2016-01-13,9461,2014-08-18,2220,19724,,1,3,9,2400,0,1,3,,1,452,"RT 152","PALM AV",0.00,,Y,A,-,Y,MER,10,152,-,R,33.387,I,5,E,Y,1,1,2,2,A,-,01,23152,E,N,D,C,A,A,H,-,D,A,5,,,,Y,Y,,A,01,0,1,1,0,0,0,0,0,0,"- ","- ",37.047510000000003,-120.61734,MERCED,UNINCORPORATED,-120.61748489,37.047460090000001
6291433,2014,2016-01-14,9461,2014-08-15,1129,012447,,5,1,9,2400,0,1,3,,1,452,"RT 152","RT 33",3168.00,E,N,A,-,Y,MER,10,152,-,R,32.970,H,-,E,Y,1,1,0,1,A,-,08,22107,,N,E,I,A,A,H,-,A,D,5,,,,,Y,,A,01,0,0,0,0,0,0,0,0,0,"- ","- ",37.048909999999999,-120.62703999999999,MERCED,UNINCORPORATED,-120.62490121,37.048225010000003
6292095,2014,2015-04-14,2406,2014-12-19,2121,M24,2,5,5,5,2406,0,0,0,,0,020,"S PARSONS AV","WESTFALL AV",95.00,N,N,B,C,N,,,,,,,,,,N,1,1,0,2,A,-,11,21956,A,N,G,B,E,B,H,-,C,D,0,Y,,,,Y,Y,N,60,0,0,0,1,0,0,0,0,0,"- ","- ",,,MERCED,MERCED,-120.4516399,37.286830719999998
6292418,2015,2017-04-06,9460,2015-05-07,0110,19378,,4,3,9,2400,0,1,3,,2,002,"RT 99","BRADBURY RD",800.00,N,N,A,-,Y,MER,10,99,-,R,35.700,H,-,N,Y,1,1,2,1,A,-,01,23152,A,N,F,A,A,A,H,-,D,D,1,,,,,Y,Y,A,01,1,1,0,0,0,0,0,0,0,"- ","- ",37.45176,-120.79951,MERCED,UNINCORPORATED,-120.79876441,37.450598249999999
6292440,2015,2015-08-05,9461,2015-06-20,1332,17911,,6,1,9,2400,0,1,3,,1,452,"RT 152","ISLAND RD",0.00,,Y,A,-,Y,MER,10,152,-,R,36.922,I,5,E,Y,1,3,5,1,A,-,08,22107,,N,F,A,A,A,H,-,A,D,5,,,,,Y,,M,58,1,1,3,0,0,0,0,0,0,"- ","- ",37.053829999999998,-120.55410000000001,MERCED,UNINCORPORATED,-120.55374990999999,37.0539494
6292657,2015,2015-09-15,9461,2015-08-09,0810,14933,,7,1,9,2400,0,2,4,,1,115,"HENRY MILLER RD","CHEROKEE  CANAL",3696.00,E,N,A,-,N,,,,,,,,,,Y,1,1,1,1,A,-,08,22107,,N,E,I,A,A,H,-,A,D,0,,,,,Y,,A,01,1,0,0,0,0,0,0,0,0,"- ","- ",37.100389999999997,-120.96512,MERCED,UNINCORPORATED,-120.96459299999999,37.100340000000003
6362253,2014,2016-03-05,9461,2014-01-21,1305,014205,,2,1,9,2400,0,1,3,,1,465,"RT 165","WOLFSEN RD",6813.00,N,N,A,-,Y,MER,10,165,-,-,19.030,H,-,S,Y,2,0,1,2,A,-,05,21650,,N,A,C,A,A,H,-,A,D,0,,,,Y,Y,,A,01,1,0,0,0,0,0,0,0,0,"- ","- ",,,MERCED,UNINCORPORATED,-120.84326013,37.200920269999997
6387116,2014,2016-03-05,9461,2014-02-12,0725,12447,,3,1,9,2400,0,2,4,,1,415,"HENRY MILLER RD","RT 165",0.00,,Y,E,-,Y,MER,10,165,-,-,11.733,I,5,N,Y,2,0,2,2,A,-,12,22450,A,N,D,C,A,B,H,-,A,A,0,,,,,Y,,A,01,1,1,0,0,0,0,0,0,0,"- ","- ",,,MERCED,UNINCORPORATED,-120.83487522999999,37.099674630000003
6400455,2014,2014-07-01,2406,2014-03-02,1640,183,2,7,5,5,2406,0,0,0,,0,020,"G ST","21ST ST",0.00,,Y,C,-,N,,,,,,,,,,Y,2,0,2,2,A,-,09,21801,A,N,A,G,A,B,H,-,A,A,0,,Y,,,Y,,L,04,1,0,1,0,0,0,1,0,0,"- ","- ",,,MERCED,MERCED,-120.47355989,37.30270007