CASE_ID,ACCIDENT_YEAR,PROC_DATE,JURIS,COLLISION_DATE,COLLISION_TIME,OFFICER_ID,REPORTING_DISTRICT,DAY_OF_WEEK,CHP_SHIFT,POPULATION,CNTY_CITY_LOC,SPECIAL_COND,BEAT_TYPE,CHP_BEAT_TYPE,CITY_DIVISION_LAPD,CHP_BEAT_CLASS,BEAT_NUMBER,PRIMARY_RD,SECONDARY_RD,DISTANCE,DIRECTION,INTERSECTION,WEATHER_1,WEATHER_2,STATE_HWY_IND,CALTRANS_COUNTY,CALTRANS_DISTRICT,STATE_ROUTE,ROUTE_SUFFIX,POSTMILE_PREFIX,POSTMILE,LOCATION_TYPE,RAMP_INTERSECTION,SIDE_OF_HWY,TOW_AWAY,COLLISION_SEVERITY,NUMBER_KILLED,NUMBER_INJURED,PARTY_COUNT,PRIMARY_COLL_FACTOR,PCF_CODE_OF_VIOL,PCF_VIOL_CATEGORY,PCF_VIOLATION,PCF_VIOL_SUBSECTION,HIT_AND_RUN,TYPE_OF_COLLISION,MVIW,PED_ACTION,ROAD_SURFACE,ROAD_COND_1,ROAD_COND_2,LIGHTING,CONTROL_DEVICE,CHP_ROAD_TYPE,PEDESTRIAN_ACCIDENT,BICYCLE_ACCIDENT,MOTORCYCLE_ACCIDENT,TRUCK_ACCIDENT,NOT_PRIVATE_PROPERTY,ALCOHOL_INVOLVED,STWD_VEHTYPE_AT_FAULT,CHP_VEHTYPE_AT_FAULT,COUNT_SEVERE_INJ,COUNT_VISIBLE_INJ,COUNT_COMPLAINT_PAIN,COUNT_PED_KILLED,COUNT_PED_INJURED,COUNT_BICYCLIST_KILLED,COUNT_BICYCLIST_INJURED,COUNT_MC_KILLED,COUNT_MC_INJURED,PRIMARY_RAMP,SECONDARY_RAMP,LATITUDE,LONGITUDE,COUNTY,CITY,POINT_X,POINT_Y
6421109,2014,2014-07-02,9460,2014-03-17,1328,018673,,1,1,9,2400,0,2,4,,1,031,"CAMELLIA DR","WINTON WY",0.00,,Y,A,-,N,,,,,,,,,,N,2,0,1,2,A,-,09,21802,A,F,F,A,A,A,H,-,A,A,0,,,Y,,Y,,-,99,1,0,0,0,0,0,0,0,1,"- ","- ",37.371220000000001,-120.61342999999999,MERCED,UNINCORPORATED,-120.6137499,37.371299980000003
6426034,2014,2014-06-27,2406,2014-03-15,1819,192,"1 11",6,5,5,2406,0,0,0,,0,,"R ST","YOSEMITE AV",110.00,S,N,A,-,N,,,,,,,,,,Y,2,0,2,2,A,-,01,23152,A,N,B,C,A,A,H,-,B,D,0,,,Y,,Y,Y,C,02,1,1,0,0,0,0,0,0,2,"- ","- ",,,MERCED,MERCED,-120.48648587,37.331888030000002
6432844,2014,2016-01-15,9461,2014-03-10,0025,019052,,1,3,9,2400,0,1,1,,2,205,"RT 5","RT 152",1584.00,S,N,B,-,Y,MER,10,5,-,-,17.210,H,-,N,Y,2,0,1,1,A,-,08,22107,,N,F,A,A,A,H,-,D,D,1,,,,,Y,,A,07,1,0,0,0,0,0,0,0,0,"- ","- ",37.052050000000001,-120.96517,MERCED,UNINCORPORATED,-120.96558568,37.052632180000003
6444217,2014,2016-01-15,9461,2014-03-31,1701,017029,,1,2,9,2400,0,1,1,,2,205,"RT 5","CANYON RD",2640.00,N,N,B,C,Y,MER,10,5,-,-,12.600,H,-,N,Y,2,0,1,1,A,-,17,21711,,N,F,A,A,B,H,-,A,D,1,,,,,Y,,E,22,1,0,0,0,0,0,0,0,0,"- ","- ",36.999659999999999,-120.91466,MERCED,UNINCORPORATED,-120.91463705,36.999738260000001
6445186,2014,2014-07-09,9460,2014-03-28,1208,018806,,5,1,9,2400,0,2,4,,1,041,"CHESTNUT AV","SANTA FE DR",0.00,,Y,A,-,N,,,,,,,,,,Y,2,0,1,2,A,-,09,21802,A,N,D,C,A,A,H,-,A,D,0,,,Y,,Y,,A,01,1,0,0,0,0,0,0,0,1,"- ","- ",37.38015,-120.60454,MERCED,UNINCORPORATED,-120.60456000000001,37.380199910000002
6446686,2014,2015-11-25,2405,2014-02-08,1519,731,3,6,5,3,2405,0,0,0,,0,002,"N MERCY SPRINGS RD","OVERLAND AV",300.00,S,N,B,-,Y,MER,10,165,-,-,9.940,H,-,S,Y,2,0,5,1,A,-,08,22107,,N,A,I,A,A,H,-,A,A,0,,,,,Y,,A,01,2,0,3,0,0,0,0,0,0,"- ","- ",,,MERCED,"LOS BANOS",-120.83508947,37.073677959999998
6465193,2014,2016-04-09,9460,2014-04-10,0115,019500,,4,3,9,2400,0,1,3,,2,001,"RT 99","COLLIER RD",1056.00,N,N,A,-,Y,MER,10,99,-,R,32.140,H,-,S,Y,2,0,2,1,A,-,08,22107,,N,F,A,A,A,H,-,D,D,1,,,,,Y,,D,22,1,0,1,0,0,0,0,0,0,"- ","- ",37.413029999999999,-120.75556,MERCED,UNINCORPORATED,-120.75453808,37.411546649999998
6475667,2014,2014-07-07,9460,2014-03-19,1350,14541,,3,1,9,2400,0,3,5,,2,020,"SOUTH AV","PEPPER ST",1320.00,W,N,A,-,N,,,,,,,,,,Y,2,0,2,1,A,-,08,22107,,F,E,I,A,A,H,-,A,D,0,,,,,Y,Y,A,01,1,0,1,0,0,0,0,0,0,"- ","- ",37.426650000000002,-120.72790000000001,MERCED,UNINCORPORATED,-120.72667491,37.426653999999999
6475696,2014,2014-07-14,9460,2014-04-20,1814,018422,,7,2,9,2400,0,3,5,,2,020,"SYCAMORE ST","BLOSS AV",2640.00,N,N,A,-,N,,,,,,,,,,Y,2,0,1,2,A,-,01,23152,A,N,B,C,A,A,H,-,A,D,0,,,Y,,Y,Y,C,02,1,0,0,0,0,0,0,0,1,"- ","- ",37.412660000000002,-120.75919,MERCED,UNINCORPORATED,-120.75925166,37.412108089999997
6475700,2014,2014-07-14,9460,2014-04-22,1915,018422,,2,2,9,2400,0,2,4,,1,071,"SANTA FE AV","MARGUERITE RD",1584.00,N,N,A,-,N,,,,,,,,,,Y,2,0,3,1,A,-,01,23152,A,N,E,I,A,A,H,-,A,D,0,,,,,Y,Y,A,07,1,1,1,0,0,0,0,0,0,"- ","- ",37.174300000000002,-120.18026,MERCED,UNINCORPORATED,-120.18014891999999,37.174164869999998
6495677,2014,2016-04-09,9461,2014-05-13,1529,17493,,2,2,9,2400,0,1,3,,1,152,"RT 152","ROMERO VISITOR CENTER",4752.00,E,N,A,-,Y,MER,10,152,-,R,9.100,H,-,E,Y,2,0,2,2,A,-,03,22350,,N,C,C,A,A,D,-,A,A,5,,,,Y,Y,,D,22,1,0,1,0,0,0,0,0,0,"- ","- ",37.078279999999999,-121.08737000000001,MERCED,UNINCORPORATED,-121.08419791999999,37.076432310000001
6501509,2014,2016-04-09,9460,2014-05-03,0815,018922,,6,1,9,2400,0,1,3,,1,590,"RT 59","OAKDALE RD",6336.00,S,N,A,-,Y,MER,10,59,-,-,21.770,H,-,N,Y,2,0,2,2,A,-,05,21460,C,N,A,C,A,A,H,-,A,D,0,,,,,Y,,A,07,1,0,1,0,0,0,0,0,0,"- ","- ",37.40363,-120.50469,MERCED,UNINCORPORATED,-120.50465622999999,37.400948839999998
6523875,2014,2014-08-05,9460,2014-05-07,0515,019152,,3,3,9,2400,0,3,5,,2,030,"VINE ST","ALMOND AV",1158.00,S,N,A,-,N,,,,,,,,,,Y,2,0,2,2,A,-,05,21650,,N,A,C,A,A,H,-,B,D,0,,,,,Y,,A,01,1,0,1,0,0,0,0,0,0,"- ","- ",37.225000000000001,-120.3755,MERCED,UNINCORPORATED,-120.63182432000001,37.379059959999999
6537323,2014,2014-08-19,9460,2014-06-08,1840,019199,,7,2,9,2400,0,3,5,,2,050,"MERCED FALLS RD","LA GRANGE RD",11616.00,E,N,A,-,N,,,,,,,,,,Y,2,0,2,1,A,-,01,23152,A,N,E,I,A,A,H,-,A,D,0,,,,,Y,Y,A,01,1,1,0,0,0,0,0,0,0,"- ","- ",,,MERCED,UNINCORPORATED,-120.39050161999999,37.519941760000002
6538614,2014,2014-07-21,9460,2014-04-19,2010,19553,,6,2,9,2400,0,2,4,,1,042,"SANTA FE DR","CENTER ST",140.00,W,N,A,-,N,,,,,,,,,,N,2,0,2,2,A,-,11,21954,A,N,G,B,D,A,H,-,D,D,0,Y,,,,Y,Y,N,60,1,0,1,0,1,0,0,0,0,"- ","- ",37.387349999999998,-120.61542,MERCED,UNINCORPORATED,-120.61531006,37.387266250000003
6541728,2014,2016-04-29,9461,2014-07-05,1529,019661,,6,2,9,2400,0,1,3,,1,152,"RT 152","SANTA CLARA CO LINE",3696.00,E,N,A,-,Y,MER,10,152,-,R,0.700,H,-,E,Y,2,0,1,1,A,-,08,22107,,N,F,I,A,A,H,-,A,D,5,,,Y,,Y,,C,02,1,0,0,0,0,0,0,0,1,"- ","- ",37.078029999999998,-121.20090999999999,MERCED,UNINCORPORATED,-121.2070992,37.076767750000002
6542261,2014,2016-04-14,9460,2014-06-16,0005,19199,,1,3,9,2400,0,1,3,,1,591,"RT 59","VASSAR AV",250.00,S,N,A,-,Y,MER,10,59,-,-,12.480,H,-,S,Y,2,0,2,2,A,-,05,21460,A,N,B,C,A,A,H,-,C,D,0,,,,Y,Y,,A,01,1,1,0,0,0,0,0,0,0,"- ","- ",37.263649999999998,-120.48791,MERCED,UNINCORPORATED,-120.4879103,37.264216480000002
6547259,2014,2014-08-12,2406,2014-06-25,1220,226,3,3,5,5,2406,0,0,0,,0,031,"WEST AV","U ST",0.00,,Y,A,-,N,,,,,,,,,,N,2,0,1,2,A,-,05,21650,1,N,D,G,A,A,H,-,A,A,0,,Y,,,Y,,L,04,1,0,0,0,0,0,1,0,0,"- ","- ",37.291789999999999,-120.50554,MERCED,MERCED,-120.50568991,37.29173007
6557538,2014,2014-07-22,2405,2014-04-09,1629,734,3,3,5,3,2405,0,0,0,,0,001,"4TH ST","K ST",0.00,,Y,A,-,N,,,,,,,,,,Y,2,0,1,2,A,-,09,21802,A,N,D,C,A,A,H,-,A,A,0,,,,,Y,,A,01,1,0,0,0,0,0,0,0,0,"- ","- ",,,MERCED,"LOS BANOS",-120.85210988,37.060310110000003
6559435,2014,2014-08-23,2406,2014-07-13,0143,162,3,7,5,5,2406,0,0,0,,0,031,"CHILDS AV","S S ST",0.00,,Y,A,-,N,,,,,,,,,,Y,2,0,1,2,A,-,01,23152,A,F,D,I,A,A,H,-,C,A,0,,,,,Y,,A,07,1,0,0,0,0,0,0,0,0,"- ","- ",,,MERCED,MERCED,-120.50382999,37.288190040000003
6567799,2014,2014-08-25,9460,2014-07-05,0100,019106,,6,3,9,2400,0,3,5,,2,020,"SANTA FE DR","LOMBARDY AV",1200.00,W,N,A,-,N,,,,,,,,,,Y,2,0,4,1,A,-,08,22107,,N,F,A,A,A,H,-,D,D,0,,,,,Y,Y,A,01,1,3,0,0,0,0,0,0,0,"- ","- ",37.458849999999998,-120.71420000000001,MERCED,UNINCORPORATED,-120.7143918,37.45915437
6571787,2014,2014-08-28,9460,2014-07-15,1452,18673,,2,2,9,2400,0,3,5,,2,040,"OAKDALE RD","FISHER RD",0.00,,Y,A,-,N,,,,,,,,,,Y,2,0,2,2,A,-,09,21801,A,N,A,C,A,A,H,-,A,D,0,,,,,Y,,A,07,2,0,0,0,0,0,0,0,0,"- ","- ",37.433190000000003,-120.54841999999999,MERCED,UNINCORPORATED,-120.54839989,37.433199889999997
6572638,2014,2016-04-29,9461,2014-07-02,1042,018586,MERCE,3,1,9,2400,0,1,3,,1,152,"RT 152","UPPER COTTONWOOD",1842.00,E,N,A,-,Y,MER,10,152,-,-,2.830,H,-,W,Y,2,0,2,4,A,-,08,22107,,N,A,C,A,A,H,-,A,D,5,,,,Y,Y,,A,01,2,0,0,0,0,0,0,0,0,"- ","- ",,,MERCED,UNINCORPORATED,-121.14518445,37.09956141
6573967,2014,2014-08-27,9460,2014-07-11,2110,019500,,5,2,9,2400,0,3,5,,2,010,"FLOWER ST","BRADBURY RD",450.00,E,N,A,-,N,,,,,,,,,,Y,2,0,1,1,A,-,01,23152,A,N,E,I,A,A,H,-,D,D,0,,,,,Y,Y,A,08,1,0,0,0,0,0,0,0,0,"- ","- ",,,MERCED,UNINCORPORATED,-120.80031384,37.447796269999998
6573968,2014,2016-04-09,9460,2014-07-09,2325,018870,,3,3,9,2400,0,1,3,,2,002,"RT 99","SULTANA DR",2100.00,N,N,A,-,Y,MER,10,99,-,-,27.520,H,-,N,Y,2,0,1,1,A,-,08,22107,,N,F,A,A,A,H,-,D,D,1,,,,,Y,,A,01,1,0,0,0,0,0,0,0,0,"- ","- ",37.377209999999998,-120.69370000000001,MERCED,UNINCORPORATED,-120.68871342,37.375481299999997
6601448,2014,2016-04-28,9460,2014-08-09,0818,018922,,6,1,9,2400,0,1,3,,1,591,"RT 59","SANDY MUSH RD",2640.00,S,N,A,-,Y,MER,10,59,-,-,6.580,H,-,N,Y,2,0,3,3,A,-,05,21460,A,N,A,C,A,A,H,-,A,D,0,,,,,Y,,A,01,1,1,1,0,0,0,0,0,0,"- ","- ",37.17906,-120.49176,MERCED,UNINCORPORATED,-120.49173691,37.179569729999997
6606156,2014,2014-09-29,9461,2014-05-12,0345,18670,,1,3,9,2400,0,1,3,,1,153,"RT 152","MORAGA AV",0.00,,Y,A,-,Y,MER,10,152,-,-,14.351,I,5,W,Y,1,1,0,2,A,-,09,21801,A,N,D,C,A,A,H,-,D,D,5,,,,Y,Y,,G,27,0,0,0,0,0,0,0,0,0,"- ","- ",37.056759999999997,-120.96031000000001,MERCED,UNINCORPORATED,-120.96070438,37.05679001
6606222,2014,2014-10-01,2406,2014-03-01,0449,M24,1,6,5,5,2406,0,0,0,,0,011,"W NORTH BEAR CREEK DR","PIRA DR",514.00,W,N,C,-,N,,,,,,,,,,Y,1,1,0,1,A,-,01,23152,B,N,E,J,A,B,H,-,D,D,0,,,,,Y,Y,D,22,0,0,0,0,0,0,0,0,0,"- ","- ",,,MERCED,MERCED,-120.49157700000001,37.314824999999999
6606349,2014,2014-10-10,2406,2014-05-14,1057,225,1,3,5,5,2406,0,0,0,,0,010,"ALEXANDER AV","RAMBLER RD",0.00,,Y,A,-,N,,,,,,,,,,Y,1,2,0,1,A,-,08,22107,,N,E,I,A,A,H,-,A,D,0,,,,,Y,,A,01,0,0,0,0,0,0,0,0,0,"- ","- ",,,MERCED,MERCED,-120.47609998999999,37.315600080000003
6606361,2014,2015-12-29,2404,2014-05-23,1759,X33,,5,5,3,2404,0,0,0,,0,,"CAMPBELL BL","EAST AV",205.00,E,N,A,-,N,,,,,,,,,,Y,1,1,0,2,A,-,08,22107,,N,B,E,A,A,H,-,A,D,0,,,Y,Y,Y,Y,C,02,0,0,0,0,0,0,0,1,0,"- ","- ",37.30603,-120.79255000000001,MERCED,LIVINGSTON,-120.71660249,37.38652854
6612407,2014,2014-09-24,9460,2014-08-31,1515,018422,,7,2,9,2400,0,2,4,,1,051,"SNELLING RD","LA PALOMA RD",10560.00,N,N,A,-,N,,,,,,,,,,N,2,0,1,2,A,-,05,21460,A,N,B,C,A,A,H,-,A,D,0,,,Y,,Y,Y,-,"- ",1,0,0,0,0,0,0,0,1,"- ","- ",37.421259999999997,-120.44553000000001,MERCED,UNINCORPORATED,-120.44538762000001,37.423119870000001
6612475,2014,2014-09-19,9460,2014-08-22,2335,019640,,5,3,9,2400,0,3,5,,2,010,"KELLEY RD","RIVER RD",4224.00,N,N,A,-,N,,,,,,,,,,Y,2,0,2,2,A,-,05,21460,A,N,A,C,A,A,H,-,C,D,0,,,,,Y,,A,01,1,0,1,0,0,0,0,0,0,"- ","- ",37.36074,-120.95844,MERCED,UNINCORPORATED,-120.95814215999999,37.360950879999997
6616004,2014,2014-09-23,9460,2014-07-29,1730,017750,,2,2,9,2400,0,3,5,,2,020,"EL CAPITAN WY","PEPPER ST",13.00,E,N,A,-,N,,,,,,,,,,Y,2,0,1,2,A,-,09,21801,A,F,F,A,A,A,H,-,A,A,0,,,Y,,Y,,D,22,1,0,0,0,0,0,0,0,1,"- ","- ",37.433689999999999,-120.72185,MERCED,UNINCORPORATED,-120.72192523,37.433709829999998
6616214,2014,2016-04-29,9461,2014-08-23,2350,018354,,6,3,9,2400,0,1,3,,2,453,"RT 152","INDIANA AV",150.00,W,N,A,-,Y,MER,10,152,-,R,34.060,H,-,W,Y,2,0,2,2,A,-,03,22350,,N,C,C,A,A,H,-,D,D,5,,,,Y,Y,,A,08,1,1,0,0,0,0,0,0,0,"- ","- ",37.048119999999997,-120.59484999999999,MERCED,UNINCORPORATED,-120.60532803,37.047964229999998
6616723,2014,2014-09-16,2401,2014-08-29,0638,729,2401,5,5,3,2401,0,0,0,,0,003,"WINTON WAY","CARTER WY",0.00,,Y,A,-,N,,,,,,,,,,Y,2,0,1,2,A,-,09,21801,A,N,D,C,A,A,H,-,A,A,0,,,Y,,Y,,A,01,1,0,0,0,0,0,0,0,1,"- ","- ",,,MERCED,ATWATER,-120.61382997,37.358119940000002
6623148,2014,2014-09-23,2406,2014-08-05,2236,228,1,2,5,5,2406,0,0,0,,0,011,"EL REDONDO","PACIFIC DR",0.00,,Y,A,-,N,,,,,,,,,,Y,2,0,1,1,A,-,03,22350,,N,F,I,A,A,H,-,C,D,0,,,Y,,Y,,C,02,1,0,0,0,0,0,0,0,1,"- ","- ",,,MERCED,MERCED,-120.495383,37.335593000000003
6624600,2014,2015-05-04,9461,2014-09-10,0555,018910,,3,3,9,2400,0,1,3,,1,152,"RT 152","ROMERO VISITOR CENTER",15312.00,W,N,A,-,Y,MER,10,152,-,R,5.070,H,-,W,Y,1,1,5,1,A,-,08,22107,,N,F,A,A,A,H,-,D,D,5,,,,,Y,,A,07,2,1,2,0,0,0,0,0,0,"- ","- ",37.100700000000003,-121.1413,MERCED,UNINCORPORATED,-121.14138632,37.101023789999999
6658065,2014,2014-10-21,9461,2014-09-27,1734,019665,,6,2,9,2400,0,3,5,,2,010,"WHITWORTH RD","BUNKER RD",200.00,S,N,A,-,N,,,,,,,,,,Y,2,0,1,1,A,-,01,23152,A,N,F,A,A,A,H,-,A,D,0,,,,,Y,Y,A,01,1,0,0,0,0,0,0,0,0,"- ","- ",37.173029999999997,-121.03144,MERCED,UNINCORPORATED,-121.03139037,37.172750950000001
6665570,2014,2015-01-06,9460,2014-10-07,1415,18823,,2,2,9,2400,0,1,3,,2,003,"RT 99","SANDY MUSH RD",200.00,N,N,A,-,Y,,,99,,,,,,,Y,2,0,3,3,A,-,08,22107,,N,B,C,A,A,D,-,A,A,0,,,,Y,Y,,G,27,1,0,2,0,0,0,0,0,0,"- ","- ",37.186,-120.3319,MERCED,UNINCORPORATED,-120.33186167,37.186046920000003
6665594,2014,2014-11-10,9460,2014-09-24,0705,016942,,3,1,9,2400,0,3,5,,2,010,"2ND AV","VAN CLIEF RD",0.00,,Y,A,-,N,,,,,,,,,,Y,2,0,1,1,A,-,12,22450,A,N,E,J,A,A,H,-,A,A,0,,,,,Y,,D,22,1,0,0,0,0,0,0,0,0,"- ","- ",37.336379999999998,-120.83280999999999,MERCED,UNINCORPORATED,-120.83289986,37.334780029999997
6666206,2014,2014-12-15,9461,2014-10-09,1155,17329,,4,1,9,2400,0,2,4,,1,110,"INGOMAR GRADE RD","HENRY MILLER AV",4224.00,N,N,A,-,N,,,,,,,,,,Y,2,0,1,1,A,-,08,22107,,N,F,A,A,A,H,-,A,D,0,,,,,Y,,A,01,1,0,0,0,0,0,0,0,0,"- ","- ",,,MERCED,UNINCORPORATED,-120.93067000000001,37.099379999999996
6674470,2014,2014-12-17,2406,2014-10-09,0010,226,1,4,5,5,2406,0,0,0,,0,010,"PARSONS AV","E  N BEAR CREEK DR",23.00,S,N,A,-,N,,,,,,,,,,Y,2,0,1,1,A,-,12,22450,A,F,H,J,A,A,H,-,C,A,0,,,,,Y,,A,01,1,0,0,0,0,0,0,0,0,"- ","- ",37.309919999999998,-120.45134,MERCED,MERCED,,
6678227,2017,2018-01-18,2406,2017-12-04,1542,124,2,1,5,5,2406,0,0,0,,0,021,"R ST","W 18TH ST",9.00,S,N,A,-,N,,,,,,,,,,N,1,1,0,2,A,-,10,21950,A,N,G,B,B,A,H,-,A,A,0,Y,,,,Y,,A,01,0,0,0,1,0,0,0,0,0,"- ","- ",,,MERCED,MERCED,-120.49185287,37.305767529999997
6681575,2014,2014-12-26,9461,2014-10-12,1505,19665,,7,2,9,2400,0,1,3,,1,153,"RT 152","VOLTA RD",0.00,,Y,A,-,Y,,,152,,,,,,,Y,2,0,3,2,A,-,09,21802,A,N,D,C,A,A,H,-,A,A,0,,,,,Y,,A,01,1,1,1,0,0,0,0,0,0,"- ","- ",37.056559999999998,-120.92688,MERCED,UNINCORPORATED,-120.92687931,37.05645956
6699423,2014,2014-11-18,2406,2014-10-18,1650,113,1,6,5,5,2406,0,0,0,,0,010,"BALE MILL RD","KORBEL AV",0.00,,Y,A,-,N,,,,,,,,,,N,2,0,1,1,A,-,03,22350,,N,H,J,A,A,H,-,A,D,0,,,Y,,Y,,C,02,1,0,0,0,0,0,0,0,1,"- ","- ",,,MERCED,MERCED,-120.47463994,37.346179990000003
6703564,2014,2015-01-08,9460,2014-11-09,0750,016942,,7,1,9,2400,0,3,5,,2,020,"4TH ST","SOUTH AV",0.00,,Y,A,-,N,,,,,,,,,,Y,2,0,3,2,A,-,12,22450,A,N,D,C,A,A,H,-,A,A,0,,,Y,,Y,,C,02,1,0,2,0,0,0,0,0,1,"- ","- ",,,MERCED,UNINCORPORATED,-120.99706992999999,37.25306003
6703588,2014,2015-01-09,9460,2014-11-04,1522,018673,,2,2,9,2400,0,3,5,,2,030,"CORONADO AV","MEADOWBROOK AV",260.00,E,N,A,-,N,,,,,,,,,,N,2,0,1,2,A,-,09,21804,A,N,D,C,A,A,H,-,A,D,0,,,Y,,Y,,C,06,1,0,0,0,0,0,0,0,1,"- ","- ",,,MERCED,UNINCORPORATED,-120.5258961,37.320392929999997
6707800,2014,2014-11-25,9460,2014-10-16,1715,018806,,4,2,9,2400,0,3,5,,2,090,"SOUTHERN PACIFIC AV","FRANKLIN RD",525.00,W,N,A,-,N,,,,,,,,,,Y,2,0,1,1,A,-,01,23152,A,N,F,A,A,A,H,-,A,D,0,,,Y,,Y,Y,C,02,1,0,0,0,0,0,0,0,1,"- ","- ",37.192619999999998,-120.32626,MERCED,UNINCORPORATED,-120.542767,37.319097999999997
6712209,2014,2014-12-24,9460,2014-10-21,0650,018823,,2,1,9,2400,0,3,5,,2,070,"PLAINSBURG RD","TOPEKA ST",0.00,,Y,A,-,N,,,,,,,,,,N,2,0,1,2,A,-,10,21950,A,N,G,B,B,A,H,-,D,D,0,Y,,,,Y,,A,01,1,0,0,0,1,0,0,0,0,"- ","- ",37.286099999999998,-120.3248,MERCED,UNINCORPORATED,-120.32484986,37.286130069999999
6718361,2015,2015-03-17,2406,2015-01-14,2032,M24,1,3,5,5,2406,0,0,0,,0,011,"WEST OLIVE AV","MEADOWS AV",12.00,E,N,E,-,N,,,,,,,,,,N,1,1,0,2,A,-,17,21451,A,N,G,B,B,A,H,-,C,A,0,Y,,,,Y,,A,01,0,0,0,1,0,0,0,0,0,"- ","- ",,,MERCED,MERCED,-120.49038874999999,37.319260290000003
6718365,2015,2017-04-25,2401,2015-01-24,2351,754,2401,6,5,3,2401,0,0,0,,0,003,"SHAFFER RD","DELLA DR",66.00,S,N,A,-,N,,,,,,,,,,N,1,1,0,2,A,-,03,22350,,F,G,B,E,A,H,-,C,D,0,Y,,,,Y,,A,01,0,0,0,1,0,0,0,0,0,"- ","- ",,,MERCED,ATWATER,-120.59587999999999,37.354168770000001
6718543,2014,2015-06-08,9460,2014-06-23,2019,17477,,1,2,9,2400,0,3,5,,2,030,"BUHACH RD","CLOVER AV",37.00,N,N,A,-,N,,,,,,,,,,Y,1,1,0,2,A,-,03,22350,,N,E,I,A,A,D,-,A,A,0,,,Y,,Y,,C,02,0,0,0,0,0,0,0,1,0,"- ","- ",37.200899999999997,-120.3436,MERCED,UNINCORPORATED,-120.57677133999999,37.336131340000001
6718545,2014,2015-06-08,9460,2014-05-02,0945,14541,,5,1,9,2400,0,2,4,,1,091,"ATWATER JORDAN RD","LINCOLN BL",0.00,,Y,A,-,N,,,,,,,,,,Y,1,1,0,2,A,-,09,21802,A,N,D,C,A,A,H,-,A,A,0,,,,Y,Y,,A,01,0,0,0,0,0,0,0,0,0,"- ","- ",37.331499999999998,-120.7238,MERCED,UNINCORPORATED,-120.72382992999999,37.331510110000004
6740073,2015,2017-04-25,9460,2015-03-20,0500,015656,,5,3,9,2400,0,3,5,,2,010,"TURNER RD","MITCHELL RD",0.00,,Y,A,-,N,,,,,,,,,,Y,1,1,2,1,A,-,01,23152,A,N,E,I,A,A,H,-,D,A,0,,,,,Y,Y,A,07,2,0,0,0,0,0,0,0,0,"- ","- ",37.372190000000003,-120.94155000000001,MERCED,UNINCORPORATED,-120.94154,37.372399889999997
6747605,2014,2015-01-22,2401,2014-11-29,1615,725,2401,6,5,3,2401,0,0,0,,0,002,"BLOCKFIRST ST","ELM AV",0.00,,Y,B,C,N,,,,,,,,,,Y,2,0,2,3,A,-,09,21802,A,N,A,I,A,B,H,-,A,A,0,,,,,Y,,A,01,1,0,1,0,0,0,0,0,0,"- ","- ",,,MERCED,ATWATER,-120.60575,37.348280000000003
6816504,2015,2016-09-20,9460,2015-01-18,0918,15508,,7,1,9,2400,0,1,3,,2,002,"RT 99","ATWATER BL",300.00,N,N,E,-,Y,MER,10,99,-,-,23.610,H,-,N,Y,2,0,3,2,A,-,01,23152,A,N,B,C,A,A,H,-,A,D,1,,,,,Y,Y,D,23,1,1,1,0,0,0,0,0,0,"- ","- ",37.351860000000002,-120.62451,MERCED,UNINCORPORATED,-120.62483939000001,37.352217539999998
6829761,2014,2015-05-05,2405,2014-11-11,1927,748,MERCE,2,5,3,2405,0,0,0,,0,003,"RT 152","MARYLAND AV",280.00,W,N,A,-,Y,,,,,,,,,,N,2,0,1,2,A,-,11,21954,A,N,G,B,D,A,H,-,C,A,0,Y,,,,Y,,N,60,1,0,0,0,1,0,0,0,0,"- ","- ",,,MERCED,"LOS BANOS",,
6830344,2014,2015-03-09,2404,2014-10-05,1802,X33,,7,5,3,2404,0,0,0,,0,,"B ST","1ST ST",12.00,W,N,A,-,N,,,,,,,,,,N,2,0,1,2,A,-,03,22350,,N,G,B,B,A,H,-,A,D,0,Y,,,,Y,,N,60,1,0,0,0,1,0,0,0,0,"- ","- ",,,MERCED,LIVINGSTON,-120.72553127,37.385998880000002
6834385,2015,2016-09-14,9460,2015-02-24,1835,019378,,2,2,9,2400,0,1,3,,1,165,"RT 165","FOWLER RD",0.00,,Y,A,-,Y,MER,10,165,-,-,35.864,I,5,N,Y,2,0,1,2,A,-,06,21755,A,N,B,C,A,A,H,-,D,D,0,,,Y,,Y,,C,02,1,0,0,0,0,0,0,0,1,"- ","- ",37.440570000000001,-120.84927999999999,MERCED,UNINCORPORATED,-120.8494086,37.440478130000002
6837254,2015,2016-09-21,9461,2015-02-12,1605,14205,,4,2,9,2400,0,1,1,,2,205,"RT 5","ETCHEVERRY RD",1274.00,S,N,A,-,Y,MER,10,5,-,-,14.880,H,-,S,Y,2,0,3,3,A,-,03,22350,,N,C,C,A,A,D,-,A,D,1,,,,Y,Y,,A,07,1,0,2,0,0,0,0,0,0,"- ","- ",,,MERCED,UNINCORPORATED,-120.94000498,37.025676150000002
6842738,2014,2015-03-26,2405,2014-12-24,1938,727,3,3,5,3,2405,0,0,0,,0,003,"RT 152","BADGER FLAT RD",1605.00,W,N,B,-,Y,,,,,,,,,,Y,2,0,5,2,A,-,09,21801,A,N,D,C,A,A,H,-,D,A,0,,,,,Y,,A,01,3,0,2,0,0,0,0,0,0,"- ","- ",,,MERCED,"LOS BANOS",,