CASE_ID,ACCIDENT_YEAR,PROC_DATE,JURIS,COLLISION_DATE,COLLISION_TIME,OFFICER_ID,REPORTING_DISTRICT,DAY_OF_WEEK,CHP_SHIFT,POPULATION,CNTY_CITY_LOC,SPECIAL_COND,BEAT_TYPE,CHP_BEAT_TYPE,CITY_DIVISION_LAPD,CHP_BEAT_CLASS,BEAT_NUMBER,PRIMARY_RD,SECONDARY_RD,DISTANCE,DIRECTION,INTERSECTION,WEATHER_1,WEATHER_2,STATE_HWY_IND,CALTRANS_COUNTY,CALTRANS_DISTRICT,STATE_ROUTE,ROUTE_SUFFIX,POSTMILE_PREFIX,POSTMILE,LOCATION_TYPE,RAMP_INTERSECTION,SIDE_OF_HWY,TOW_AWAY,COLLISION_SEVERITY,NUMBER_KILLED,NUMBER_INJURED,PARTY_COUNT,PRIMARY_COLL_FACTOR,PCF_CODE_OF_VIOL,PCF_VIOL_CATEGORY,PCF_VIOLATION,PCF_VIOL_SUBSECTION,HIT_AND_RUN,TYPE_OF_COLLISION,MVIW,PED_ACTION,ROAD_SURFACE,ROAD_COND_1,ROAD_COND_2,LIGHTING,CONTROL_DEVICE,CHP_ROAD_TYPE,PEDESTRIAN_ACCIDENT,BICYCLE_ACCIDENT,MOTORCYCLE_ACCIDENT,TRUCK_ACCIDENT,NOT_PRIVATE_PROPERTY,ALCOHOL_INVOLVED,STWD_VEHTYPE_AT_FAULT,CHP_VEHTYPE_AT_FAULT,COUNT_SEVERE_INJ,COUNT_VISIBLE_INJ,COUNT_COMPLAINT_PAIN,COUNT_PED_KILLED,COUNT_PED_INJURED,COUNT_BICYCLIST_KILLED,COUNT_BICYCLIST_INJURED,COUNT_MC_KILLED,COUNT_MC_INJURED,PRIMARY_RAMP,SECONDARY_RAMP,LATITUDE,LONGITUDE,COUNTY,CITY,POINT_X,POINT_Y
6854018,2014,2015-03-27,9460,2014-12-09,1252,18823,,2,1,9,2400,0,1,3,,1,142,"RT 140","CENTRAL AV",528.00,E,N,B,E,Y,MER,10,140,-,-,27.530,H,-,E,Y,1,1,0,2,A,-,05,21650,,N,B,C,A,A,H,-,A,D,0,,,,Y,Y,,D,22,0,0,0,0,0,0,0,0,0,"- ","- ",37.302399999999999,-120.6482,MERCED,UNINCORPORATED,-120.65007333,37.302413450000003
6854215,2015,2015-04-16,9460,2015-01-22,0620,18951,,4,1,9,2400,1,1,3,,1,165,"RT 165","TURNER AV",70.00,N,N,A,-,Y,MER,10,165,-,-,31.120,H,-,S,Y,1,1,1,2,A,-,01,23152,E,N,A,C,A,A,H,-,D,D,0,,,,Y,Y,,G,26,0,1,0,0,0,0,0,0,0,"- ","- ",37.371859999999998,-120.8507,MERCED,UNINCORPORATED,-120.85071832,37.371726590000002
6854216,2015,2015-04-13,9460,2015-01-30,1613,18903,,5,2,9,2400,0,3,5,,2,040,"BUHACH RD","FISHER RD",0.00,,Y,A,-,N,,,,,,,,,,Y,1,1,1,2,A,-,12,22450,A,N,D,C,A,A,H,-,A,A,0,,,,,Y,,A,01,0,1,0,0,0,0,0,0,0,"- ","- ",37.43282,-120.5759,MERCED,UNINCORPORATED,-120.57594994999999,37.432859950000001
6854648,2014,2015-05-14,9460,2014-07-31,0040,19155,,4,3,9,2400,0,3,5,,2,020,"EL CAPITAN WY","BALLICO AV",2640.00,E,N,A,-,N,,,,,,,,,,Y,1,1,1,2,A,-,05,21650,,F,A,C,A,A,H,-,D,D,0,,,,,Y,,A,01,0,1,0,0,0,0,0,0,0,"- ","- ",37.43374,-120.69753,MERCED,UNINCORPORATED,-120.6923793,37.433745100000003
6854697,2015,2015-08-18,2401,2015-05-17,2101,729,2401,7,5,3,2401,0,0,0,,0,003,"BELLEVUE RD","ALABAMA AV",0.00,,Y,B,-,N,,,,,,,,,,Y,1,1,6,2,A,-,01,23153,A,N,D,C,A,A,H,-,C,A,0,,,,,Y,Y,A,01,0,1,5,0,0,0,0,0,0,"- ","- ",,,MERCED,ATWATER,-120.59794986,37.360459939999998
6856139,2015,2016-04-28,9461,2015-03-04,1716,17029,,3,2,9,2400,0,3,5,,2,020,"POLE LINE RD","RT 165",1056.00,S,N,A,-,N,,,,,,,,,,Y,2,0,2,1,A,-,01,23152,A,N,F,A,A,A,H,-,A,A,0,,,,,Y,Y,A,07,1,1,0,0,0,0,0,0,0,"- ","- ",36.931229999999999,-120.83790999999999,MERCED,UNINCORPORATED,-120.83798813999999,36.931326480000003
6859875,2015,2015-03-30,9460,2015-03-02,1815,018951,,1,2,9,2400,0,2,4,,1,041,"SANTA FE DR","BUSINESS PARK WY",2640.00,E,N,A,-,N,,,,,,,,,,Y,2,0,4,2,A,-,01,23152,A,N,C,C,A,A,H,-,C,D,0,,,,,Y,Y,A,07,1,1,2,0,0,0,0,0,0,"- ","- ",37.325290000000003,-120.51635,MERCED,UNINCORPORATED,-120.51462769,37.324186429999997
6863361,2015,2016-09-14,9460,2015-02-19,1410,014541,,4,2,9,2400,0,1,3,,1,590,"RT 59","SNELLING RD",2112.00,S,N,A,B,Y,MER,10,59,-,-,31.890,H,-,N,Y,2,0,1,1,A,-,01,23152,A,N,E,I,A,A,H,-,A,D,0,,,,,Y,Y,A,07,1,0,0,0,0,0,0,0,0,"- ","- ",37.514180000000003,-120.458,MERCED,UNINCORPORATED,-120.45877023,37.514068969999997
6864117,2015,2015-04-08,2406,2015-03-13,2011,222,1,5,5,5,2406,0,0,0,,0,010,"G ST","WEST OLIVE AV",60.00,N,N,A,-,N,,,,,,,,,,Y,2,0,3,3,A,-,01,23152,A,N,C,C,A,A,H,-,C,A,0,,,,,Y,Y,A,07,1,0,2,0,0,0,0,0,0,"- ","- ",,,MERCED,MERCED,-120.46943677,37.318704719999999
6865875,2015,2015-04-16,2406,2015-03-22,2047,162,1,7,5,5,2406,0,0,0,,0,010,"G ST","OLIVE AV",0.00,,Y,A,-,N,,,,,,,,,,Y,2,0,1,2,-,-,"- ",,,N,D,C,A,A,H,-,C,A,0,,,,,Y,,-,"- ",1,0,0,0,0,0,0,0,0,"- ","- ",,,MERCED,MERCED,-120.46943992,37.318540069999997
6870785,2015,2016-09-16,9461,2015-03-14,1834,19052,,6,2,9,2400,0,1,3,,1,103,"RT 33","DELTA MENDOTA CANAL",100.00,S,N,B,-,Y,MER,10,33,-,R,15.090,H,-,N,Y,2,0,2,2,A,-,01,23152,A,N,D,D,A,A,H,-,B,D,0,,,,,Y,Y,D,22,1,1,0,0,0,0,0,0,0,"- ","- ",37.083759999999998,-121.01618999999999,MERCED,UNINCORPORATED,-121.01606074,37.083357749999998
6874245,2015,2016-09-14,9460,2015-03-25,1752,19155,,3,2,9,2400,0,1,3,,1,591,"RT 59","FURTADO RD",2112.00,N,N,A,-,Y,MER,10,59,-,-,5.930,H,-,N,Y,2,0,2,1,A,-,08,22107,,N,F,A,A,A,H,-,A,D,0,,,,,Y,,A,01,2,0,0,0,0,0,0,0,0,"- ","- ",37.169890000000002,-120.49184,MERCED,UNINCORPORATED,-120.49192395999999,37.169945990000002
6883235,2014,2015-04-20,2405,2014-07-27,1428,743,3,7,5,3,2405,0,0,0,,0,004,"VINEYARD ST","STONEWOOD DR",0.00,,Y,A,-,N,,,,,,,,,,Y,2,0,2,2,A,-,12,22450,A,F,D,C,A,A,H,-,A,A,0,,,,,Y,,A,01,1,0,1,0,0,0,0,0,0,"- ","- ",,,MERCED,"LOS BANOS",-120.84380998,37.082810019999997
6913762,2015,2016-12-19,9460,2015-04-26,0434,19237,,7,3,9,2400,0,1,3,,2,001,"RT 99","SOUTH AV",3071.00,S,N,A,-,Y,MER,10,99,-,M,32.990,H,-,S,Y,2,0,2,1,A,-,08,22107,,N,F,A,A,A,H,-,D,D,1,,,,,Y,Y,A,01,1,1,0,0,0,0,0,0,0,"- ","- ",37.23827,-120.10836999999999,MERCED,UNINCORPORATED,-120.76457892000001,37.420879980000002
6936472,2015,2015-06-18,2406,2015-05-15,1441,234,2,5,5,5,2406,0,0,0,,0,021,"R ST","WEST 21ST ST",42.00,S,N,A,-,N,,,,,,,,,,N,2,0,1,3,A,-,04,21703,,N,C,C,A,A,H,-,A,D,0,,,,,Y,,D,22,1,0,0,0,0,0,0,0,0,"- ","- ",,,MERCED,MERCED,-120.49018933000001,37.308644870000002
6942719,2015,2016-09-13,2405,2015-03-01,1832,748,03,7,5,3,2405,0,0,0,,0,003,"RT 152","ILLINOIS AV",77.00,E,N,A,-,Y,MER,10,152,-,-,19.980,H,-,W,N,2,0,1,2,A,-,11,21954,A,N,G,B,D,A,H,-,C,D,0,Y,,,,Y,,N,60,1,0,0,0,1,0,0,0,0,"- ","- ",,,MERCED,"LOS BANOS",-120.85837033,37.056881259999997
6948554,2015,2015-06-29,9460,2015-05-23,0633,018577,,6,1,9,2400,0,3,5,,2,100,"GOLF LINK RD","LATERAL 6 CANAL",25.00,N,N,A,-,N,,,,,,,,,,Y,2,0,1,1,A,-,01,23152,A,N,F,A,A,A,-,-,A,D,0,,,,,Y,Y,A,01,1,0,0,0,0,0,0,0,0,"- ","- ",37.430869999999999,-120.83116,MERCED,UNINCORPORATED,,
6959115,2015,2015-07-02,2401,2015-06-03,1308,728,2401,3,5,3,2401,0,0,0,,0,003,"SIERRA VISTA AV","DRAKELEY AV",0.00,,Y,A,-,N,,,,,,,,,,Y,2,0,6,2,A,-,09,21800,A,N,D,C,A,A,H,-,A,D,0,,,,,Y,,A,01,1,0,5,0,0,0,0,0,0,"- ","- ",,,MERCED,ATWATER,-120.61428995,37.349929979999999
6962155,2015,2015-06-24,9460,2015-05-17,1830,019665,,7,2,9,2400,0,2,4,,1,051,"SNELLING RD","E YOUD RD",10560.00,S,N,A,-,N,,,,,,,,,,Y,2,0,3,1,A,-,01,23152,A,N,E,I,A,A,H,-,A,D,0,,,,,Y,Y,A,08,1,2,0,0,0,0,0,0,0,"- ","- ",37.45167,-120.43303,MERCED,UNINCORPORATED,,
6962220,2015,2015-06-25,9461,2015-05-28,1530,017911,,4,2,9,2400,0,3,5,,2,010,"FAHEY RD","CHEROKEE RD",0.00,,Y,A,-,N,,,,,,,,,,Y,2,0,3,1,A,-,08,22107,,N,E,I,A,A,H,-,A,D,0,,,,,Y,,A,01,1,2,0,0,0,0,0,0,0,"- ","- ",37.12227,-120.97790000000001,MERCED,UNINCORPORATED,-120.97802986000001,37.122030049999999
6970324,2015,2015-07-18,9461,2015-06-15,1820,19724,,1,2,9,2400,0,3,5,,2,010,"PIONEER RD","ORTIGALITA RD",0.00,,Y,A,-,N,,,,,,,,,,Y,2,0,2,2,A,-,01,23152,E,N,D,C,A,A,H,-,A,A,0,,,,Y,Y,,A,01,2,0,0,0,0,0,0,0,0,"- ","- ",37.042180000000002,-120.87213,MERCED,UNINCORPORATED,-120.87222997000001,37.042180109999997
6990919,2015,2015-08-04,2405,2015-04-09,0005,716,3,4,5,3,2405,0,0,0,,0,001,"W H ST","COLORADO RD",0.00,,Y,A,-,N,,,,,,,,,,N,2,0,1,2,A,-,11,21954,A,F,G,B,E,A,H,-,C,D,0,Y,,,,Y,Y,N,60,1,0,0,0,1,0,0,0,0,"- ","- ",,,MERCED,"LOS BANOS",-120.86552991000001,37.070400030000002
7002774,2015,2017-01-10,9460,2015-07-15,1452,018577,,3,2,9,2400,0,1,3,,1,165,"RT 165","BRADBURY RD",132.00,S,N,A,-,Y,MER,10,165,-,-,36.430,H,-,N,Y,2,0,1,2,A,-,03,22350,,N,C,C,A,A,H,-,A,A,0,,,,Y,Y,,A,08,1,0,0,0,0,0,0,0,0,"- ","- ",37.448169999999998,-120.84907,MERCED,UNINCORPORATED,-120.84913084,37.448683420000002
7006002,2015,2015-07-28,9460,2015-06-02,1532,15759,,2,2,9,2400,0,1,3,,2,003,"RT 99","LE GRAND RD",1584.00,S,N,A,-,Y,MER,10,99,-,-,7.090,H,-,S,Y,1,1,0,1,A,-,08,22107,,N,E,I,A,A,H,-,A,D,1,,,,,Y,,D,22,0,0,0,0,0,0,0,0,0,"- ","- ",37.221589999999999,-120.37156,MERCED,UNINCORPORATED,-120.38080244,37.225920760000001
7006103,2015,2017-05-09,9461,2015-07-12,1450,16452,,7,2,9,2400,0,1,3,,1,452,"RT 152","ARROYA AV",528.00,E,N,A,-,Y,MER,10,152,-,-,30.420,H,-,W,Y,1,1,0,1,A,-,08,22107,,N,E,I,A,A,H,-,A,D,5,,,,,Y,,A,01,0,0,0,0,0,0,0,0,0,"- ","- ",37.054580000000001,-120.06928000000001,MERCED,UNINCORPORATED,-120.6700025,37.054509369999998
7006328,2015,2017-03-20,2405,2015-07-12,0610,732,3,7,5,3,2405,0,0,0,,0,002,"SANTA RITA AV","D ST",0.00,,Y,A,-,N,,,,,,,,,,Y,1,1,3,2,A,-,01,23152,A,N,D,D,A,A,H,-,A,A,0,,,,,Y,Y,A,01,1,2,0,0,0,0,0,0,0,"- ","- ",,,MERCED,"LOS BANOS",-120.83737988999999,37.063910040000003
7016643,2015,2015-08-18,2401,2015-07-31,1415,728,2401,5,5,3,2401,0,0,0,,0,003,"BLOCKWINTON WY","FRUITLAND AV",0.00,,N,A,-,N,,,,,,,,,,Y,2,0,1,2,A,-,08,22107,,N,C,C,A,A,H,-,A,D,0,,,,,Y,Y,A,01,1,0,0,0,0,0,0,0,0,"- ","- ",,,MERCED,ATWATER,-120.61391,37.362110000000001
7029813,2015,2015-08-29,9460,2015-07-30,0145,15759,,4,3,9,2400,0,2,4,,1,051,"SNELLING RD","LA PALOMA RD",10560.00,N,N,A,-,N,,,,,,,,,,Y,2,0,1,1,A,-,01,23152,A,N,F,A,A,A,H,-,D,D,0,,,,,Y,Y,D,22,1,0,0,0,0,0,0,0,0,"- ","- ",37.422750000000001,-120.44540000000001,MERCED,UNINCORPORATED,-120.44538762000001,37.423119870000001
7030656,2015,2015-09-08,2406,2015-08-10,1243,221,3,1,5,5,2406,0,0,0,,0,030,"K ST","WEST 11TH ST",528.00,S,N,A,-,N,,,,,,,,,,N,2,0,1,2,A,-,08,22107,,N,A,E,A,A,H,-,A,D,0,,,,,Y,,M,96,1,0,0,0,0,0,0,0,0,"- ","- ",,,MERCED,MERCED,-120.48621111999999,37.293253919999998
7034846,2015,2015-09-18,9461,2015-08-04,1545,19661,,2,2,9,2400,0,2,4,,1,115,"HENRY MILLER RD","JOHNSON RD",150.00,E,N,A,-,N,,,,,,,,,,Y,2,0,1,2,A,-,03,22350,,N,C,C,A,A,H,-,A,D,0,,,,,Y,,A,01,1,0,0,0,0,0,0,0,0,"- ","- ",37.099980000000002,-120.8631,MERCED,UNINCORPORATED,-120.86450571,37.099992010000001
7043906,2015,2016-07-18,9461,2015-08-07,0132,20351,,5,3,9,2400,0,2,4,,1,415,"HENRY MILLER RD","BAKER RD",1795.00,E,N,C,-,N,,,,,,,,,,Y,2,0,3,1,A,-,08,22107,,N,F,A,A,B,H,-,D,D,0,,,,,Y,,A,01,1,1,1,0,0,0,0,0,0,"- ","- ",37.099089999999997,-120.7816,MERCED,UNINCORPORATED,-120.76915728,37.098858329999999
7053972,2015,2015-09-21,9460,2015-06-20,0405,19665,,6,3,9,2400,0,3,5,,2,070,"PLAINSBURG RD","E MARIPOSA WY",34.00,N,N,A,-,N,,,,,,,,,,Y,2,0,4,1,A,-,01,23152,A,F,E,I,A,A,H,-,D,D,0,,,,,Y,Y,A,01,3,1,0,0,0,0,0,0,0,"- ","- ",37.251240000000003,-120.32519000000001,MERCED,UNINCORPORATED,-120.32502058,37.251203349999997
7059655,2015,2015-10-20,2401,2015-09-27,1842,729,2401,7,5,3,2401,0,0,0,,0,003,"VILLAGE WOODS DR","OREGON AV",96.00,S,N,A,-,N,,,,,,,,,,N,2,0,1,2,A,-,05,21650,,N,A,E,A,A,H,-,A,D,0,,,Y,,Y,,C,03,1,0,0,0,0,0,0,0,1,"- ","- ",,,MERCED,ATWATER,-120.62233587999999,37.369206409999997
7090232,2015,2015-10-19,2406,2015-08-25,1527,220,1,2,5,5,2406,0,0,0,,0,011,"LOUGHBOROUGH DR","R ST",264.00,W,N,A,-,N,,,,,,,,,,N,2,0,1,2,A,-,11,21954,A,N,G,B,D,A,H,-,A,D,0,Y,,,,Y,,N,60,1,0,0,0,1,0,0,0,0,"- ","- ",,,MERCED,MERCED,-120.4879076,37.323410350000003
7128703,2015,2015-12-09,2406,2015-11-21,1624,225,2,6,5,5,2406,0,0,0,,0,020,"M ST","W 18TH ST",0.00,,Y,A,-,N,,,,,,,,,,Y,2,0,2,2,A,-,12,21453,A,N,D,C,A,A,H,-,A,A,0,,,,,Y,,A,01,1,0,1,0,0,0,0,0,0,"- ","- ",,,MERCED,MERCED,-120.48425985999999,37.303000089999998
7162963,2015,2016-04-08,2406,2015-12-07,1523,195,CENTR,1,5,5,2406,0,0,0,,0,"I 20","E 21ST","G ST",100.00,E,N,A,-,N,,,,,,,,,,N,1,1,0,2,A,-,08,22107,,N,D,G,A,A,H,-,A,A,0,,Y,,,Y,,L,04,0,0,0,0,0,1,0,0,0,"- ","- ",,,MERCED,MERCED,-120.47324940999999,37.302582379999997
7166810,2015,2016-01-28,2406,2015-12-14,1723,201,1,1,5,5,2406,0,0,0,,0,010,"EAST BELLEVUE RD","M ST",1056.00,W,N,A,-,N,,,,,,,,,,N,2,0,1,2,D,-,00,,,N,G,B,E,A,H,-,D,D,0,Y,,,,Y,,-,"- ",1,0,0,0,1,0,0,0,0,"- ","- ",,,MERCED,MERCED,-120.48073248999999,37.361111780000002
7168498,2015,2017-02-02,2405,2015-10-25,1935,747,3,7,5,3,2405,0,0,0,,0,003,"RT 152","ARIZONA AV",0.00,,Y,A,-,Y,MER,10,152,-,-,20.028,I,5,W,Y,2,0,2,2,A,-,01,23152,A,F,A,C,A,A,H,-,C,A,0,,,,,Y,,D,22,1,0,1,0,0,0,0,0,0,"- ","- ",,,MERCED,"LOS BANOS",-120.85762409,37.056882530000003
7190334,2016,2016-08-23,2406,2016-05-22,1451,M24,2,7,5,5,2406,0,0,0,,0,021,"WEST MAIN ST","R ST",3.00,W,N,A,-,N,,,,,,,,,,N,1,1,0,2,A,-,10,21950,A,N,G,B,B,A,H,-,A,A,0,Y,,,,Y,,A,08,0,0,0,1,0,0,0,0,0,"- ","- ",,,MERCED,MERCED,-120.49243952,37.304763170000001
8003247,2016,2016-03-25,2406,2016-02-15,0942,241,MERCE,1,5,5,2406,0,0,0,,0,220,"20TH ST","T ST",0.00,,Y,A,-,N,,,,,,,,,,N,2,0,1,2,A,-,12,22450,A,N,D,G,A,A,H,-,A,A,0,,Y,,,Y,,L,04,1,0,0,0,0,0,1,0,0,"- ","- ",,,MERCED,MERCED,-120.49367991,37.308860099999997
8005508,2016,2016-04-01,2406,2016-03-17,1842,201,1,4,5,5,2406,0,0,0,,0,010,"BROOKDALE DR","EL CAPITAN AV",400.00,W,N,A,-,N,,,,,,,,,,Y,2,0,1,2,A,-,01,23152,A,N,F,E,A,A,H,-,A,D,0,,,Y,,Y,Y,C,02,1,0,0,0,0,0,0,0,1,"- ","- ",,,MERCED,MERCED,-120.4665176,37.32126229
8034838,2016,2016-05-06,2401,2016-04-30,2305,733,2401,6,5,3,2401,0,0,0,,0,003,"BROWNELL AV","FORTUNA AV",0.00,,Y,A,-,N,,,,,,,,,,Y,2,0,1,2,A,-,08,22107,,N,H,E,A,A,H,-,C,D,0,,,,,Y,Y,A,01,1,0,0,0,0,0,0,0,0,"- ","- ",,,MERCED,ATWATER,-120.59353,37.357649969999997
8067047,2016,2016-06-28,2404,2016-02-20,1717,X37,,6,5,3,2404,0,0,0,,0,,"MAIN ST","DAVIS ST",11.00,S,N,A,-,N,,,,,,,,,,N,2,0,2,3,A,-,10,21950,A,N,G,B,B,A,H,-,A,A,0,Y,,,,Y,,A,01,1,1,0,0,2,0,0,0,0,"- ","- ",37.390059999999998,-120.72093,MERCED,LIVINGSTON,-120.720941,37.390034
8107791,2016,2016-08-23,2401,2016-07-15,1927,725,2401,5,5,3,2401,0,0,0,,0,003,"EAST BELLEVUE RD","DETERMINE DR",292.00,E,N,A,-,N,,,,,,,,,,Y,2,0,2,1,A,-,07,21658,A,N,E,I,A,A,H,-,A,D,0,,,,,Y,,A,01,2,0,0,0,0,0,0,0,0,"- ","- ",,,MERCED,ATWATER,-120.58086552,37.360509999999998
8112088,2016,2016-08-31,2406,2016-08-16,0238,222,1,2,5,5,2406,0,0,0,,0,011,"WEST OLIVE AV","MEADOWS AV",36.00,E,N,A,-,N,,,,,,,,,,N,2,0,1,2,A,-,11,21954,A,N,A,B,E,A,H,-,C,D,0,Y,,,,Y,Y,N,60,1,0,0,0,1,0,0,0,0,"- ","- ",,,MERCED,MERCED,-120.49030624,37.31926086
8148866,2016,2016-10-20,2406,2016-09-29,0921,113,2,4,5,5,2406,0,0,0,,0,021,"O ST","WEST MAIN ST",0.00,N,N,A,-,N,,,,,,,,,,Y,2,0,1,1,C,-,18,,,N,E,I,A,A,H,-,A,A,0,,,,,Y,,-,"- ",1,0,0,0,0,0,0,0,0,"- ","- ",,,MERCED,MERCED,-120.48784990999999,37.303090089999998
8154270,2016,2016-10-31,2406,2016-10-05,1339,247,1,3,5,5,2406,0,0,0,,0,011,"WEST OLIVE AV","APPLEWOOD LN",0.00,,Y,A,-,N,,,,,,,,,,Y,2,0,1,2,A,-,03,22350,,N,D,C,A,A,H,-,A,D,0,,,Y,Y,Y,,C,02,1,0,0,0,0,0,0,0,1,"- ","- ",,,MERCED,MERCED,-120.48174996,37.319190059999997
8166733,2016,2017-04-14,2406,2016-11-28,1353,249,1,1,5,5,2406,0,0,0,,0,1CD,"EAST BELLEVUE RD","M ST",1872.00,W,N,B,-,N,,,,,,,,,,Y,1,1,0,1,D,-,00,,,N,E,I,A,A,H,-,A,D,0,,,Y,,Y,,-,"- ",0,0,0,0,0,0,0,1,0,"- ","- ",,,MERCED,MERCED,-120.48353939,37.361100690000001
8166812,2016,2017-04-03,2405,2016-11-08,1920,738,3,2,5,3,2405,0,0,0,,0,003,"RT 152","WEST I ST",0.00,,Y,A,-,Y,MER,10,152,-,-,19.618,I,5,E,Y,1,1,1,3,A,-,09,21801,A,N,D,C,A,A,H,-,C,A,0,,Y,,,Y,,A,01,0,0,1,0,0,1,0,0,0,"- ","- ",,,MERCED,"LOS BANOS",-120.86529492,37.05687099
8166814,2016,2017-07-27,2405,2016-10-28,2017,753,3,5,5,3,2405,0,0,0,,0,003,"RT 152","IOWA AV",117.00,E,N,A,-,Y,MER,10,152,-,-,18.850,H,-,W,N,1,1,0,2,A,-,11,21955,,N,G,B,D,A,H,-,C,D,0,Y,,,,Y,Y,N,60,0,0,0,1,0,0,0,0,0,"- ","- ",,,MERCED,"LOS BANOS",-120.8789099,37.056822990000001
8167012,2016,2018-09-24,2405,2016-12-20,2208,718,3,2,5,3,2405,0,0,0,,0,004,"RT 165","SANTA BARBARA",528.00,S,N,A,-,Y,MER,10,165,-,-,10.050,H,-,S,N,1,1,0,2,A,-,11,21955,,F,G,B,E,A,H,-,C,D,0,Y,,,,Y,,N,60,0,0,0,1,0,0,0,0,0,"- ","- ",,,MERCED,"LOS BANOS",-120.83506527,37.075308999999997
8198189,2016,2017-01-23,2404,2016-08-12,2050,X38,,5,5,3,2404,0,0,0,,0,,"CAMPBELL BL","WINTON PKY",572.00,W,N,A,-,N,,,,,,,,,,Y,2,0,2,3,A,-,01,23152,B,N,B,D,A,A,H,-,C,D,0,,,,,Y,Y,A,01,1,0,1,0,0,0,0,0,0,"- ","- ",37.3889,-120.72268,MERCED,LIVINGSTON,-120.73533999999999,37.392429999999997
8207575,2016,2017-02-10,2406,2016-12-05,0558,210,3,1,5,5,2406,0,0,0,,0,031,"V ST","WARDROBE AV",0.00,,Y,B,-,N,,,,,,,,,,Y,2,0,1,2,A,-,03,22350,,N,D,C,A,A,H,-,C,D,0,,,,,Y,,D,22,1,0,0,0,0,0,0,0,0,"- ","- ",,,MERCED,MERCED,-120.50501996,37.295450119999998
8207821,2016,2017-01-17,2406,2016-11-28,1529,210,1,1,5,5,2406,0,0,0,,0,011,"SARASOTA AV","ANTIGUA DR",105.00,N,N,B,-,N,,,,,,,,,,Y,2,0,1,3,A,-,03,22350,A,N,A,E,A,A,H,-,A,D,0,,,Y,,Y,Y,C,02,1,0,0,0,0,0,0,0,1,"- ","- ",,,MERCED,MERCED,-120.50298617,37.329581820000001
8309704,2017,2017-12-26,2406,2017-01-06,1809,243,330,5,5,5,2406,0,0,0,,0,,"W GERARD AV","RT 59",207.00,W,N,A,-,N,,,,,,,,,,N,2,0,1,2,A,-,11,21956,,N,G,B,E,A,H,-,D,D,0,Y,,,,Y,,N,60,1,0,0,0,1,0,0,0,0,"- ","- ",,,MERCED,MERCED,-120.48836128000001,37.280976029999998
8329775,2017,2017-03-30,2406,2017-02-21,1812,249,2,2,5,5,2406,0,0,0,,0,021,"WEST 16TH ST","T ST",150.00,W,N,A,-,N,,,,,,,,,,N,2,0,1,2,A,-,09,21804,A,N,D,G,A,A,H,-,C,D,0,,Y,,,Y,,L,04,1,0,0,0,0,0,1,0,0,"- ","- ",,,MERCED,MERCED,-120.49629901,37.30494109
8329791,2017,2017-06-08,2406,2017-03-22,1821,252,2406,3,5,5,2406,0,0,0,,0,110,"EAST OLIVE AV","G ST",507.00,E,N,B,-,N,,,,,,,,,,Y,2,0,1,3,A,-,01,23152,A,N,C,C,A,A,H,-,A,A,0,,,,,Y,Y,D,22,1,0,0,0,0,0,0,0,0,"- ","- ",,,MERCED,MERCED,-120.46747716,37.318466430000001
8335938,2016,2017-06-27,2405,2016-08-23,1017,743,3,2,5,3,2405,0,0,0,,0,003,"RT 152","SAN LUIS ST",295.00,W,N,A,-,Y,MER,10,152,-,-,22.830,H,-,W,Y,2,0,2,1,A,-,08,22107,,N,A,I,A,A,H,-,A,A,0,,,,,Y,,A,01,1,1,0,0,0,0,0,0,0,"- ","- ",,,MERCED,"LOS BANOS",-120.80747701999999,37.056409360000004
8346969,2016,2017-06-27,2405,2016-10-08,1437,748,3,6,5,3,2405,0,0,0,,0,003,"PACHECO BL","ORTIGALITA RD",450.00,E,N,A,-,Y,MER,10,152,-,-,19.360,H,-,E,Y,2,0,1,2,A,-,03,22350,,N,C,C,A,A,H,-,A,D,0,,,Y,,Y,,C,02,1,0,0,0,0,0,0,0,1,"- ","- ",,,MERCED,"LOS BANOS",-120.86987289,37.0567925
8348773,2016,2017-06-27,2405,2016-05-14,1742,752,3,6,5,3,2405,0,0,0,,0,003,"W PACHECO BL","NEVADA AV",0.00,,Y,A,-,Y,MER,10,152,-,-,20.120,H,-,E,N,2,0,1,2,A,-,08,22107,,N,B,C,A,A,H,-,A,D,0,,,Y,,Y,,C,02,1,0,0,0,0,0,0,0,1,"- ","- ",,,MERCED,"LOS BANOS",-120.85620389,37.05688499
8388836,2017,2017-06-13,2406,2017-05-06,1142,183,1,6,5,5,2406,0,0,0,,0,011,"LOUGHBOROUGH DR","SANTA ROSA",120.00,E,N,A,-,N,,,,,,,,,,Y,2,0,1,2,A,-,21,22106,,N,G,B,E,A,H,-,A,D,0,Y,,,,Y,,A,01,1,0,0,0,1,0,0,0,0,"- ","- ",,,MERCED,MERCED,-120.48538743,37.323442139999997
8400401,2017,2017-07-07,2406,2017-05-07,0150,226,1,7,5,5,2406,0,0,0,,0,011,"BUENA VISTA DR","SAN JACINTO CT",108.00,E,N,A,-,N,,,,,,,,,,Y,2,0,2,1,A,-,01,23152,,N,E,J,A,A,H,-,C,D,0,,,,,Y,Y,A,01,2,0,0,0,0,0,0,0,0,"- ","- ",,,MERCED,MERCED,-120.48293870000001,37.32630563
8404692,2017,2019-04-09,2406,2017-12-16,2045,241,1,6,5,5,2406,0,0,0,,0,010,"N PARSONS AV","MARIE LN",243.00,N,N,A,-,N,,,,,,,,,,N,1,1,0,2,A,-,11,21954,A,N,G,B,E,A,H,-,C,D,0,Y,,,,Y,Y,N,60,0,0,0,1,0,0,0,0,0,"- ","- ",,,MERCED,MERCED,-120.45127778,37.313596840000002
8421085,2017,2017-08-07,2406,2017-06-21,1250,253,2,3,5,5,2406,0,0,0,,0,020,"WEST MAIN ST","I ST",180.00,E,N,A,-,N,,,,,,,,,,N,2,0,1,2,A,-,05,21650,1,N,G,G,A,A,H,-,A,D,0,,Y,,,Y,,L,04,1,0,0,0,0,0,1,0,0,"- ","- ",,,MERCED,MERCED,-120.4783247,37.299539170000003