CASE_ID,ACCIDENT_YEAR,PROC_DATE,JURIS,COLLISION_DATE,COLLISION_TIME,OFFICER_ID,REPORTING_DISTRICT,DAY_OF_WEEK,CHP_SHIFT,POPULATION,CNTY_CITY_LOC,SPECIAL_COND,BEAT_TYPE,CHP_BEAT_TYPE,CITY_DIVISION_LAPD,CHP_BEAT_CLASS,BEAT_NUMBER,PRIMARY_RD,SECONDARY_RD,DISTANCE,DIRECTION,INTERSECTION,WEATHER_1,WEATHER_2,STATE_HWY_IND,CALTRANS_COUNTY,CALTRANS_DISTRICT,STATE_ROUTE,ROUTE_SUFFIX,POSTMILE_PREFIX,POSTMILE,LOCATION_TYPE,RAMP_INTERSECTION,SIDE_OF_HWY,TOW_AWAY,COLLISION_SEVERITY,NUMBER_KILLED,NUMBER_INJURED,PARTY_COUNT,PRIMARY_COLL_FACTOR,PCF_CODE_OF_VIOL,PCF_VIOL_CATEGORY,PCF_VIOLATION,PCF_VIOL_SUBSECTION,HIT_AND_RUN,TYPE_OF_COLLISION,MVIW,PED_ACTION,ROAD_SURFACE,ROAD_COND_1,ROAD_COND_2,LIGHTING,CONTROL_DEVICE,CHP_ROAD_TYPE,PEDESTRIAN_ACCIDENT,BICYCLE_ACCIDENT,MOTORCYCLE_ACCIDENT,TRUCK_ACCIDENT,NOT_PRIVATE_PROPERTY,ALCOHOL_INVOLVED,STWD_VEHTYPE_AT_FAULT,CHP_VEHTYPE_AT_FAULT,COUNT_SEVERE_INJ,COUNT_VISIBLE_INJ,COUNT_COMPLAINT_PAIN,COUNT_PED_KILLED,COUNT_PED_INJURED,COUNT_BICYCLIST_KILLED,COUNT_BICYCLIST_INJURED,COUNT_MC_KILLED,COUNT_MC_INJURED,PRIMARY_RAMP,SECONDARY_RAMP,LATITUDE,LONGITUDE,COUNTY,CITY,POINT_X,POINT_Y
8422937,2017,2017-08-07,2401,2017-07-17,0058,728,2401,1,5,3,2401,0,0,0,,0,001,"SECRETARIAT DR","BELLEVUE RD",15.00,N,N,A,-,N,,,,,,,,,,Y,2,0,1,2,A,-,03,22350,,M,A,E,A,A,H,-,A,A,0,,,,,Y,,A,01,1,0,0,0,0,0,0,0,0,"- ","- ",,,MERCED,ATWATER,-120.5789796,37.360551190000002
8429601,2017,2017-08-17,2406,2017-07-05,1437,191,2,3,5,5,2406,0,0,0,,0,020,"16TH ST","G ST",0.00,,Y,A,-,N,,,,,,,,,,Y,2,0,1,4,A,-,12,21453,A,N,D,C,A,A,H,-,A,A,0,,,,,Y,,A,01,1,0,0,0,0,0,0,0,0,"- ","- ",,,MERCED,MERCED,-120.47638999,37.297680010000001
8436260,2017,2017-09-25,2406,2017-08-16,2123,255,3,3,5,5,2406,0,0,0,,0,030,"MARTIN LUTHER KING JR WY","WEST 12TH ST",72.00,S,N,A,-,N,,,,,,,,,,N,2,0,1,2,A,-,11,21954,A,N,G,B,D,A,H,-,C,D,0,Y,,,,Y,,N,60,1,0,0,0,1,0,0,0,0,"- ","- ",,,MERCED,MERCED,-120.48338994,37.295030029999999
8444616,2017,2017-09-01,2406,2017-07-21,0815,183,1,5,5,5,2406,0,0,0,,0,010,"G ST","OLIVE AV",0.00,,Y,A,-,N,,,,,,,,,,Y,2,0,1,2,A,-,12,22450,A,N,D,C,A,A,H,-,A,A,0,,,Y,,Y,,C,02,1,0,0,0,0,0,0,0,1,"- ","- ",,,MERCED,MERCED,-120.46943992,37.318540069999997
8444687,2017,2017-08-31,2406,2017-08-10,0253,222,2,4,5,5,2406,0,0,0,,0,021,"16TH ST","T ST",0.00,,Y,A,-,N,,,,,,,,,,Y,2,0,1,1,A,-,01,23152,A,N,A,I,A,A,H,-,C,D,0,,,,,Y,Y,A,01,1,0,0,0,0,0,0,0,0,"- ","- ",,,MERCED,MERCED,-120.49582993,37.304770009999999
8447188,2017,2018-06-05,2406,2017-08-19,0233,222,3,6,5,5,2406,0,0,0,,0,031,"RT 140","SYDNEY LN",6.00,E,N,A,-,Y,MER,10,140,-,-,35.228,I,5,E,Y,2,0,1,2,A,-,01,23152,A,N,A,G,A,A,H,-,C,D,0,,Y,,,Y,Y,D,22,1,0,0,0,0,0,1,0,0,"- ","- ",,,MERCED,MERCED,-120.51044304,37.302719779999997
8465527,2018,2020-05-26,2406,2018-11-15,2329,201,NORTH,4,5,5,2406,0,0,0,,0,010,"EAST YOSEMITE AV","G ST",118.00,E,N,A,-,N,,,,,,,,,,N,1,1,0,2,A,-,11,21956,A,F,G,B,E,A,H,-,C,A,0,Y,,,,Y,Y,N,60,0,0,0,1,0,0,0,0,0,"- ","- ",,,MERCED,MERCED,-120.46864318847656,37.332122802734375
8465652,2018,2019-02-21,2401,2018-09-14,0702,716,2401,5,5,3,2401,0,0,0,,0,003,"E JUNIPER AV","SIERRA MADRE DR",0.00,,Y,A,-,N,,,,,,,,,,Y,1,1,0,2,A,-,03,22350,,N,G,B,B,A,H,-,A,A,0,Y,,,,Y,,A,01,0,0,0,1,0,0,0,0,0,"- ","- ",,,MERCED,ATWATER,-120.58891296386719,37.349800109863281
8465838,2019,2019-06-06,2405,2019-03-10,0344,PD40,3,7,5,3,2405,0,0,0,,0,0B3,"RT 152","10TH ST",54.00,E,N,C,E,Y,MER,10,152,-,-,20.890,H,-,E,Y,1,1,6,2,A,-,03,22350,,N,D,C,A,B,H,-,C,A,0,,,,,Y,Y,A,01,4,2,0,0,0,0,0,0,0,"- ","- ",37.056621551513672,-120.84227752685547,MERCED,"LOS BANOS",-120.84221649169922,37.056907653808594
8479504,2017,2017-10-31,2404,2017-07-28,2147,X46,,5,5,3,2404,0,0,0,,0,,"ARENA WY","WALNUT AV",0.00,,Y,A,-,N,,,,,,,,,,Y,2,0,1,1,A,-,01,23152,A,N,E,I,A,A,H,-,D,B,0,,,,,Y,Y,A,01,1,0,0,0,0,0,0,0,0,"- ","- ",37.387720000000002,-120.70359000000001,MERCED,LIVINGSTON,-120.67718999,37.389449949999999
8485464,2017,2017-12-05,2406,2017-10-25,0612,210,1,3,5,5,2406,0,0,0,,0,010,"WEST BELLEVUE RD","G ST",0.00,,Y,A,-,N,,,,,,,,,,Y,2,0,1,1,C,-,18,,,N,F,A,A,A,H,-,C,A,0,,,Y,,Y,,-,"- ",1,0,0,0,0,0,0,0,1,"- ","- ",,,MERCED,MERCED,-120.46867994,37.361099889999998
8487032,2017,2017-12-04,2406,2017-10-18,1104,201,1,3,5,5,2406,0,0,0,,0,010,"WEST BELLEVUE RD","M ST",0.00,,Y,A,-,N,,,,,,,,,,Y,2,0,2,2,A,-,05,21752,D,N,D,C,A,A,H,-,A,D,0,,,Y,,Y,,C,02,1,1,0,0,0,0,0,0,1,"- ","- ",,,MERCED,MERCED,-120.47709989000001,37.361119979999998
8500674,2017,2018-07-05,2406,2017-10-28,2210,247,2,6,5,5,2406,0,0,0,,0,020,"E RT 140","KIBBY RD",0.00,,Y,A,-,Y,MER,10,140,-,-,38.708,I,5,W,Y,2,0,4,2,A,-,08,22107,,F,D,C,A,A,H,-,D,D,0,,,,,Y,,A,01,1,3,0,0,0,0,0,0,0,"- ","- ",,,MERCED,MERCED,-120.4152433,37.295153849999998
8508570,2017,2017-12-19,2401,2017-11-10,1353,728,2401,5,5,3,2401,0,0,0,,0,003,"3RD ST","FIR AV",0.00,,Y,A,-,N,,,,,,,,,,Y,2,0,1,2,A,-,09,21802,A,N,D,C,A,A,H,-,A,D,0,,,,,Y,,A,01,1,0,0,0,0,0,0,0,0,"- ","- ",,,MERCED,ATWATER,-120.60716997,37.34986997
8519059,2017,2018-02-22,2406,2017-11-11,1931,247,2,6,5,5,2406,0,0,0,,0,020,"WEST 14TH ST","G ST",30.00,W,N,A,-,N,,,,,,,,,,N,2,0,1,2,C,-,18,,,N,G,B,D,A,H,-,C,D,0,Y,,,,Y,,-,"- ",1,0,0,0,1,0,0,0,0,"- ","- ",,,MERCED,MERCED,-120.47776138,37.295545019999999
8519082,2017,2017-12-28,2406,2017-10-31,1831,259,1,2,5,5,2406,0,0,0,,0,010,LOUGHBOROUGH,"R ST",0.00,E,N,A,-,N,,,,,,,,,,N,2,0,1,2,A,-,11,21955,,N,G,B,D,A,H,-,C,D,0,Y,,,,Y,,N,60,1,0,0,0,1,0,0,0,0,"- ","- ",,,MERCED,MERCED,-120.4869999,37.323420050000003
8522527,2017,2018-01-03,2406,2017-11-25,0209,247,2,6,5,5,2406,0,0,0,,0,021,"WEST 20TH ST","N ST",0.00,,Y,A,-,N,,,,,,,,,,Y,2,0,4,1,A,-,03,22350,,F,E,I,A,A,H,-,C,D,0,,,,,Y,,A,01,2,1,1,0,0,0,0,0,0,"- ","- ",,,MERCED,MERCED,-120.48464996,37.305540090000001
8527143,2017,2018-01-24,2401,2017-12-10,1922,720,2401,7,5,3,2401,0,0,0,,0,003,"BELLEVUE RD","WINTON WY",0.00,,N,A,-,N,,,,,,,,,,N,2,0,1,2,A,-,08,22107,,N,A,B,-,A,H,-,C,D,0,Y,,,,Y,,A,01,1,0,0,0,1,0,0,0,0,"- ","- ",,,MERCED,ATWATER,-120.61387993,37.360419899999997
8527363,2017,2018-02-28,2401,2017-12-09,1423,711,2401,6,5,3,2401,0,0,0,,0,003,"E JUNIPER AV","VALLEY ST",0.00,,Y,A,-,N,,,,,,,,,,Y,1,2,0,2,A,-,09,21801,A,M,B,C,A,A,H,-,A,A,0,,,,,Y,,A,01,0,0,0,0,0,0,0,0,0,"- ","- ",,,MERCED,ATWATER,-120.58665987000001,37.349759939999998
8530765,2017,2018-01-23,2406,2017-12-07,1000,243,3,4,5,5,2406,0,0,0,,0,030,"B ST","EAST 13TH ST",29.00,N,N,A,-,N,,,,,,,,,,Y,2,0,2,1,A,-,12,22450,,N,F,I,A,A,H,-,A,A,0,,,,,Y,,D,22,1,0,1,0,0,0,0,0,0,"- ","- ",,,MERCED,MERCED,-120.47077742,37.291691999999998
8540357,2018,2018-04-27,2406,2018-03-06,1537,129,SOUTH,2,5,5,2406,0,0,0,,0,031,"WEST CHILDS AV","Q ST",4.00,W,N,A,-,N,,,,,,,,,,N,2,0,1,2,A,-,11,21954,A,N,G,B,D,A,H,-,A,D,0,Y,,,,Y,,N,60,1,0,0,0,1,0,0,0,0,"- ","- ",,,MERCED,MERCED,-120.50010681152344,37.288211822509766
8558058,2018,2018-08-21,2406,2018-04-30,2211,162,2,1,5,5,2406,0,0,0,,0,020,"RT 140","TOWER RD",348.00,W,N,A,-,Y,MER,10,140,-,-,39.130,H,-,E,Y,2,0,6,2,A,-,06,21751,,N,A,C,A,A,H,-,D,D,0,,,,,Y,Y,A,01,1,3,2,0,0,0,0,0,0,"- ","- ",,,MERCED,MERCED,-120.40756988525391,37.29522705078125
8562986,2018,2018-03-02,2406,2018-01-10,1637,243,3,3,5,5,2406,0,0,0,,0,003,"N ST","WEST CHILDS AV",0.00,,Y,A,-,N,,,,,,,,,,N,2,0,1,2,A,-,11,21950,B,N,G,B,B,A,H,-,A,A,0,Y,,,,Y,,N,60,1,0,0,0,1,0,0,0,0,"- ","- ",,,MERCED,MERCED,-120.49462127685547,37.288230895996094
8565322,2018,2018-03-05,2401,2018-02-11,0952,721,2401,7,5,3,2401,0,0,0,,0,003,"WINTON WAY","OLIVE AV",0.00,,Y,A,-,N,,,,,,,,,,N,2,0,1,2,A,-,12,22450,A,N,D,C,A,A,H,-,A,A,0,,,,,Y,,A,01,1,0,0,0,0,0,0,0,0,"- ","- ",,,MERCED,ATWATER,-120.61266326904297,37.348720550537109
8567602,2018,2018-03-12,2406,2018-01-25,1444,243,2,4,5,5,2406,0,0,0,,0,020,"EAST 16TH ST","D ST",169.00,E,N,A,-,N,,,,,,,,,,Y,2,0,1,2,A,-,"- ",,,N,D,G,A,A,H,-,A,D,0,,Y,,,Y,,L,04,1,0,0,0,0,0,1,0,0,"- ","- ",,,MERCED,MERCED,-120.47089385986328,37.29510498046875
8577585,2018,2018-08-09,2406,2018-02-08,1803,256,2,4,5,5,2406,0,0,0,,0,020,"RT 99","YOSEMITE PKWY",15.00,W,N,A,-,Y,MER,10,99,-,-,14.061,R,4,N,N,2,0,1,2,A,-,02,21654,A,N,D,B,D,A,H,-,C,D,0,Y,,,,Y,,N,60,1,0,0,0,1,0,0,0,0,"- ","- ",,,MERCED,MERCED,-120.47161102294922,37.295803070068359
8583735,2018,2018-04-02,2406,2018-02-28,1207,243,1,3,5,5,2406,0,0,0,,0,010,"YOSEMITE AV","M ST",122.00,E,N,A,-,N,,,,,,,,,,N,2,0,1,3,A,-,11,21954,A,N,G,B,D,A,H,-,A,A,0,Y,,,,Y,Y,N,60,1,0,0,0,1,0,0,0,0,"- ","- ",,,MERCED,MERCED,-120.47802734375,37.332111358642578
8588488,2017,2018-03-29,2406,2017-12-10,1826,193,1,7,5,5,2406,0,0,0,,0,010,"WEST OLIVE AV","COLLEGE GREEN DR",624.00,E,N,A,-,N,,,,,,,,,,Y,2,0,1,2,A,-,11,21954,A,N,G,B,D,A,H,-,C,D,0,Y,,,,Y,,N,60,1,0,0,0,1,0,0,0,0,"- ","- ",,,MERCED,MERCED,-120.47452165,37.319127170000002
8605944,2018,2018-05-14,2406,2018-04-07,2109,256,2,6,5,5,2406,0,0,0,,0,021,"R ST","WEST 19TH ST",177.00,S,N,A,-,N,,,,,,,,,,N,2,0,1,2,A,-,11,21954,A,N,G,B,D,A,H,-,C,D,0,Y,,,,Y,,N,60,1,0,0,0,1,0,0,0,0,"- ","- ",,,MERCED,MERCED,-120.49153137207031,37.306320190429688
8623325,2017,2018-06-12,2405,2017-10-13,2332,PD30,2,5,5,3,2405,0,0,0,,0,0B2,"OVERLAND RD","STONEWOOD DR",0.00,,Y,A,-,N,,,,,,,,,,Y,2,0,3,2,A,-,00,23153,E,N,D,C,A,A,H,-,C,A,0,,,,,Y,,D,22,1,2,0,0,0,0,0,0,0,"- ","- ",37.073709999999998,-120.8415,MERCED,"LOS BANOS",-120.84162995,37.073770089999996
8633893,2018,2018-06-18,2406,2018-05-13,2056,253,1,7,5,5,2406,0,0,0,,0,011,"FREEMARK DR","CHANDON DR",0.00,,Y,A,-,N,,,,,,,,,,N,2,0,1,2,A,-,03,22350,,N,A,C,A,A,H,-,C,D,0,,,Y,,Y,,C,02,1,0,0,0,0,0,0,0,1,"- ","- ",,,MERCED,MERCED,-120.48216247558594,37.346050262451172
8640418,2017,2018-07-26,2405,2017-11-24,1853,PD13,2,5,5,3,2405,0,0,0,,0,0B2,"E PACHECO BL","MERCEY SPRINGS RD",15.00,W,N,A,-,N,,,,,,,,,,N,2,0,1,2,A,-,03,22350,,N,C,C,A,A,H,-,A,-,0,,,,,Y,,A,01,1,0,0,0,0,0,0,0,0,"- ","- ",37.05686,-120.8353,MERCED,"LOS BANOS",-120.8354614,37.056950000000001
8644017,2018,2018-06-29,2406,2018-05-05,2052,129,CENRA,6,5,5,2406,0,0,0,,0,021,"WEST 16TH ST","R ST",350.00,E,N,A,-,N,,,,,,,,,,N,2,0,1,2,A,-,11,21954,A,N,G,B,D,A,H,-,C,D,0,Y,,,,Y,,N,60,1,0,0,0,1,0,0,0,0,"- ","- ",,,MERCED,MERCED,-120.49189758300781,37.303348541259766
8644033,2018,2018-06-29,2406,2018-05-03,2031,253,1,4,5,5,2406,0,0,0,,0,010,"WEST OLIVE AV","M ST",0.00,,Y,A,-,N,,,,,,,,,,N,2,0,1,2,A,-,11,21453,D,F,G,B,B,A,H,-,C,A,0,Y,,,,Y,,N,60,1,0,0,0,1,0,0,0,0,"- ","- ",,,MERCED,MERCED,-120.47844696044922,37.319221496582031
8648409,2018,2018-12-06,2406,2018-07-28,0108,252,2,6,5,5,2406,0,0,0,,0,020,"M ST","WEST 20TH ST",59.00,S,N,A,-,N,,,,,,,,,,N,1,1,0,2,A,-,11,21954,A,N,G,B,E,A,H,-,C,D,0,Y,,,,Y,Y,N,60,0,0,0,1,0,0,0,0,0,"- ","- ",,,MERCED,MERCED,-120.48322296142578,37.304843902587891
8648485,2018,2019-01-04,2406,2018-09-16,1524,267,1,7,5,5,2406,0,0,0,,0,011,"N BEAR CREEK","ARDELL DR",159.00,E,N,A,-,N,,,,,,,,,,Y,1,1,0,1,A,-,01,23152,A,N,E,I,A,A,H,-,A,D,0,,,,,Y,Y,A,01,0,0,0,0,0,0,0,0,0,"- ","- ",,,MERCED,MERCED,-120.48172760009766,37.313411712646484
8648511,2018,2020-05-22,2406,2018-05-23,2112,195,X11,3,5,5,2406,0,0,0,,0,010,"EAST OLIVE AV","COLLEGE AV",70.00,W,N,A,-,N,,,,,,,,,,N,1,1,0,2,A,-,11,21954,A,N,G,B,D,A,H,-,C,D,0,Y,,,,Y,Y,N,60,0,0,0,1,0,0,0,0,0,"- ","- ",,,MERCED,MERCED,-120.466552734375,37.318477630615234
8648512,2018,2020-05-22,2406,2018-10-19,2050,129,SOUTH,5,5,5,2406,0,0,0,,0,031,"WEST CHILDS AV","SOUTH P ST",42.00,W,N,A,-,N,,,,,,,,,,N,1,1,0,2,A,-,11,21954,A,F,G,B,D,A,H,-,C,D,0,Y,,,,Y,,N,60,0,0,0,1,0,0,0,0,0,"- ","- ",,,MERCED,MERCED,-120.49854278564453,37.288211822509766
8648514,2018,2019-01-09,2406,2018-11-29,1852,129,CENTR,4,5,5,2406,0,0,0,,0,020,"WEST 16TH ST","K ST",14.00,W,N,C,-,N,,,,,,,,,,N,1,1,0,2,A,-,10,21950,A,N,G,B,B,B,H,-,C,D,0,Y,,,,Y,,A,08,0,0,0,1,0,0,0,0,0,"- ","- ",,,MERCED,MERCED,-120.48241424560547,37.299896240234375
8648515,2018,2020-05-26,2406,2018-12-13,0039,201,CENTR,4,5,5,2406,0,0,0,,0,020,"GLEN AV","ROBINSON DR",0.00,,Y,A,-,N,,,,,,,,,,Y,1,1,0,2,A,-,03,22350,,N,E,I,A,A,H,-,C,D,0,,,,,Y,Y,A,01,0,0,0,0,0,0,0,0,0,"- ","- ",,,MERCED,MERCED,-120.4599609375,37.306598663330078
8652797,2017,2018-07-09,2405,2017-12-04,0740,PD39,2,1,5,3,2405,0,0,0,,0,0B2,"SAN LUIS ST","PARK WARREN DR",192.00,E,N,A,-,N,,,,,,,,,,N,2,0,1,2,A,-,11,21954,A,N,G,B,D,A,H,-,A,D,0,Y,,,,Y,,N,60,1,0,0,0,1,0,0,0,0,"- ","- ",37.061630000000001,-120.82214999999999,MERCED,"LOS BANOS",-120.82148218,37.061629510000003
8656339,2018,2018-08-01,2406,2018-06-03,2136,162,2,7,5,5,2406,0,0,0,,0,020,"G ST","WEST 22ND ST",63.00,S,N,A,-,N,,,,,,,,,,N,2,0,1,2,A,-,11,21954,A,N,G,B,D,A,H,-,C,A,0,Y,,,,Y,,N,60,1,0,0,0,1,0,0,0,0,"- ","- ",,,MERCED,MERCED,-120.47306060791016,37.303524017333984
8656534,2018,2018-07-31,2406,2018-06-22,2013,257,1,5,5,5,2406,0,0,0,,0,011,"R ST","OLIVEWOOD DR",16.00,N,N,A,-,N,,,,,,,,,,Y,2,0,1,2,A,-,11,21954,A,N,A,B,D,A,H,-,B,D,0,Y,,,,Y,Y,N,60,1,0,0,0,1,0,0,0,0,"- ","- ",,,MERCED,MERCED,-120.48672485351562,37.318065643310547
8661954,2018,2018-08-17,2406,2018-07-05,0019,162,2,4,5,5,2406,0,0,0,,0,021,"R ST","WEST 21ST ST",80.00,S,N,A,-,N,,,,,,,,,,Y,2,0,1,2,A,-,11,21954,A,F,G,B,E,A,H,-,C,D,0,Y,,,,Y,,N,60,1,0,0,0,1,0,0,0,0,"- ","- ",,,MERCED,MERCED,-120.49024200439453,37.308547973632812
8667260,2018,2018-08-08,2405,2018-03-01,1822,PD14,1,4,5,3,2405,0,0,0,,0,0B1,"WEST PACHECO BL",ARIZONA,85.00,W,N,C,-,Y,MER,10,152,-,-,20.010,H,-,W,Y,2,0,1,2,A,-,08,22107,,N,D,C,A,B,H,-,C,D,0,,,,,Y,,A,01,1,0,0,0,0,0,0,0,0,"- ","- ",37.057121276855469,-120.85759735107422,MERCED,"LOS BANOS",-120.85790252685547,37.056880950927734
8669915,2018,2018-08-07,2405,2018-05-08,2006,PD39,2,2,5,3,2405,0,0,0,,0,0B2,"SANTA RITA ST","E ST",0.00,,Y,A,-,N,,,,,,,,,,Y,2,0,2,2,A,-,09,21800,A,N,D,C,A,A,H,-,C,D,0,,,,,Y,,A,07,1,1,0,0,0,0,0,0,0,"- ","- ",37.062969207763672,-120.83737945556641,MERCED,"LOS BANOS",-120.83737945556641,37.062969207763672
8678121,2018,2018-08-30,2405,2018-06-29,1712,PD14,2,5,5,3,2405,0,0,0,,0,0B2,"EAST B","PLACE RD",0.00,,Y,A,-,N,,,,,,,,,,Y,2,0,1,2,A,-,01,23152,A,F,D,C,A,A,H,-,A,A,0,,,,,Y,Y,D,22,1,0,0,0,0,0,0,0,0,"- ","- ",37.066688537597656,-120.82631683349609,MERCED,"LOS BANOS",-120.82636260986328,37.066688537597656
8684531,2018,2018-09-17,2405,2018-07-04,2010,PD3,5,3,5,3,2405,0,0,0,,0,B4/1,"STONEWOOD DR","SANTA BARBARA",0.00,,N,A,-,N,,,,,,,,,,Y,2,0,1,4,A,-,03,22350,,N,C,E,A,A,H,-,A,D,0,,,,,Y,Y,A,01,1,0,0,0,0,0,0,0,0,"- ","- ",37.076778411865234,-120.84365844726562,MERCED,"LOS BANOS",-120.84308624267578,37.076519012451172
8684551,2018,2018-09-17,2405,2018-07-25,1840,PD23,1,3,5,3,2405,0,0,0,,0,0B1,4TH,"H ST",0.00,,N,A,-,N,,,,,,,,,,N,2,0,2,2,A,-,09,21800,A,N,D,C,A,A,H,-,A,D,0,,,,,Y,,A,07,2,0,0,0,0,0,0,0,0,"- ","- ",37.06317138671875,-120.85009765625,MERCED,"LOS BANOS",-120.85012054443359,37.063159942626953
8687558,2018,2018-08-29,2406,2018-06-03,1730,265,,7,5,5,2406,0,0,0,,0,220,"KELLY AV","YOSEMITE PKWY",0.00,,Y,A,-,N,,,,,,,,,,N,2,0,1,2,A,-,12,21453,A,F,G,B,B,A,H,-,C,A,0,Y,,,,Y,,A,01,1,0,0,0,1,0,0,0,0,"- ","- ",,,MERCED,MERCED,-120.44844818115234,37.295181274414062
8688914,2018,2018-10-23,2406,2018-08-15,1054,271,2,3,5,5,2406,0,0,0,,0,020,"E HWY 140","E SANTA FE AV",1126.00,E,N,A,-,Y,MER,10,140,-,-,37.470,H,-,W,Y,2,0,2,2,A,-,08,22107,,N,B,C,A,A,H,-,A,D,0,,,,,Y,,A,01,1,1,0,0,0,0,0,0,0,"- ","- ",,,MERCED,MERCED,-120.43775177001953,37.295112609863281
8696436,2018,2018-09-25,2405,2018-07-30,2052,PD23,2,1,5,3,2405,0,0,0,,0,0B2,"CREEKSIDE DR","SNOWGOOSE DR",375.00,E,N,A,-,N,,,,,,,,,,N,2,0,2,3,A,-,17,21712,,F,H,J,A,A,H,-,C,D,0,,,,,Y,,A,01,2,0,0,0,0,0,0,0,0,"- ","- ",37.06243896484375,-120.80976104736328,MERCED,"LOS BANOS",-120.81325531005859,37.066326141357422
8721334,2018,2018-10-23,2406,2018-09-14,0743,269,1,5,5,5,2406,0,0,0,,0,010,"G ST","WEST OLIVE AV",2.00,N,N,A,-,N,,,,,,,,,,N,2,0,1,2,A,-,21,22106,,N,G,B,D,A,H,-,A,A,0,Y,,,,Y,,A,01,1,0,0,0,1,0,0,0,0,"- ","- ",,,MERCED,MERCED,-120.46943664550781,37.318546295166016
8742321,2018,2018-11-16,2406,2018-10-31,0831,264,NORTH,3,5,5,2406,0,0,0,,0,010,"G ST","MERCY AV",334.00,S,N,A,-,N,,,,,,,,,,N,2,0,1,2,A,-,08,22107,,N,C,G,A,A,H,-,A,D,0,,Y,,,Y,,A,01,1,0,0,0,0,0,1,0,0,"- ","- ",,,MERCED,MERCED,-120.46897888183594,37.337944030761719
8748880,2018,2019-01-24,2401,2018-11-06,1820,727,2401,2,5,3,2401,0,0,0,,0,003,"1ST ST","LAUREL AV",0.00,,N,A,-,N,,,,,,,,,,Y,2,0,1,1,A,-,03,22350,,N,E,I,A,A,H,-,C,D,0,,,,,Y,,A,01,1,0,0,0,0,0,0,0,0,"- ","- ",,,MERCED,ATWATER,-120.60160827636719,37.353569030761719
8750877,2018,2018-12-17,2405,2018-08-11,0500,PD31,6,6,5,3,2405,0,0,0,,0,B4/2,"OVERLAND AV","ROCKPORT DR",40.00,E,N,A,-,N,,,,,,,,,,Y,2,0,2,2,A,-,01,23153,A,N,C,C,A,A,H,-,C,A,0,,,,,Y,Y,A,01,2,0,0,0,0,0,0,0,0,"- ","- ",37.073760986328125,-120.83499908447266,MERCED,"LOS BANOS",-120.83275604248047,37.073764801025391
8780057,2018,2019-02-20,2405,2018-09-10,1819,PD23,3,1,5,3,2405,0,0,0,,0,0B3,"PACHECO BL","BADGER FLAT RD",320.00,W,N,A,-,N,,,,,,,,,,Y,2,0,4,2,A,-,09,21804,A,N,D,C,A,A,H,-,A,D,0,,,,,Y,,A,01,1,1,2,0,0,0,0,0,0,"- ","- ",37.053939819335938,-120.87890625,MERCED,"LOS BANOS",-120.8795166015625,37.056789398193359
8820944,2019,2019-03-21,2406,2019-02-27,0539,273,1,3,5,5,2406,0,0,0,,0,010,"BARCLAY WY","MANDAVILLE LN",156.00,S,N,C,-,N,,,,,,,,,,Y,2,0,1,3,A,-,00,21058,A,N,A,E,A,B,H,-,B,D,0,,,,,Y,,A,01,1,0,0,0,0,0,0,0,0,"- ","- ",,,MERCED,MERCED,-120.47287750244141,37.357784271240234
8826679,2019,2019-05-07,2406,2019-03-07,1332,220,3,4,5,5,2406,0,0,0,,0,031,"WEST 13TH ST","T ST",21.00,S,N,B,-,Y,MER,10,59,-,L,14.580,H,-,S,Y,2,0,1,2,A,-,03,22350,,N,A,I,A,B,H,-,A,D,0,,,,,Y,,A,01,1,0,0,0,0,0,0,0,0,"- ","- ",,,MERCED,MERCED,-120.49763488769531,37.301486968994141
8828442,2019,2019-04-09,2406,2019-03-01,1903,256,2,5,5,5,2406,0,0,0,,0,020,"E SANTA FE AV","GLEN AV",941.00,E,N,A,-,N,,,,,,,,,,N,2,0,1,2,A,-,03,22350,,N,C,G,A,A,H,-,C,D,0,,Y,,,Y,,A,01,1,0,0,0,0,0,1,0,0,"- ","- ",,,MERCED,MERCED,-120.45915222167969,37.301265716552734
8828462,2019,2019-04-09,2406,2019-03-09,1157,129,1,6,5,5,2406,0,0,0,,0,011,"R ST","LOUGHBOROUGH DR",121.00,S,N,B,-,N,,,,,,,,,,Y,2,0,5,4,C,-,18,,,N,C,C,A,B,H,-,A,A,0,,,,,Y,,-,"- ",1,0,4,0,0,0,0,0,0,"- ","- ",,,MERCED,MERCED,-120.48700714111328,37.323089599609375
8841106,2019,2019-05-01,2406,2019-03-22,0030,275,2,5,5,5,2406,0,0,0,,0,021,"WEST 25TH ST","O ST",216.00,W,N,A,-,N,,,,,,,,,,Y,2,0,1,3,A,-,03,22350,,N,C,E,A,A,H,-,C,D,0,,,,,Y,,D,22,1,0,0,0,0,0,0,0,0,"- ","- ",,,MERCED,MERCED,-120.48396301269531,37.311328887939453
8844192,2019,2019-04-23,2406,2019-03-02,1853,264,CENTR,6,5,5,2406,0,0,0,,0,020,"WEST 21ST ST","K ST",0.00,,Y,C,-,N,,,,,,,,,,N,2,0,1,2,A,-,11,21950,B,N,G,B,D,B,H,-,D,A,0,Y,,,,Y,,N,60,1,0,0,0,1,0,0,0,0,"- ","- ",,,MERCED,MERCED,-120.47955322265625,37.304878234863281
8845876,2019,2019-04-29,2406,2019-04-05,2000,276,2,5,5,5,2406,0,0,0,,0,020,"EAST 22ND ST","WESTON WY",321.00,W,N,A,-,N,,,,,,,,,,Y,2,0,1,1,A,-,01,23152,A,N,E,I,A,A,H,-,C,D,0,,,,,Y,Y,A,01,1,0,0,0,0,0,0,0,0,"- ","- ",,,MERCED,MERCED,-120.46810150146484,37.301853179931641
8850093,2018,2019-05-04,2405,2018-12-24,0422,PD100,3,1,5,3,2405,0,0,0,,0,0B3,"E PACHECO BL","2531 E PACHECO BL",0.00,,-,A,-,N,,,,,,,,,,Y,2,0,1,2,A,-,09,21804,,N,C,C,A,A,H,-,C,D,0,,,,Y,Y,,F,85,1,0,0,0,0,0,0,0,0,"- ","- ",37.055698394775391,-120.81340026855469,MERCED,"LOS BANOS",-120.813383,37.056620000000002