CASE_ID,ACCIDENT_YEAR,PROC_DATE,JURIS,COLLISION_DATE,COLLISION_TIME,OFFICER_ID,REPORTING_DISTRICT,DAY_OF_WEEK,CHP_SHIFT,POPULATION,CNTY_CITY_LOC,SPECIAL_COND,BEAT_TYPE,CHP_BEAT_TYPE,CITY_DIVISION_LAPD,CHP_BEAT_CLASS,BEAT_NUMBER,PRIMARY_RD,SECONDARY_RD,DISTANCE,DIRECTION,INTERSECTION,WEATHER_1,WEATHER_2,STATE_HWY_IND,CALTRANS_COUNTY,CALTRANS_DISTRICT,STATE_ROUTE,ROUTE_SUFFIX,POSTMILE_PREFIX,POSTMILE,LOCATION_TYPE,RAMP_INTERSECTION,SIDE_OF_HWY,TOW_AWAY,COLLISION_SEVERITY,NUMBER_KILLED,NUMBER_INJURED,PARTY_COUNT,PRIMARY_COLL_FACTOR,PCF_CODE_OF_VIOL,PCF_VIOL_CATEGORY,PCF_VIOLATION,PCF_VIOL_SUBSECTION,HIT_AND_RUN,TYPE_OF_COLLISION,MVIW,PED_ACTION,ROAD_SURFACE,ROAD_COND_1,ROAD_COND_2,LIGHTING,CONTROL_DEVICE,CHP_ROAD_TYPE,PEDESTRIAN_ACCIDENT,BICYCLE_ACCIDENT,MOTORCYCLE_ACCIDENT,TRUCK_ACCIDENT,NOT_PRIVATE_PROPERTY,ALCOHOL_INVOLVED,STWD_VEHTYPE_AT_FAULT,CHP_VEHTYPE_AT_FAULT,COUNT_SEVERE_INJ,COUNT_VISIBLE_INJ,COUNT_COMPLAINT_PAIN,COUNT_PED_KILLED,COUNT_PED_INJURED,COUNT_BICYCLIST_KILLED,COUNT_BICYCLIST_INJURED,COUNT_MC_KILLED,COUNT_MC_INJURED,PRIMARY_RAMP,SECONDARY_RAMP,LATITUDE,LONGITUDE,COUNTY,CITY,POINT_X,POINT_Y
8854235,2019,2019-05-08,2406,2019-03-18,1916,270,3,1,5,5,2406,0,0,0,,0,031,"HARNISCH DR","SYDNEY LN",0.00,,Y,A,-,N,,,,,,,,,,N,2,0,1,2,A,-,21,22106,,N,G,B,D,A,H,-,A,D,0,Y,,,,Y,,A,08,1,0,0,0,1,0,0,0,0,"- ","- ",,,MERCED,MERCED,-120.51072692871094,37.306529998779297
8864108,2019,2019-05-31,2406,2019-04-24,0035,269,2,3,5,5,2406,0,0,0,,0,020,"G ST","WEST 27TH ST",0.00,,Y,A,-,N,,,,,,,,,,N,2,0,1,2,D,-,00,,,F,G,B,D,A,H,-,D,A,0,Y,,,,Y,,-,"- ",1,0,0,0,1,0,0,0,0,"- ","- ",,,MERCED,MERCED,-120.47003936767578,37.308631896972656
8864586,2019,2019-06-18,2405,2019-02-22,0713,PD20,1,5,5,3,2405,0,0,0,,0,0B1,"COLORADO AV","WATT DR",4.00,N,N,A,-,N,,,,,,,,,,N,2,0,1,2,A,-,03,22350,,N,H,J,A,A,H,-,A,A,0,,,Y,,Y,,C,02,1,0,0,0,0,0,0,0,1,"- ","- ",,,MERCED,"LOS BANOS",-120.86560821533203,37.06610107421875
8870012,2019,2019-08-23,2405,2019-02-16,1442,PD34,2,6,5,3,2405,0,0,0,,0,0B3,"E PACHECO BL","NICKEL ST",476.00,E,N,A,-,Y,MER,10,152,-,-,21.890,H,-,W,Y,2,0,1,3,A,-,03,22350,,N,C,C,A,A,H,-,A,D,0,,,Y,,Y,,C,02,1,0,0,0,0,0,0,0,1,"- ","- ",37.057079315185547,-120.82453918457031,MERCED,"LOS BANOS",-120.82411193847656,37.057033538818359
8870079,2019,2019-08-23,2405,2019-02-26,2107,PD35,1,2,5,3,2405,0,0,0,,0,0B1,"RT 152","ORTIGALITA RD",152.00,W,N,C,-,Y,MER,10,152,-,-,19.240,H,-,W,N,2,0,1,2,A,-,05,21202,A,N,B,G,A,B,H,-,D,D,0,,Y,,,Y,,L,04,1,0,0,0,0,0,1,0,0,"- ","- ",37.05718994140625,-120.87277984619141,MERCED,"LOS BANOS",-120.87200164794922,37.056739807128906
8872292,2019,2019-06-10,2405,2019-03-28,1750,PD32,3,4,5,3,2405,0,0,0,,0,0B3,"POMONA DR","COLLEGE GREENS DR",0.00,,Y,A,B,N,,,,,,,,,,N,2,0,1,2,A,-,08,22107,,N,C,E,A,A,H,-,A,D,0,,Y,,,Y,,L,04,1,0,0,0,0,0,1,0,0,"- ","- ",37.047828674316406,-120.83029937744141,MERCED,"LOS BANOS",-120.83029937744141,37.047821044921875
8878936,2019,2019-06-20,2406,2019-05-31,2206,260,3,5,5,5,2406,0,0,0,,0,030,"WEST CHILDS AV","M ST",0.00,,Y,A,-,N,,,,,,,,,,Y,2,0,1,2,A,-,08,22107,,N,A,C,A,A,H,-,C,D,0,,,Y,,Y,Y,A,01,1,0,0,0,0,0,0,0,1,"- ","- ",,,MERCED,MERCED,-120.49272918701172,37.288249969482422
8897735,2019,2019-07-19,2405,2019-05-11,2111,PD126,3,6,5,3,2405,0,0,0,,0,0B3,"PIONEER RD","S HOLLAND AV",131.00,E,N,A,-,N,,,,,,,,,,Y,2,0,1,1,A,-,08,22107,,N,E,I,A,A,H,-,C,D,0,,,,,Y,,A,01,1,0,0,0,0,0,0,0,0,"- ","- ",37.042388916015625,-120.83921813964844,MERCED,"LOS BANOS",-120.84075164794922,37.042354583740234
8897881,2019,2019-08-15,2405,2019-04-12,1928,PD20,5,5,5,3,2405,0,0,0,,0,B4/'1,"SANTA BARBARA ST","CABERNET ST",0.00,,Y,A,-,N,,,,,,,,,,N,2,0,1,2,A,-,11,21953,,N,G,B,E,A,H,-,A,D,0,Y,,,,Y,,N,60,1,0,0,0,1,0,0,0,0,"- ","- ",37.076328277587891,-120.85047149658203,MERCED,"LOS BANOS",-120.85050201416016,37.076339721679688
8911006,2019,2021-06-02,2406,2019-12-18,1940,285,2,3,5,5,2406,0,0,0,,0,020,"RT 140","MARTHELLA AV",148.00,W,N,A,-,Y,MER,10,140,-,-,36.450,H,-,W,N,1,1,0,2,A,-,11,21954,A,N,G,B,D,A,H,-,C,D,0,Y,,,,Y,,N,60,0,0,0,1,0,0,0,0,0,"- ","- ",,,MERCED,MERCED,-120.45610809326172,37.295192718505859
8911413,2020,2022-06-18,2406,2020-04-14,2148,20,2,2,5,5,2406,0,0,0,,0,020,"E RT 140","E SANTA AV",770.00,E,N,A,-,Y,MER,10,140,-,-,37.550,H,-,E,N,1,1,0,3,A,-,11,21954,A,N,G,B,E,A,H,-,D,D,0,Y,,,,Y,Y,N,60,0,0,0,1,0,0,0,0,0,"- ","- ",,,MERCED,MERCED,-120.43629455566406,37.295108795166016
8916127,2019,2019-08-19,2406,2019-07-07,2108,280,MERC,7,5,5,2406,0,0,0,,0,2-20,"G ST","WEST 15TH ST",0.00,,Y,A,-,N,,,,,,,,,,N,2,0,1,2,A,-,10,21950,A,N,G,B,B,A,H,-,C,A,0,Y,,,,Y,Y,A,01,1,0,0,0,1,0,0,0,0,"- ","- ",,,MERCED,MERCED,-120.47718048095703,37.296379089355469
8939161,2019,2019-11-26,2405,2019-08-13,1843,PD21,2,2,5,3,2405,0,0,0,,0,0B2,"RT 152","WARD RD",0.00,,N,A,-,Y,MER,10,152,-,-,22.280,H,-,E,N,1,1,3,2,A,-,01,23152,A,N,H,C,A,A,H,-,A,A,0,,,,Y,Y,Y,D,22,1,1,1,0,0,0,0,0,0,"- ","- ",37.056850433349609,-120.81754302978516,MERCED,"LOS BANOS",-120.81732177734375,37.056774139404297
8939530,2019,2020-01-23,2405,2019-11-06,1655,PD35,1,3,5,3,2405,0,0,0,,0,0B1,"6TH ST","K ST",0.00,,Y,A,-,N,,,,,,,,,,N,1,1,0,2,A,-,10,21950,A,N,G,B,B,A,H,-,B,A,0,Y,,,,Y,,-,,0,0,0,1,0,0,0,0,0,"- ","- ",37.05902099609375,-120.85006713867188,MERCED,"LOS BANOS",-120.84925842285156,37.059009552001953
8939548,2019,2021-05-24,2406,2019-09-25,1316,256,1,3,5,5,2406,0,0,0,,0,011,"RT 59","WEST OLIVE AV",0.00,,Y,A,-,Y,MER,10,59,-,-,16.100,I,6,N,N,1,1,0,2,A,-,17,21451,A,N,D,G,A,A,H,-,A,A,0,,Y,,Y,Y,,G,26,0,0,0,0,0,1,0,0,0,"- ","- ",,,MERCED,MERCED,-120.50492858886719,37.319099426269531
8944291,2019,2019-09-24,2405,2019-07-08,0724,PD27,1,1,5,3,2405,0,0,0,,0,0B1,"I ST","LINDA VISTA ST",64.00,W,N,A,-,N,,,,,,,,,,Y,2,0,2,2,A,-,09,21804,A,N,A,C,A,A,H,-,A,D,0,,,Y,,Y,,A,07,1,0,1,0,0,0,0,0,1,"- ","- ",37.063461303710938,-120.85391235351562,MERCED,"LOS BANOS",-120.85524749755859,37.063457489013672
8945392,2019,2019-10-09,2404,2019-03-04,2220,X42,,1,5,3,2404,0,0,0,,0,,"HAMMATT AV","CAMPBELL AV",0.00,,Y,A,-,N,,,,,,,,,,Y,2,0,2,2,A,-,09,21802,,N,D,C,A,A,H,-,C,A,0,,,,,Y,,A,01,1,1,0,0,0,0,0,0,0,"- ","- ",37.386768341064453,-120.71227264404297,MERCED,LIVINGSTON,-120.71228790283203,37.38677978515625
8950035,2019,2019-10-09,2406,2019-08-22,1432,220,SOUTH,4,5,5,2406,0,0,0,,0,031,"MIMI LN","WEST CHILDS AV",131.00,N,N,A,-,N,,,,,,,,,,N,2,0,1,1,B,-,22,,,N,A,I,A,A,H,-,A,D,0,,,,,Y,,M,96,1,0,0,0,0,0,0,0,0,"- ","- ",,,MERCED,MERCED,-120.49810028076172,37.288536071777344
8950346,2019,2019-11-06,2406,2019-09-04,0135,162,2,3,5,5,2406,0,0,0,,0,020,"EAST 21ST ST","GLEN AV",95.00,E,N,A,-,N,,,,,,,,,,Y,2,0,1,2,A,-,03,22350,,F,C,G,A,A,H,-,C,D,0,,Y,,,Y,,A,01,1,0,0,0,0,0,1,0,0,"- ","- ",,,MERCED,MERCED,-120.46368408203125,37.299041748046875
8964308,2019,2019-11-15,2401,2019-09-12,1827,727,,4,5,3,2401,0,0,0,,0,003,"BOULDER DR","ALABAASTER CT",0.00,,N,A,-,N,,,,,,,,,,N,2,0,1,3,A,-,09,21801,A,N,A,C,A,A,H,-,A,D,0,,,Y,,Y,,A,01,1,0,0,0,0,0,0,0,1,"- ","- ",,,MERCED,ATWATER,-120.58698272705078,37.358631134033203
8970518,2019,2019-11-14,2406,2019-09-17,0753,281,1,2,5,5,2406,0,0,0,,0,011,"LOUGHBOROUGH DR","CHEYENNE DR",369.00,N,N,A,-,N,,,,,,,,,,Y,2,0,2,2,A,-,05,21650,,N,A,C,A,A,H,-,A,D,0,,,,,Y,,A,01,1,1,0,0,0,0,0,0,0,"- ","- ",,,MERCED,MERCED,-120.49941253662109,37.321487426757812
8970542,2019,2019-11-14,2406,2019-09-25,1349,265,1349,3,5,5,2406,0,0,0,,0,2406,"WEST 13TH ST","E ST",130.00,W,N,A,-,N,,,,,,,,,,N,2,0,1,2,A,-,11,21955,,N,G,B,D,A,H,-,A,A,0,Y,,,,Y,Y,N,60,1,0,0,0,1,0,0,0,0,"- ","- ",,,MERCED,MERCED,-120.47647857666016,37.293720245361328
8975381,2019,2020-06-03,2405,2019-09-07,1318,PD30,3,6,5,3,2405,0,0,0,,0,0B3,"W PACHECO BL","SOUZA RD",110.00,W,N,A,-,Y,MER,10,152,-,-,19.880,H,-,E,Y,2,0,3,2,A,-,03,22350,,N,C,C,A,A,H,-,A,D,0,,,,,Y,,A,01,1,2,0,0,0,0,0,0,0,"- ","- ",37.056598663330078,-120.86028289794922,MERCED,"LOS BANOS",-120.86026000976562,37.056880950927734
8979581,2019,2019-12-04,2406,2019-10-06,2128,110,SOUTH,7,5,5,2406,0,0,0,,0,030,"MARTIN LUTHER KING WY","WEST 12TH ST",138.00,N,N,A,-,N,,,,,,,,,,N,2,0,1,2,A,-,11,21954,A,N,G,B,D,A,H,-,C,D,0,Y,,,,Y,,N,60,1,0,0,0,1,0,0,0,0,"- ","- ",,,MERCED,MERCED,-120.48339080810547,37.295028686523438
8982521,2019,2019-11-25,2406,2019-10-14,1555,283,2,1,5,5,2406,0,0,0,,0,020,"M ST","WEST MAIN ST",0.00,,Y,A,-,N,,,,,,,,,,N,2,0,1,2,A,-,10,21950,A,N,G,B,B,A,H,-,A,A,0,Y,,,,Y,,A,07,1,0,0,0,1,0,0,0,0,"- ","- ",,,MERCED,MERCED,-120.48483276367188,37.302009582519531
90007982,2015,2015-10-19,9460,2015-08-10,0612,018903,,1,1,9,2400,0,1,3,,1,165,SR-165,"FOWLER RD",493.00,N,N,A,-,Y,,,165,,,,,,,Y,2,0,1,2,A,-,03,22350,,N,C,C,A,A,H,-,A,D,0,,,,Y,Y,,A,08,1,0,0,0,0,0,0,0,0,"- ","- ",37.441389999999998,-120.84939,MERCED,UNINCORPORATED,-120.84937343999999,37.44138933
90009009,2015,2015-10-19,9460,2015-08-09,1530,019500,,7,2,9,2400,0,3,5,,2,020,"NORTH AVE","CORTEZ AVE",0.00,,Y,A,-,N,,,,,,,,,,Y,2,0,4,2,A,-,12,22450,A,N,D,C,A,A,H,-,A,A,0,,,,,Y,Y,A,01,1,1,2,0,0,0,0,0,0,"- ","- ",37.441000000000003,-120.7403,MERCED,UNINCORPORATED,-120.74011994999999,37.441009899999997
90011843,2015,2015-10-19,9461,2015-08-23,2102,018928,,7,2,9,2400,0,1,3,,1,465,SR-165,"SAN JOAQUIN RIVER",3168.00,S,N,A,-,Y,,,165,,,,,,,Y,2,0,2,2,A,-,01,23152,A,N,A,C,A,A,H,-,D,D,0,,,,,Y,Y,D,22,1,1,0,0,0,0,0,0,0,"- ","- ",37.285960000000003,-120.8514,MERCED,UNINCORPORATED,-120.85133802,37.285960019999997
90019753,2015,2015-10-19,9460,2015-08-30,0500,019665,,7,3,9,2400,0,3,5,,2,020,"OAKDALE ROAD","TURLOCK ROAD",152.00,W,N,A,-,N,,,,,,,,,,Y,2,0,1,1,A,-,01,23152,A,N,E,I,A,A,H,-,D,D,0,,,,,Y,Y,A,01,1,0,0,0,0,0,0,0,0,"- ","- ",37.477170000000001,-120.64494999999999,MERCED,UNINCORPORATED,-120.64498549,37.477250269999999
90020327,2015,2015-10-19,9460,2015-09-21,0229,020012,,1,3,5,2406,0,1,3,,2,003,"SR-99 (S/B)","ROAD 15",6336.00,N,N,A,-,Y,,,,,,,,,,Y,2,0,1,1,A,-,01,23152,A,N,E,I,A,A,H,-,D,D,0,,,,,Y,Y,D,22,1,0,0,0,0,0,0,0,0,"- ","- ",37.14828,-120.28565999999999,MERCED,MERCED,-120.47248,37.295780000000001
90020547,2015,2015-10-19,9461,2015-09-20,1533,019724,,7,2,9,2400,0,1,1,,2,105,"I-5 S/B","COTTONWOOD RD",1584.00,S,N,A,-,Y,,,5,,,,,,S,Y,2,0,1,1,A,-,08,22107,,N,E,I,A,A,H,-,A,D,0,,,,,Y,,A,08,1,0,0,0,0,0,0,0,0,"- ","- ",37.186360000000001,-121.06922,MERCED,UNINCORPORATED,-121.06928465,37.186317940000002
90023126,2015,2015-10-19,9460,2015-09-12,2105,018951,,6,2,9,2400,0,3,5,,2,040,"SHAFFER ROAD","FISHER ROAD",618.00,S,N,A,-,N,,,,,,,,,,Y,2,0,2,2,A,-,01,23152,A,N,A,C,A,A,H,-,D,D,0,,,,,Y,Y,A,01,1,1,0,0,0,0,0,0,0,"- ","- ",37.430860000000003,-120.59443,MERCED,UNINCORPORATED,-120.59445574999999,37.431213229999997
90026390,2015,2015-10-19,9460,2015-09-28,1718,018422,,1,2,9,2400,0,1,3,,1,590,SR-59,"BREEZE AVE.",31.00,N,N,B,-,Y,,,59,,,,,,,Y,2,0,1,2,A,-,03,22350,,N,C,C,A,A,H,-,A,D,0,,,Y,,Y,,C,02,1,0,0,0,0,0,0,0,1,"- ","- ",37.368160000000003,-120.5033,MERCED,UNINCORPORATED,-120.50322186,37.368157949999997
90027958,2015,2015-10-19,9461,2015-09-29,0318,020351,,2,3,9,2400,0,1,3,,1,465,"SR-165 N/B","MERVEL AVE",2112.00,N,N,A,-,Y,,,165,,,,,,N,Y,2,0,2,2,A,-,03,22350,,N,C,C,A,A,H,-,D,D,0,,,,,Y,,A,01,1,0,1,0,0,0,0,0,0,"- ","- ",36.974609999999998,-120.83741000000001,MERCED,UNINCORPORATED,-120.83744797999999,36.974610589999998
90029426,2015,2015-10-19,9461,2015-10-02,1930,019052,,5,2,9,2400,0,1,3,,1,465,SR-165,"WOLFSEN RD",486.00,S,N,A,-,Y,,,165,,,,,,,Y,2,0,3,3,A,-,05,21460,A,N,B,C,A,A,H,-,D,D,0,,,,,Y,,A,01,1,0,2,0,0,0,0,0,0,"- ","- ",37.145209999999999,-120.82538,MERCED,UNINCORPORATED,-120.82543711,37.145250670000003
90034327,2015,2015-10-20,9460,2015-10-03,2025,019378,,6,2,9,2400,0,3,5,,2,040,"CENTER ST","GERARD AVE",0.00,,Y,A,-,N,,,,,,,,,,N,2,0,1,2,A,-,09,21801,A,N,H,G,A,A,H,-,C,D,0,,Y,,,Y,Y,D,22,1,0,0,0,0,0,1,0,0,"- ","- ",37.654809999999998,-120.18932,MERCED,UNINCORPORATED,-120.61479,37.388129890000002
90037803,2015,2015-10-26,9461,2015-10-14,1623,019052,,3,2,9,2400,0,1,3,,1,503,SR-33,"BARCELLOS RD",1200.00,N,N,B,-,Y,,,33,,,,,,,Y,2,0,4,2,A,-,01,23152,A,N,D,C,A,A,H,-,A,D,0,,,,,Y,Y,A,01,1,3,0,0,0,0,0,0,0,"- ","- ",37.03586,-120.63554999999999,MERCED,UNINCORPORATED,-120.63557582999999,37.035859989999999
90042126,2015,2015-11-02,9460,2015-10-23,2010,019640,,5,2,9,2400,0,1,3,,2,003,"SR-99 (S/B)","MISSION AVE",1584.00,S,N,A,-,Y,,,99,,,,,,,Y,2,0,1,2,A,-,01,23152,A,N,B,C,A,A,H,-,C,D,0,,,,Y,Y,Y,A,01,1,0,0,0,0,0,0,0,0,"- ","- ",37.270049999999998,-120.43355,MERCED,UNINCORPORATED,-120.43363899000001,37.269984620000002
90044159,2015,2015-11-04,9461,2015-11-01,0110,019923,,7,3,9,2400,0,3,5,,2,040,"MIDWAY RD",SR-152,4752.00,N,N,A,-,N,,,,,,,,,,Y,2,0,2,1,A,-,01,23152,A,N,F,A,A,A,H,-,D,D,0,,,,,Y,Y,A,01,1,1,0,0,0,0,0,0,0,"- ","- ",37.065860000000001,-120.74311,MERCED,UNINCORPORATED,-120.74328315,37.066373140000003
90047087,2015,2015-11-09,9460,2015-11-08,2151,020117,,7,2,9,2400,0,3,5,,2,030,"WALNUT AVE","SULTANA DR",35.00,W,N,C,-,Y,,,,,,,,,,Y,2,0,1,1,A,-,01,23152,A,N,E,I,A,B,H,-,D,D,0,,,,,Y,Y,A,01,1,0,0,0,0,0,0,0,0,"- ","- ",37.389479999999999,-120.68911,MERCED,UNINCORPORATED,-120.68643045,37.389520439999998
90062425,2015,2015-12-01,9460,2015-11-25,2315,019237,,3,3,9,2400,0,1,3,,2,001,"OLD LAKE ROAD","GOLF ROAD",50.00,E,N,A,-,N,,,,,,,,,,N,2,0,1,1,A,-,03,22350,,N,F,A,A,A,H,-,D,A,0,,,Y,,Y,,C,02,1,0,0,0,0,0,0,0,1,"- ","- ",37.298720000000003,-120.27261,MERCED,UNINCORPORATED,-120.45008798000001,37.37575047
9006407,2019,2020-01-09,2405,2019-10-29,1621,23,5,2,5,3,2405,0,0,0,,0,B4/1,"CABERNET ST","SANTA BARBARA ST",0.00,,Y,A,-,N,,,,,,,,,,Y,2,0,1,2,A,-,10,21950,,N,G,B,B,A,H,-,A,D,0,Y,,,,Y,,A,01,1,0,0,0,1,0,0,0,0,"- ","- ",37.076129913330078,-120.85076904296875,MERCED,"LOS BANOS",-120.85050201416016,37.076339721679688
90064283,2015,2015-12-02,9460,2015-10-19,0720,018806,,1,1,5,2406,1,4,S,,2,901,"NORTHWOOD DRIVE","R"" STREET""",16.00,E,N,A,-,N,,,,,,,,,,N,2,0,1,2,A,-,10,21950,A,N,G,B,B,A,H,-,A,D,0,Y,,,,Y,,H,13,1,0,0,0,1,0,0,0,0,"- ","- ",37.1858,-120.29111,MERCED,MERCED,-120.486543,37.316118000000003
90065812,2015,2015-12-04,9460,2015-08-25,1341,018577,,2,1,9,2400,0,2,4,,1,041,"SANTA FE DR","BEACHWOOD DR",0.00,,Y,A,-,N,,,,,,,,,,Y,1,1,2,2,A,-,12,21453,A,N,D,C,A,A,H,-,A,A,0,,,,,Y,,D,23,0,1,1,0,0,0,0,0,0,"- ","- ",33.332299999999996,-120.52761,MERCED,UNINCORPORATED,-120.52762986,37.332279919999998
90080499,2015,2015-12-22,9461,2015-11-19,1740,019052,,4,2,9,2400,0,1,3,,1,152,"SR-152 E/B","LOWER COTTONWOOD",1056.00,W,N,A,-,Y,,,152,,,,,,E,Y,1,1,4,2,A,-,08,22107,,N,A,C,A,A,H,-,D,D,0,,,,,Y,,A,01,2,0,2,0,0,0,0,0,0,"- ","- ",37.102510000000002,-121.1247,MERCED,UNINCORPORATED,-121.12473109,37.102450310000002
90084733,2015,2015-12-29,9460,2015-09-19,2210,019604,,6,3,9,2400,0,3,5,,2,100,"PEACH AVENUE","HOWARD ROAD",0.00,,Y,A,-,N,,,,,,,,,,Y,1,1,0,1,A,-,01,23152,A,N,E,I,A,A,B,-,D,D,0,,,Y,,Y,Y,C,02,0,0,0,0,0,0,0,1,0,"- ","- ",37.37518,-120.77794,MERCED,UNINCORPORATED,-120.77796992,37.375149909999998
90087804,2015,2016-01-04,9461,2015-12-21,0755,017329,,1,1,9,2400,0,3,5,,2,050,"MERRILL AVENUE","BRANNON AVENUE",0.00,,Y,B,-,N,,,,,,,,,,Y,2,0,1,2,A,-,09,21802,A,N,D,C,A,A,H,-,A,D,0,,,,,Y,,A,01,1,0,0,0,0,0,0,0,0,"- ","- ",36.952660000000002,-120.59976,MERCED,UNINCORPORATED,-120.59959993,36.952640029999998
90088065,2015,2016-01-05,9460,2015-11-21,2051,020012,,6,2,9,2400,0,1,3,,1,591,SR-59,"MCNAMARA RD",2640.00,N,N,A,-,N,,,59,,,,,,,Y,2,0,1,3,A,-,05,21650,,F,A,C,A,A,H,-,D,D,0,,,,Y,Y,,A,01,1,0,0,0,0,0,0,0,0,"- ","- ",37.236800000000002,-120.488,MERCED,UNINCORPORATED,-120.48803832999999,37.23679997
90088638,2015,2016-01-05,9460,2015-11-19,0416,019637,,4,3,9,2400,0,3,5,,2,050,"OLIVE AVE","KIBBY RD",4752.00,E,N,A,-,N,,,,,,,,,,Y,1,1,0,1,A,-,08,22107,,N,E,I,A,A,H,-,D,D,0,,,,,Y,,A,01,0,0,0,0,0,0,0,0,0,"- ","- ",37.317950000000003,-120.39798,MERCED,UNINCORPORATED,-120.39854411,37.317906350000001
90092723,2015,2016-01-11,9461,2015-11-30,2100,017911,,1,2,9,2400,0,1,3,,1,152,"SR-152 W/B","UPPER COTTONWOOD",10560.00,E,N,A,-,Y,,,152,,,,,,W,Y,1,1,1,1,A,-,08,22107,,N,F,A,A,A,H,-,D,D,0,,,,,Y,,A,01,0,1,0,0,0,0,0,0,0,"- ","- ",37.088560000000001,-121.15957,MERCED,UNINCORPORATED,-121.15962613000001,37.08862534
90098915,2016,2016-01-20,9461,2016-01-06,1742,017029,,3,2,9,2400,0,1,3,,1,503,"SR-33 N/B","STEARMAN ST.",144.00,N,N,B,-,Y,,,33,,,,,,N,Y,2,0,1,2,A,-,05,21650,,N,D,C,A,B,H,-,D,D,0,,,,,Y,,A,01,1,0,0,0,0,0,0,0,0,"- ","- ",36.978349999999999,-120.63565,MERCED,UNINCORPORATED,-120.63560031,36.978349829999999
90099436,2015,2016-01-21,9461,2015-12-10,0400,018354,,4,3,9,2400,0,3,5,,2,020,"CREEK RD.","SUNSET RD.",2112.00,S,N,A,-,N,,,,,,,,,,Y,1,1,1,1,A,-,01,23152,A,N,E,I,A,A,H,-,D,D,0,,,,,Y,Y,D,22,1,0,0,0,0,0,0,0,0,"- ","- ",37.0244,-120.89058,MERCED,UNINCORPORATED,-120.89073999999999,37.027610000000003
90102319,2016,2016-01-26,9461,2016-01-14,0211,020008,,4,3,9,2400,0,3,5,,2,050,"EUCALYPTUS RD","BRITTO RD",0.00,,Y,A,-,N,,,,,,,,,,Y,2,0,2,1,A,-,03,22350,,F,E,I,A,A,H,-,D,D,0,,,,,Y,,A,01,2,0,0,0,0,0,0,0,0,"- ","- ",37.011159999999997,-120.70807000000001,MERCED,UNINCORPORATED,-120.70798986,37.011170020000002
90112998,2016,2016-02-10,9460,2016-02-04,0501,019640,,4,3,9,2400,0,3,5,,2,020,"EL CAPITAN WAY","SANTA FE DR",350.00,E,N,A,-,N,,,,,,,,,,Y,2,0,2,1,A,-,01,23152,E,N,E,I,A,A,H,-,D,A,0,,,,,Y,,A,01,1,1,0,0,0,0,0,0,0,"- ","- ",37.433819999999997,-120.67498000000001,MERCED,UNINCORPORATED,-120.67442518,37.433644979999997
90113920,2016,2016-02-11,9461,2016-01-23,2021,017029,,6,2,9,2400,0,3,5,,2,020,"CENTER AVE","COTTON RD",17.00,S,N,B,-,N,,,,,,,,,,Y,1,1,0,3,A,-,01,23152,A,N,B,C,A,A,H,-,D,A,0,,,,,Y,Y,A,07,0,0,0,0,0,0,0,0,0,"- ","- ",37.012860000000003,-120.85494,MERCED,UNINCORPORATED,-120.85498077,37.012923319999999
90113950,2015,2016-02-11,9460,2015-12-18,1730,019378,,5,2,9,2400,0,3,5,,2,090,"ATWATER JORDAN RD","ARENA WAY",6.00,W,N,A,-,N,,,,,,,,,,Y,1,1,0,2,A,-,09,21801,A,N,A,C,A,A,H,-,D,D,0,,,Y,,Y,,D,22,0,0,0,0,0,0,0,1,0,"- ","- ",37.331330000000001,-120.67806,MERCED,UNINCORPORATED,-120.67808063,37.33132002
90120492,2016,2016-02-22,9460,2016-02-11,2500,020365,,4,4,9,2400,0,3,5,,2,030,"WALNUT AVE","SULTANA AVE",1584.00,W,N,A,-,N,,,,,,,,,,Y,2,0,1,1,A,-,08,22107,,N,E,I,A,A,H,-,D,D,0,,,,,Y,,A,01,1,0,0,0,0,0,0,0,0,"- ","- ",37.38964,-120.69159999999999,MERCED,UNINCORPORATED,-120.6917613,37.38953978
9013034,2019,2020-02-20,2405,2019-10-25,0421,PD126,,5,5,3,2405,0,0,0,,0,0B1,"H ST","OVERLAND AV",151.00,S,N,A,-,N,,,,,,,,,,Y,2,0,1,2,A,-,03,22350,,N,H,G,A,A,H,-,D,A,0,,Y,,,Y,,-,,1,0,0,0,0,0,1,0,0,"- ","- ",37.073009490966797,-120.87122344970703,MERCED,"LOS BANOS",-120.870796,37.072800000000001
90134654,2016,2016-03-11,9460,2016-02-13,1633,018806,,6,2,9,2400,0,1,3,,1,590,"LA GRANGE ROAD","FIELDS ROAD",7920.00,N,N,A,-,Y,,,,,,,,,,Y,2,0,5,3,A,-,08,22107,,N,A,C,A,A,H,-,A,D,0,,,,,Y,,A,01,3,1,1,0,0,0,0,0,0,"- ","- ",37.584380000000003,-120.43387,MERCED,UNINCORPORATED,-120.43304585999999,37.583880639999997
90135707,2016,2016-03-14,9461,2016-03-09,1625,018910,,3,2,9,2400,0,2,4,,1,110,"INGOMAR GRADE","HENRY MILLER AVENUE",5280.00,N,N,A,-,N,,,,,,,,,,Y,2,0,1,1,A,-,08,22107,,N,E,I,A,A,H,-,A,D,0,,,,,Y,,A,01,1,0,0,0,0,0,0,0,0,"- ","- ",37.10962,-120.94009,MERCED,UNINCORPORATED,-120.94139355999999,37.111443149999999