CASE_ID,ACCIDENT_YEAR,PROC_DATE,JURIS,COLLISION_DATE,COLLISION_TIME,OFFICER_ID,REPORTING_DISTRICT,DAY_OF_WEEK,CHP_SHIFT,POPULATION,CNTY_CITY_LOC,SPECIAL_COND,BEAT_TYPE,CHP_BEAT_TYPE,CITY_DIVISION_LAPD,CHP_BEAT_CLASS,BEAT_NUMBER,PRIMARY_RD,SECONDARY_RD,DISTANCE,DIRECTION,INTERSECTION,WEATHER_1,WEATHER_2,STATE_HWY_IND,CALTRANS_COUNTY,CALTRANS_DISTRICT,STATE_ROUTE,ROUTE_SUFFIX,POSTMILE_PREFIX,POSTMILE,LOCATION_TYPE,RAMP_INTERSECTION,SIDE_OF_HWY,TOW_AWAY,COLLISION_SEVERITY,NUMBER_KILLED,NUMBER_INJURED,PARTY_COUNT,PRIMARY_COLL_FACTOR,PCF_CODE_OF_VIOL,PCF_VIOL_CATEGORY,PCF_VIOLATION,PCF_VIOL_SUBSECTION,HIT_AND_RUN,TYPE_OF_COLLISION,MVIW,PED_ACTION,ROAD_SURFACE,ROAD_COND_1,ROAD_COND_2,LIGHTING,CONTROL_DEVICE,CHP_ROAD_TYPE,PEDESTRIAN_ACCIDENT,BICYCLE_ACCIDENT,MOTORCYCLE_ACCIDENT,TRUCK_ACCIDENT,NOT_PRIVATE_PROPERTY,ALCOHOL_INVOLVED,STWD_VEHTYPE_AT_FAULT,CHP_VEHTYPE_AT_FAULT,COUNT_SEVERE_INJ,COUNT_VISIBLE_INJ,COUNT_COMPLAINT_PAIN,COUNT_PED_KILLED,COUNT_PED_INJURED,COUNT_BICYCLIST_KILLED,COUNT_BICYCLIST_INJURED,COUNT_MC_KILLED,COUNT_MC_INJURED,PRIMARY_RAMP,SECONDARY_RAMP,LATITUDE,LONGITUDE,COUNTY,CITY,POINT_X,POINT_Y
90148554,2016,2016-03-31,9461,2016-03-27,1940,018910,,7,2,9,2400,0,1,3,,1,152,"SR-152 EASTBOUND","ROMERO VISITOR CENTER",30.00,E,N,A,-,Y,,,152,,,,,,E,Y,2,0,8,3,A,-,09,21801,A,N,B,C,A,A,H,-,C,D,0,,,,,Y,,A,01,1,3,4,0,0,0,0,0,0,"- ","- ",37.0837,-121.10149,MERCED,UNINCORPORATED,-121.10150473,37.083639159999997
90148921,2016,2016-04-01,9461,2016-03-18,1142,018928,,5,1,9,2400,0,1,1,,2,105,"I-5 S/B","WHITWORTH RD",528.00,S,N,A,-,Y,,,5,,,,,,S,Y,2,0,1,2,A,-,08,22107,,N,B,C,A,A,H,-,A,D,0,,,,Y,Y,,A,01,1,0,0,0,0,0,0,0,0,"- ","- ",37.129989999999999,-121.03243999999999,MERCED,UNINCORPORATED,-121.0324672,37.129972209999998
90152659,2016,2016-04-07,9461,2016-03-23,2500,018928,,3,4,9,2400,0,1,1,,2,205,"I-5 N/B TO SR-152",SR-152,770.00,S,N,A,-,Y,,,5,,,,R,,N,Y,1,1,0,1,A,-,01,23152,A,N,F,A,A,A,H,-,C,D,0,,,,,Y,Y,A,01,0,0,0,0,0,0,0,0,0,"- ","- ",37.055520000000001,-120.96783000000001,MERCED,UNINCORPORATED,-120.96783000000001,37.055520000000001
90155483,2016,2016-04-12,9460,2016-04-05,2220,019923,,2,3,9,2400,0,3,5,,2,060,"CHILDS AVE","WHEALAN RD",1584.00,E,N,A,-,N,,,,,,,,,,Y,2,0,1,1,A,-,08,22107,,N,E,I,A,A,H,-,D,D,0,,,,,Y,,A,01,1,0,0,0,0,0,0,0,0,"- ","- ",37.288260000000001,-120.33872,MERCED,UNINCORPORATED,-120.33763976,37.288139219999998
9015934,2019,2020-06-03,2405,2019-10-26,1012,PD18,3,6,5,3,2405,0,0,0,,0,0B3,"E PACHECO BL","7TH ST",200.00,W,N,A,-,Y,MER,10,152,-,-,20.550,H,-,W,Y,2,0,6,5,A,-,01,23153,A,N,C,C,A,A,H,-,A,A,0,,,,,Y,Y,D,22,3,1,2,0,0,0,0,0,0,"- ","- ",37.056529998779297,-120.84815216064453,MERCED,"LOS BANOS",-120.84838104248047,37.056892395019531
90159560,2016,2016-04-18,9460,2016-03-15,1650,015759,,2,2,9,2400,0,2,4,,1,101,"WESTSIDE BLVD.","ROBIN AVENUE",43.00,W,N,A,-,N,,,,,,,,,,Y,1,1,1,2,A,-,01,23152,A,N,C,C,A,A,H,-,A,A,0,,,,,Y,Y,A,08,1,0,0,0,0,0,0,0,0,"- ","- ",37.36045,-120.74193,MERCED,UNINCORPORATED,-120.74205793,37.360460009999997
9015974,2019,2020-01-17,2405,2019-10-01,1812,PD23,6,2,5,3,2405,0,0,0,,0,B42,"PLACE RD","OVERLAND AV",0.00,,-,A,-,N,,,,,,,,,,N,2,0,1,2,A,-,08,22107,,N,D,G,A,A,H,-,A,D,0,,Y,,,Y,,L,04,1,0,0,0,0,0,1,0,0,"- ","- ",37.073310852050781,-120.82628631591797,MERCED,"LOS BANOS",-120.82627105712891,37.073310852050781
9015986,2019,2020-09-15,2405,2019-11-03,0201,PD21,2,7,5,3,2405,0,0,0,,0,0B2,"RT 152","RT 152 2500",0.00,,Y,A,-,Y,MER,10,152,-,R,36.550,H,-,W,Y,2,0,1,1,D,-,00,,,N,C,E,A,A,H,-,D,D,0,,,,Y,Y,,-,"- ",1,0,0,0,0,0,0,0,0,"- ","- ",37.057159423828125,-120.81339263916016,MERCED,"LOS BANOS",-120.56073760986328,37.053314208984375
9015994,2019,2020-06-03,2405,2019-11-05,0825,PD35,1,2,5,3,2405,0,0,0,,0,0B1,"RT 152","IOWA AV",24.00,W,N,A,-,Y,MER,10,152,-,-,19.820,H,-,W,Y,2,0,3,3,A,-,03,22350,,N,C,C,A,A,H,-,A,D,0,,,,,Y,,A,01,3,0,0,0,0,0,0,0,0,"- ","- ",37.057331085205078,-120.86155700683594,MERCED,"LOS BANOS",-120.86141204833984,37.056880950927734
90164563,2016,2016-04-25,9460,2016-04-15,0110,019106,,5,3,5,2406,0,1,3,,2,003,"SR-99 (N/B)","WEST 16TH STREET",1584.00,S,N,A,-,Y,,,99,,,,,,,Y,2,0,1,2,A,-,01,23152,A,N,E,I,A,A,H,-,D,D,0,,,,Y,Y,Y,A,01,1,0,0,0,0,0,0,0,0,"- ","- ",37.30688,-120.50891,MERCED,MERCED,-120.50886392,37.306927299999998
90167612,2016,2016-04-28,9461,2016-04-16,2350,020351,,6,3,9,2400,0,1,3,,1,103,"SR-33 S/B","CANAL SCHOOL RD",2746.00,N,N,A,-,Y,,,33,,,,,,S,Y,2,0,3,1,A,-,01,23152,A,N,F,A,A,A,H,-,D,D,0,,,,,Y,Y,A,01,1,1,1,0,0,0,0,0,0,"- ","- ",37.290730000000003,-121.01138,MERCED,UNINCORPORATED,-121.01114293000001,37.290820760000003
90169703,2016,2016-04-29,9460,2016-04-15,0608,018806,,5,1,9,2400,0,1,3,,2,002,"SR-99 (S/B)","HAMMATT AVENUE",3696.00,S,N,A,-,Y,,,99,,,,,,,Y,2,0,3,1,A,-,08,22107,,N,F,A,A,A,H,-,A,D,0,,,,,Y,,A,01,1,2,0,0,0,0,0,0,0,"- ","- ",37.379240000000003,-120.70071,MERCED,UNINCORPORATED,-120.70066549000001,37.37936199
90194808,2016,2016-06-06,9460,2016-03-28,1634,018422,,1,2,9,2400,0,1,3,,1,591,SR-59,"FREITAS AVE",0.00,,Y,B,-,Y,,,59,,,,,,,Y,1,1,0,1,A,-,08,22107,,N,E,I,A,A,H,-,A,D,0,,,,,Y,,D,22,0,0,0,0,0,0,0,0,0,"- ","- ",37.18,-120.49147000000001,MERCED,UNINCORPORATED,-120.49155227999999,37.180035750000002
90196408,2016,2016-06-07,9460,2016-04-14,1400,018422,,4,2,9,2400,0,1,3,,1,591,SR-59,"MCNAMARA RD",3168.00,N,N,A,-,Y,,,59,,,,,,,Y,1,2,2,2,A,-,06,21751,,N,A,C,A,A,H,-,A,D,0,,,,,Y,,A,01,2,0,0,0,0,0,0,0,0,"- ","- ",37.238190000000003,-120.48808,MERCED,UNINCORPORATED,-120.48803952999999,37.238190039999999
90197776,2016,2016-06-09,9461,2016-06-04,1815,016452,,6,2,9,2400,0,3,5,,2,040,"INDIANA AVE.","HUTCHINS RD",1584.00,N,N,A,-,N,,,,,,,,,,Y,2,0,1,1,A,-,08,22107,,N,E,I,A,A,H,-,A,D,0,,,Y,,Y,,C,02,1,0,0,0,0,0,0,0,1,"- ","- ",37.087020000000003,-120.60151,MERCED,UNINCORPORATED,-120.60155431,37.08738984
90201908,2016,2016-06-15,9460,2016-05-19,1010,019005,,4,1,9,2400,0,1,3,,2,002,"SR-99 (S/B)","BERT CRANE ROAD",528.00,N,N,A,-,Y,,,99,,,,,,,Y,2,0,1,2,A,-,03,22350,,N,D,C,A,A,H,-,A,D,0,,,,Y,Y,,A,01,1,0,0,0,0,0,0,0,0,"- ","- ",37.355690000000003,-120.6361,MERCED,UNINCORPORATED,-120.636088,37.355725329999999
90202624,2016,2016-06-15,9460,2016-04-05,1355,015256,,2,1,9,2400,0,3,5,,2,020,"EL CAPITAN WAY","SANTE FE DRIVE",3696.00,W,N,A,-,Y,,,,,,,,,,Y,1,1,0,2,A,-,01,23152,E,N,C,C,A,A,H,-,A,D,0,,,Y,Y,Y,,C,02,0,0,0,0,0,0,0,1,0,"- ","- ",37.433779999999999,-120.68771,MERCED,UNINCORPORATED,-120.68835683,37.433723100000002
90202867,2016,2016-10-11,9460,2016-03-18,1430,020365,,5,2,9,2400,0,3,5,,2,090,"DWIGHT WAY","BELL DR",528.00,S,N,A,-,N,,,,,,,,,,Y,2,0,1,2,A,-,08,22107,,F,F,A,A,A,H,-,A,D,0,,,Y,,Y,,C,06,1,0,0,0,0,0,0,0,1,"- ","- ",37.344479999999997,-120.70567,MERCED,UNINCORPORATED,-120.70568400000001,37.344480089999998
90225363,2016,2016-07-19,9461,2016-07-08,0100,019637,,5,3,9,2400,0,1,3,,1,153,"SR-152 E/B","VOLTA RD",3168.00,W,N,A,-,Y,,,152,,,,,,E,Y,2,0,3,1,A,-,08,22107,,N,F,A,A,A,H,-,D,D,0,,,,,Y,,A,07,1,1,1,0,0,0,0,0,0,"- ","- ",37.0565,-120.93838,MERCED,UNINCORPORATED,-120.93837696999999,37.056557980000001
90229310,2016,2016-07-25,9461,2016-07-17,1040,020008,,7,1,9,2400,0,1,3,,1,452,"SR-152 W/B","BOX CAR RD",528.00,W,N,A,-,Y,,,152,,,,,,W,Y,2,0,1,1,A,-,08,22107,,N,F,A,A,A,H,-,A,D,0,,,,,Y,,A,07,1,0,0,0,0,0,0,0,0,"- ","- ",37.055329999999998,-120.73694999999999,MERCED,UNINCORPORATED,-120.7369523,37.055180300000004
90233265,2016,2016-07-29,9460,2016-07-20,1700,020592,,3,2,9,2400,0,1,3,,2,001,"SR-99 (S/B)","SHANKS ROAD O/C",787.00,N,N,A,-,Y,,,99,,,,,,,Y,2,0,1,1,A,-,08,22107,,N,E,I,A,A,H,-,A,D,0,,,,,Y,,A,01,1,0,0,0,0,0,0,0,0,"- ","- ",37.437779999999997,-120.78469,MERCED,UNINCORPORATED,-120.7846306,37.437844269999999
90234514,2016,2016-08-01,9461,2016-07-03,1808,020543,,7,2,9,2400,0,1,1,,2,205,"I-5 N/B",SR-165,7920.00,N,N,A,-,Y,,,5,,,,,,N,N,1,1,0,2,A,-,07,21658,A,F,F,A,A,A,H,-,A,D,0,,,Y,,Y,,-,99,0,0,0,0,0,0,0,1,0,"- ","- ",37.003880000000002,-120.91856,MERCED,UNINCORPORATED,-120.91850798999999,37.003930789999998
90234964,2016,2016-08-01,9460,2016-03-13,2500,018806,,7,4,3,2401,0,1,3,,2,002,"SR-99 (SOUTHBOUND)","EAST ATWATER BLVD",528.00,S,N,B,C,Y,,,,,,,,,,Y,1,1,0,1,A,-,01,23152,F,N,E,I,A,B,H,-,D,D,0,,,,,Y,,A,07,0,0,0,0,0,0,0,0,0,"- ","- ",37.202280000000002,-120.35214999999999,MERCED,ATWATER,-120.62326534,37.350129690000003
90235942,2016,2016-08-02,9461,2016-07-29,1315,017329,,5,1,9,2400,0,1,1,,2,206,"I-5 N/B","FRESNO/MERCED COUNTY LINE",1056.00,N,N,A,-,Y,,,,,,,,,,Y,2,0,2,1,A,-,08,22107,,N,E,I,A,A,H,-,A,D,0,,,,,Y,,A,01,1,0,1,0,0,0,0,0,0,"- ","- ",36.858029999999999,-120.72902000000001,MERCED,UNINCORPORATED,,
90241792,2016,2017-10-19,9460,2016-04-19,1654,019661,,2,2,9,2400,0,2,4,,1,091,"ATWATER JORDAN RD","LINCOLN BLVD",0.00,,Y,A,-,N,,,,,,,,,,Y,1,1,2,2,A,-,12,22450,A,N,D,C,A,A,H,-,A,A,0,,,,Y,Y,,D,22,1,1,0,0,0,0,0,0,0,"- ","- ",37.331510000000002,-120.72384,MERCED,UNINCORPORATED,-120.72382992999999,37.331510110000004
90243543,2016,2016-08-12,9460,2016-08-05,0155,018922,,5,3,9,2400,0,1,3,,1,591,SR-59,"MCNAMARA ROAD",1584.00,N,N,A,-,Y,,,59,,,,,,,N,2,0,1,2,A,-,11,21954,A,N,G,B,E,A,H,-,D,D,0,Y,,,,Y,Y,N,60,1,0,0,0,1,0,0,0,0,"- ","- ",37.232770000000002,-120.48804,MERCED,UNINCORPORATED,-120.48803063,37.23276997
90244624,2016,2016-08-15,9460,2016-08-03,1940,019923,,3,2,9,2400,0,3,5,,2,050,"MERCED FALLS RD","HORNITOS RD",4224.00,N,N,A,-,Y,,,,,,,,,,Y,2,0,5,1,A,-,08,22107,,N,E,I,A,A,H,-,A,D,0,,,,,Y,,A,01,2,1,2,0,0,0,0,0,0,"- ","- ",37.535200000000003,-120.32787999999999,MERCED,UNINCORPORATED,-120.3284026,37.536062270000002
90244662,2016,2016-08-15,9460,2016-08-07,0155,019106,,7,3,9,2400,0,1,3,,2,003,"SR-99 (N/B)","MARIPOSA CREEK",147.00,S,N,A,-,Y,,,99,,,,,,,Y,2,0,4,2,A,-,08,22107,,N,C,C,A,A,H,-,D,D,0,,,,,Y,,A,07,1,2,1,0,0,0,0,0,0,"- ","- ",37.250070000000001,-120.4096,MERCED,UNINCORPORATED,-120.40988466,37.249730479999997
90247352,2016,2016-08-18,9460,2016-08-03,1915,020365,,3,2,9,2400,0,1,3,,1,590,SR-59,"SNELLING RD",2112.00,S,N,A,-,Y,,,59,,,,,,,N,2,0,1,1,A,-,08,22107,,N,E,I,A,A,H,-,A,D,0,,,Y,,Y,,C,02,1,0,0,0,0,0,0,0,1,"- ","- ",37.513800000000003,-120.45981,MERCED,UNINCORPORATED,-120.45982408,37.51390258
90247827,2016,2016-10-07,9460,2016-03-03,2000,019500,,4,2,9,2400,0,1,3,,1,165,SR-165,"THIRD AVE.",174.00,S,N,C,-,Y,,,165,,,,,,,Y,1,1,0,2,A,-,11,21956,A,N,G,B,E,B,H,-,D,D,0,Y,,,,Y,Y,N,60,0,0,0,1,0,0,0,0,0,"- ","- ",37.326999999999998,-120.8511,MERCED,UNINCORPORATED,-120.85112577,37.327000249999998
90249746,2016,2016-08-22,9461,2016-08-21,0325,019052,,7,3,9,2400,0,2,4,,1,110,"INGOMAR RD","COTTONWOOD RD",2112.00,S,N,A,-,N,,,,,,,,,,Y,2,0,2,1,A,-,01,23152,A,N,F,A,A,A,H,-,D,D,0,,,,,Y,Y,A,01,1,1,0,0,0,0,0,0,0,"- ","- ",37.182400000000001,-120.96959,MERCED,UNINCORPORATED,-120.9695466,37.181755549999998
90250275,2016,2016-08-23,9461,2016-08-16,1315,019724,,2,1,9,2400,0,1,3,,1,153,"I-5 N/B TO SR-152 W/B CONNECTOR","SR-152 W/B",30.00,N,N,A,-,Y,,,5,,,,R,,N,Y,2,0,1,1,A,-,08,22107,,N,F,A,A,A,H,-,A,D,0,,,,Y,Y,,G,27,1,0,0,0,0,0,0,0,0,"- ","- ",37.05686,-120.96845999999999,MERCED,UNINCORPORATED,-120.96845999999999,37.05686
90258122,2016,2016-08-31,9460,2016-07-09,1245,019918,,6,1,9,2400,0,3,5,,2,060,"CUNNINGHAM ROAD","CHILDS AVENUE",13728.00,S,N,A,-,N,,,,,,,,,,Y,1,2,0,1,A,-,08,22107,,N,E,I,A,A,H,-,A,D,0,,,,,Y,Y,A,01,0,0,0,0,0,0,0,0,0,"- ","- ",37.2485,-120.25264,MERCED,UNINCORPORATED,-120.25196,37.287219999999998
90259343,2016,2016-09-01,9460,2016-08-25,2045,020592,,4,2,9,2400,0,1,3,,2,002,"SR-99 (N/B)","HAMMATT AVENUE O/C",430.00,S,N,A,-,Y,,,99,,,,,,,Y,2,0,2,1,A,-,01,23152,A,N,F,A,A,A,H,-,D,D,0,,,,,Y,Y,A,01,1,1,0,0,0,0,0,0,0,"- ","- ",37.384619999999998,-120.71247,MERCED,UNINCORPORATED,-120.71240677,37.384762799999997
90259643,2016,2016-09-02,9461,2016-08-25,1355,017029,,4,1,9,2400,0,3,5,,2,020,"PIONEER RD","CENTER AVE.",6.00,E,N,A,-,N,,,,,,,,,,Y,2,0,1,1,A,-,01,23152,A,N,E,I,A,A,H,-,A,A,0,,,,,Y,Y,A,01,1,0,0,0,0,0,0,0,0,"- ","- ",37.042430000000003,-120.85354,MERCED,UNINCORPORATED,-120.85376943999999,37.042360000000002
90260044,2016,2016-09-02,9460,2016-06-08,0455,020156,,3,3,9,2400,0,1,3,,2,002,"SR-99 (S/B)","FRANKLIN RD",3696.00,S,N,A,-,Y,,,99,,,,,,,Y,1,1,1,2,A,-,01,23152,A,N,E,I,A,A,H,-,D,D,0,,,,,Y,Y,A,01,0,1,0,0,0,0,0,0,0,"- ","- ",37.316130000000001,-120.52803,MERCED,UNINCORPORATED,-120.52804655,37.316083820000003
90260175,2016,2016-09-02,9460,2016-08-17,1534,020807,,3,2,9,2400,0,3,5,,2,020,"EL CAPITAN WAY","BALLICO AVE",100.00,W,N,A,-,N,,,,,,,,,,Y,2,0,2,3,A,-,03,22350,,N,D,C,A,A,H,-,A,D,0,,,,Y,Y,,G,26,1,0,1,0,0,0,0,0,0,"- ","- ",37.433790000000002,-120.70156,MERCED,UNINCORPORATED,-120.70181432,37.43377383
90262080,2016,2016-09-06,9460,2016-08-27,1300,018623,,6,1,9,2400,0,3,5,,2,090,"MORAN ROAD","STRATFORD AVE",0.00,,Y,A,-,N,,,,,,,,,,Y,2,0,2,2,A,-,09,21801,A,N,A,C,A,A,H,-,A,D,0,,,Y,,Y,,D,22,1,0,1,0,0,0,0,0,1,"- ","- ",37.309289999999997,-120.60093000000001,MERCED,UNINCORPORATED,-120.60096999,37.309380040000001
90267467,2016,2016-09-14,9460,2016-09-04,0155,019665,,7,3,9,2400,0,3,5,,2,020,"TIFFANY LN.","CAMEO WAY",45.00,W,N,A,-,N,,,,,,,,,,Y,2,0,1,1,A,-,01,23152,A,N,E,I,A,A,H,-,C,D,0,,,,,Y,Y,D,22,1,0,0,0,0,0,0,0,0,"- ","- ",37.413719999999998,-120.85290999999999,MERCED,UNINCORPORATED,-120.85287493,37.413710000000002
90269046,2016,2016-09-16,9461,2016-09-08,1146,012458,,4,1,9,2400,0,1,3,,1,452,"SR-152 W/B","TURNER ISLAND RD",0.00,,Y,A,-,Y,,,152,,,,,,W,Y,2,0,3,2,A,-,09,21802,A,N,D,C,A,A,H,-,A,A,0,,,,Y,Y,,G,25,1,0,2,0,0,0,0,0,0,"- ","- ",37.054609999999997,-120.70565000000001,MERCED,UNINCORPORATED,-120.70564965,37.05462988
90271310,2016,2016-09-20,9460,2016-09-07,1710,020707,,3,2,9,2400,0,1,3,,1,591,SR-59,"MICHAEL RD",0.00,,Y,A,-,Y,,,59,,,,,,,Y,2,0,1,2,A,-,05,21752,D,N,B,C,A,A,H,-,A,D,0,,,,,Y,,D,22,1,0,0,0,0,0,0,0,0,"- ","- ",37.222000000000001,-120.48833,MERCED,UNINCORPORATED,-120.48801905000001,37.221999820000001
90275915,2016,2016-09-26,9461,2016-09-15,1948,020008,,4,2,9,2400,0,1,3,,1,452,"SR-152 E/B TO SR-33 (DOS PALOS Y)",SR-33,1056.00,W,N,A,-,Y,,,152,,,,R,,E,Y,2,0,2,1,A,-,08,22107,,N,F,A,A,A,H,-,C,D,0,,,,,Y,Y,A,01,1,1,0,0,0,0,0,0,0,"- ","- ",37.051189999999998,-120.63894999999999,MERCED,UNINCORPORATED,-120.63894999999999,37.051189999999998
90277743,2016,2016-09-28,9461,2016-09-24,0745,017329,,6,1,9,2400,0,1,3,,1,452,"SR-152 W/B","TURNER ISLAND ROAD",0.00,,Y,A,-,Y,,,152,,,,,,W,Y,2,0,2,2,A,-,09,21802,A,N,D,C,A,A,H,-,A,A,0,,,,,Y,Y,D,22,1,1,0,0,0,0,0,0,0,"- ","- ",37.054650000000002,-120.70572,MERCED,UNINCORPORATED,-120.70572034,37.054631149999999
90284952,2016,2016-10-05,9460,2016-03-30,1930,019604,,3,2,9,2400,0,1,3,,1,142,SR-140,"CENTRAL AVE",391.00,W,N,A,-,Y,,,140,,,,,,,Y,1,1,1,2,A,-,01,23152,A,N,A,C,A,A,H,-,B,D,0,,,,,Y,Y,A,07,1,0,0,0,0,0,0,0,0,"- ","- ",37.302199999999999,-120.65226,MERCED,UNINCORPORATED,-120.65226403,37.302264979999997
90285697,2016,2016-10-06,9461,2016-09-09,2352,020385,,5,3,9,2400,0,2,4,,1,115,"HENRY MILLER RD",I-5,3518.00,E,N,A,-,N,,,,,,,,,,Y,1,1,4,2,A,-,05,21650,,N,A,C,A,A,H,-,D,D,0,,,,,Y,,A,01,0,3,1,0,0,0,0,0,0,"- ","- ",37.1006,-120.99927,MERCED,UNINCORPORATED,-121.01096,37.100639999999999
90300180,2016,2016-10-25,9461,2016-10-15,0340,018670,,6,3,9,2400,0,1,3,,1,152,"SR-152 W/B","ROMERO VISITOR CENTER",2112.00,E,N,C,-,Y,,,152,,,,,,W,Y,2,0,1,1,A,-,08,22107,,N,E,I,A,B,H,-,D,D,0,,,,,Y,,A,07,1,0,0,0,0,0,0,0,0,"- ","- ",37.082990000000002,-121.09612,MERCED,UNINCORPORATED,-121.09613326,37.082900100000003
90305650,2016,2016-10-28,9461,2016-09-20,0108,020543,,2,3,9,2400,0,1,1,,2,105,"I-5 N/B","WHITWORTH RD",100.00,N,N,A,-,Y,,,5,,,,,,N,Y,1,1,2,3,A,-,08,22107,,N,D,C,A,A,H,-,D,D,0,,,,Y,Y,,G,25,0,0,2,0,0,0,0,0,0,"- ","- ",37.131959999999999,-121.0335,MERCED,UNINCORPORATED,-121.03338897,37.132032279999997
90334464,2016,2016-12-02,9460,2016-08-31,0216,020112,,3,3,9,2400,0,3,5,,2,060,"EAST SOUTH BEAR CREEK DRIVE","PARSONS AVE",604.00,W,N,A,-,N,,,,,,,,,,Y,1,1,0,1,A,-,01,23152,A,N,E,I,A,A,H,-,D,D,0,,,,,Y,Y,A,01,0,0,0,0,0,0,0,0,0,"- ","- ",37.309330000000003,-120.45355000000001,MERCED,UNINCORPORATED,-120.45338,37.309370000000001
90334671,2016,2016-12-01,9460,2016-08-06,1648,019918,,6,2,9,2400,0,3,5,,2,040,"TURLOCK RD","LOONEY RD",7392.00,E,N,A,-,N,,,,,,,,,,Y,1,1,0,1,A,-,01,23152,A,N,F,A,A,A,H,-,A,D,0,,,Y,,Y,Y,C,02,0,0,0,0,0,0,0,1,0,"- ","- ",37.474780000000003,-120.60584,MERCED,UNINCORPORATED,-120.60584812,37.474871039999996
90337995,2016,2017-06-29,9460,2016-08-15,2129,019005,,1,2,9,2400,0,3,5,,2,090,"ELLIOT AVENUE","CAMBRIDGE DR",306.00,E,N,A,-,N,,,,,,,,,,Y,1,1,0,2,A,-,01,23152,A,N,A,C,A,A,H,-,C,D,0,,,Y,,Y,Y,C,02,0,0,0,0,0,0,0,1,0,"- ","- ",37.320430000000002,-120.58353,MERCED,UNINCORPORATED,-120.58368802,37.32041177
90339192,2016,2016-12-07,9460,2016-11-10,1302,018422,,4,1,9,2400,0,1,3,,1,143,SR-140,"CUNNINGHAM RD.",0.00,,Y,B,-,Y,,,140,,,,,,,Y,2,0,2,2,A,-,09,21801,A,N,D,C,A,A,H,-,A,D,0,,,Y,,Y,,E,22,1,1,0,0,0,0,0,0,2,"- ","- ",37.327669999999998,-120.25156,MERCED,UNINCORPORATED,-120.25151022999999,37.327562980000003
90339901,2016,2016-12-08,9460,2016-11-27,2150,020156,,7,2,9,2400,0,3,5,,2,090,"SUNSET DR","CENTRAL AVE",528.00,W,N,B,C,N,,,,,,,,,,N,2,0,1,1,C,-,18,,,N,H,H,A,B,H,-,D,D,0,,,Y,,Y,,-,"- ",1,0,0,0,0,0,0,0,1,"- ","- ",37.338529999999999,-120.65276,MERCED,UNINCORPORATED,-120.65261585,37.338556060000002
90343924,2016,2016-12-13,9461,2016-12-11,2025,019838,,7,2,9,2400,0,1,3,,1,452,"SR-152 E/B","ARROYA AVE",100.00,W,N,A,-,N,,,152,,,,,,E,N,2,0,2,1,A,-,01,23152,A,N,E,I,A,A,H,-,D,D,0,,,,,Y,Y,A,01,1,1,0,0,0,0,0,0,0,"- ","- ",37.054079999999999,-120.67252999999999,MERCED,UNINCORPORATED,-120.67252995,37.054091679999999
90357777,2016,2016-12-29,9461,2016-12-17,1728,019838,,6,2,9,2400,0,2,S,,2,901,"WINTON WAY N/B","CRAWFORD ST.",130.00,S,N,A,-,N,,,,,,,,,,N,2,0,1,2,A,-,11,21954,A,N,G,B,D,A,H,-,C,D,0,Y,,,,Y,,N,60,1,0,0,0,1,0,0,0,0,"- ","- ",37.38364,-120.61359,MERCED,UNINCORPORATED,-120.61355734,37.383603039999997
90358593,2016,2016-12-30,9460,2016-12-16,1730,020117,,5,2,9,2400,0,1,3,,2,001,"SR-99 S/B TO BRADBURY ROAD","BRADBURY ROAD",0.00,,Y,A,-,Y,,,99,,,,R,,S,Y,2,0,2,2,A,-,09,21802,A,N,D,C,A,A,H,-,A,A,0,,,,,Y,,A,07,1,0,1,0,0,0,0,0,0,"- ","- ",37.448729999999998,-120.79908,MERCED,UNINCORPORATED,-120.798806,37.448813000000001
90359155,2016,2017-01-02,9460,2016-06-13,1242,018903,,1,1,9,2400,0,1,3,,2,001,"SR-99 (SOUTHBOUND)","COLLIER RD",2640.00,S,N,A,-,Y,,,99,,,,,,,Y,1,1,3,4,C,-,18,,,N,A,D,A,A,H,-,A,D,0,,,,Y,Y,,-,"- ",0,2,1,0,0,0,0,0,0,"- ","- ",37.40278,-120.74588,MERCED,UNINCORPORATED,-120.74588610000001,37.402774960000002
90362544,2016,2017-12-11,9461,2016-12-26,1920,019838,,1,2,9,2400,0,1,1,,2,305,"I-5 S/B","OXFORD AVE",585.00,S,N,A,-,Y,,,,,,,,,,Y,1,1,5,3,A,-,03,22350,,N,C,C,A,A,H,-,D,D,0,,,,,Y,,A,01,2,1,2,0,0,0,0,0,0,"- ","- ",36.759450000000001,-120.71153,MERCED,UNINCORPORATED,,
90364666,2016,2017-01-09,9460,2016-12-31,2200,020592,,6,3,9,2400,0,3,5,,2,040,"WINTON WAY","ARLENE DR",247.00,S,N,A,-,N,,,,,,,,,,Y,2,0,2,2,A,-,01,23152,E,N,A,E,A,A,H,-,D,D,0,,,,,Y,,A,01,1,1,0,0,0,0,0,0,0,"- ","- ",37.394449999999999,-120.61331,MERCED,UNINCORPORATED,-120.61338376,37.394501869999999
90371509,2016,2017-02-24,9460,2016-10-26,1543,015256,,3,2,5,2406,0,1,3,,2,003,"SR-99 (S/B)","CHILDS AVENUE",1056.00,N,N,A,-,Y,,,99,,,,,,,Y,2,0,4,2,A,-,05,21651,B,N,A,C,A,A,H,-,A,A,0,,,,,Y,,A,08,2,0,2,0,0,0,0,0,0,"- ","- ",37.290610000000001,-120.46066999999999,MERCED,MERCED,-120.46064421,37.290661900000003