CASE_ID,ACCIDENT_YEAR,PROC_DATE,JURIS,COLLISION_DATE,COLLISION_TIME,OFFICER_ID,REPORTING_DISTRICT,DAY_OF_WEEK,CHP_SHIFT,POPULATION,CNTY_CITY_LOC,SPECIAL_COND,BEAT_TYPE,CHP_BEAT_TYPE,CITY_DIVISION_LAPD,CHP_BEAT_CLASS,BEAT_NUMBER,PRIMARY_RD,SECONDARY_RD,DISTANCE,DIRECTION,INTERSECTION,WEATHER_1,WEATHER_2,STATE_HWY_IND,CALTRANS_COUNTY,CALTRANS_DISTRICT,STATE_ROUTE,ROUTE_SUFFIX,POSTMILE_PREFIX,POSTMILE,LOCATION_TYPE,RAMP_INTERSECTION,SIDE_OF_HWY,TOW_AWAY,COLLISION_SEVERITY,NUMBER_KILLED,NUMBER_INJURED,PARTY_COUNT,PRIMARY_COLL_FACTOR,PCF_CODE_OF_VIOL,PCF_VIOL_CATEGORY,PCF_VIOLATION,PCF_VIOL_SUBSECTION,HIT_AND_RUN,TYPE_OF_COLLISION,MVIW,PED_ACTION,ROAD_SURFACE,ROAD_COND_1,ROAD_COND_2,LIGHTING,CONTROL_DEVICE,CHP_ROAD_TYPE,PEDESTRIAN_ACCIDENT,BICYCLE_ACCIDENT,MOTORCYCLE_ACCIDENT,TRUCK_ACCIDENT,NOT_PRIVATE_PROPERTY,ALCOHOL_INVOLVED,STWD_VEHTYPE_AT_FAULT,CHP_VEHTYPE_AT_FAULT,COUNT_SEVERE_INJ,COUNT_VISIBLE_INJ,COUNT_COMPLAINT_PAIN,COUNT_PED_KILLED,COUNT_PED_INJURED,COUNT_BICYCLIST_KILLED,COUNT_BICYCLIST_INJURED,COUNT_MC_KILLED,COUNT_MC_INJURED,PRIMARY_RAMP,SECONDARY_RAMP,LATITUDE,LONGITUDE,COUNTY,CITY,POINT_X,POINT_Y
90375101,2017,2017-02-22,9461,2017-01-19,0855,017329,,4,1,9,2400,0,1,3,,1,152,"SR-152 W/B","ROMERO VISITORS CENTER",1584.00,E,N,B,-,Y,,,,,,,,,,Y,2,0,2,1,A,-,08,22107,,N,F,A,A,B,H,-,A,D,0,,,,,Y,,D,22,1,0,1,0,0,0,0,0,0,"- ","- ",37.140680000000003,-120.70705,MERCED,UNINCORPORATED,,
90375269,2016,2017-01-23,9460,2016-09-01,0840,017827,,4,1,9,2400,0,3,5,,2,010,"TEGNER RD.","GEER AVE.",0.00,,Y,A,-,N,,,,,,,,,,Y,1,1,0,2,A,-,09,21802,A,N,D,C,A,A,H,-,A,D,0,,,,,Y,,D,22,0,0,0,0,0,0,0,0,0,"- ","- ",37.397190000000002,-120.88670999999999,MERCED,UNINCORPORATED,-120.88667993,37.397259980000001
90377000,2017,2017-01-25,9461,2017-01-11,0328,020586,,3,3,9,2400,0,1,3,,1,152,"SR-152 E/B","DINOSAUR POINT RD",5280.00,E,N,B,G,Y,,,152,,,,,,E,Y,1,2,2,1,A,-,08,22107,,N,E,I,A,B,H,-,D,D,0,,,,,Y,,A,01,2,0,0,0,0,0,0,0,0,"- ","- ",37.077210000000001,-121.20538000000001,MERCED,UNINCORPORATED,-121.20537633000001,37.07715786
9037863,2019,2020-02-12,2405,2019-12-09,1925,PD16,2,1,5,3,2405,0,0,0,,0,0B2,"CANAL FARM LN","MILLER LN",644.00,W,N,A,-,N,,,,,,,,,,Y,2,0,2,2,A,-,03,22350,,N,A,B,E,A,H,-,C,D,0,Y,,,,Y,,A,01,1,1,0,0,1,0,0,0,0,"- ","- ",37.058940887451172,-120.83130645751953,MERCED,"LOS BANOS",-120.83123779296875,37.059192657470703
90381656,2016,2017-05-05,9460,2016-01-29,1625,015256,,5,2,9,2400,0,2,4,,1,071,"SANTA FE AVENUE","BURCHELL AVENUE",1584.00,S,N,A,-,N,,,,,,,,,,Y,1,2,0,1,A,-,08,22107,,F,E,I,A,A,H,-,A,A,0,,,,,Y,,A,01,0,0,0,0,0,0,0,0,0,"- ","- ",37.153410000000001,-120.17401,MERCED,UNINCORPORATED,-120.28483246,37.25979701
90386592,2016,2017-02-06,9460,2016-05-07,1149,017827,,6,1,9,2400,0,1,3,,2,003,"SR-99 (N/B)","E. MISSION AVE.",15.00,S,N,B,-,Y,,,99,,,,,,,Y,1,1,1,1,A,-,08,22107,,N,E,I,A,B,H,-,A,D,0,,,,,Y,,A,08,0,1,0,0,0,0,0,0,0,"- ","- ",37.274729999999998,-120.43745,MERCED,UNINCORPORATED,-120.43754849,37.2746165
90390152,2016,2017-02-10,9460,2016-12-02,1435,019661,,5,2,9,2400,0,3,5,,2,020,"FLOWER STREET","BRADBURY ROAD",0.00,,Y,A,-,N,,,,,,,,,,Y,2,0,2,2,A,-,01,23152,E,F,D,C,A,A,H,-,A,D,0,,,,Y,Y,,A,01,1,1,0,0,0,0,0,0,0,"- ","- ",37.448749999999997,-120.80101999999999,MERCED,UNINCORPORATED,-120.80105992999999,37.44875991
90391559,2017,2017-02-13,9460,2017-02-06,0821,019005,,1,1,9,2400,0,3,5,,2,050,"SANTA FE AVENUE","MCKEE RD",529.00,W,N,B,-,N,,,,,,,,,,N,2,0,1,2,A,-,11,21954,A,N,G,B,D,B,H,-,A,D,0,Y,,,,Y,,N,60,1,0,0,0,1,0,0,0,0,"- ","- ",37.174840000000003,-120.26495,MERCED,UNINCORPORATED,-120.44674714999999,37.296694870000003
90397800,2017,2017-02-22,9461,2017-02-03,2125,020903,,5,2,9,2400,0,2,4,,1,115,"HENRY MILLER RD","WILSON RD",196.00,W,N,B,-,N,,,,,,,,,,Y,1,1,3,2,A,-,08,22107,,N,A,C,A,A,H,-,D,D,0,,,,,Y,,A,01,0,3,0,0,0,0,0,0,0,"- ","- ",37.100099999999998,-121.87134,MERCED,UNINCORPORATED,-120.87187053,37.099939999999997
90405137,2017,2017-03-03,9461,2017-02-24,0940,019637,,5,1,9,2400,0,1,3,,1,103,SR-33,"HENRY MILLER AVENUE",0.00,,Y,A,-,Y,,,33,,,,,,,Y,2,0,4,2,A,-,09,21801,A,N,D,C,A,A,H,-,A,D,0,,,,,Y,,A,07,2,2,0,0,0,0,0,0,0,"- ","- ",37.100659999999998,-121.01584,MERCED,UNINCORPORATED,-121.01584381000001,37.100660040000001
90406034,2017,2017-03-06,9461,2017-03-03,1320,019838,,5,1,9,2400,0,1,3,,1,153,"SR-152 E/B","BILLY WRIGHT RD",130.00,W,N,A,-,N,,,152,,,,,,E,Y,2,0,4,2,A,-,03,22350,,N,C,C,A,A,H,-,A,D,0,,,,,Y,,A,07,1,0,3,0,0,0,0,0,0,"- ","- ",37.056600000000003,-120.95480000000001,MERCED,UNINCORPORATED,-120.95480014,37.056585140000003
90413516,2017,2017-03-16,9461,2017-03-12,1610,020586,,7,2,9,2400,0,1,1,,2,205,"I-5 NB","BILLY WRIGHT RD",213.00,N,N,A,-,Y,,,5,,,,,,N,Y,2,0,4,1,A,-,08,22107,,N,F,A,A,A,H,-,A,D,0,,,,,Y,,A,07,1,0,3,0,0,0,0,0,0,"- ","- ",37.047739999999997,-120.96093,MERCED,UNINCORPORATED,-120.96091892,37.047750550000003
9041478,2020,2020-03-05,2406,2020-01-31,0635,220,3,5,5,5,2406,0,0,0,,0,031,"R ST","WEST 13TH ST",0.00,,Y,A,-,N,,,,,,,,,,N,2,0,1,2,A,-,11,21954,A,F,D,B,D,A,H,-,C,A,0,Y,,,,Y,Y,N,60,1,0,0,0,1,0,0,0,0,"- ","- ",,,MERCED,MERCED,-120.49485015869141,37.300491333007812
90415395,2016,2017-03-20,9460,2016-08-20,2104,020807,,6,2,5,2406,0,1,3,,2,003,"SR-99 (S/B)","CHILDS AVE",211.00,S,N,A,-,Y,,,99,,,,,,,Y,1,1,0,2,A,-,11,21954,A,N,G,B,E,A,H,-,C,D,0,Y,,,,Y,,N,60,0,0,0,1,0,0,0,0,0,"- ","- ",37.287779999999998,-120.45593,MERCED,MERCED,-120.45592308000001,37.287788290000002
90415464,2017,2017-03-20,9461,2017-03-12,2242,020385,,7,3,3,2405,0,1,3,,1,103,"SR-33 S/B","COTTONWOOD RD",0.00,,Y,A,-,Y,,,,,,,,,,Y,2,0,2,2,A,-,09,21802,A,N,D,C,A,A,H,-,D,D,0,,,,,Y,,A,01,1,0,1,0,0,0,0,0,0,"- ","- ",37.187379999999997,-121.01251999999999,MERCED,"LOS BANOS",-121.01269992,37.18770001
90420299,2017,2017-03-24,9461,2017-03-19,0405,020385,,7,3,9,2400,0,3,5,,2,030,"I-5 S/B",SR-165,3168.00,N,N,A,-,Y,,,5,,,,,,S,Y,2,0,2,2,A,-,08,22107,,N,C,E,A,A,H,-,D,D,0,,,,,Y,,A,01,1,0,1,0,0,0,0,0,0,"- ","- ",36.93741,-120.84935,MERCED,UNINCORPORATED,-120.84935435,36.93740468
90420535,2017,2017-03-24,9460,2017-03-15,1515,019918,,3,2,9,2400,0,2,4,,1,031,"WINTON WAY","CAMELLIA DR",401.00,S,N,A,-,N,,,,,,,,,,Y,2,0,1,2,A,-,21,22106,,N,D,C,A,A,H,-,A,D,0,,,Y,,Y,,A,07,1,0,0,0,0,0,0,0,1,"- ","- ",37.370190000000001,-120.61381,MERCED,UNINCORPORATED,-120.61378852999999,37.370199319999998
90425999,2017,2017-04-03,9460,2017-02-16,1945,018922,,4,2,9,2400,0,2,4,,1,031,"WINTON WAY","GERTRUDE AVENUE",903.00,N,N,A,-,N,,,,,,,,,,N,2,0,1,2,A,-,11,21954,A,F,G,B,D,A,H,-,A,D,0,Y,,,,Y,Y,A,07,1,0,0,0,1,0,0,0,0,"- ","- ",37.37744,-120.61354,MERCED,UNINCORPORATED,-120.6136401,37.377449349999999
90429537,2017,2017-04-07,9460,2017-03-29,0009,020807,,3,3,9,2400,0,1,3,,2,003,"SR-99 (S/B)","PLAINSBURG RD",10032.00,S,N,A,-,Y,,,,,,,,,,Y,2,0,2,2,A,-,07,21658,A,N,D,C,A,A,H,-,C,D,0,,,,,Y,Y,A,07,1,0,1,0,0,0,0,0,0,"- ","- ",37.16818,-120.30817,MERCED,UNINCORPORATED,-120.30869952,37.168821360000003
90431476,2017,2017-04-11,9460,2017-04-01,1532,019806,,6,2,9,2400,0,1,3,,1,590,"LA GRANGE RD","FIELDS RD",11616.00,N,N,A,-,Y,,,,,,,,,,Y,2,0,3,2,A,-,08,22107,,N,B,C,A,A,H,-,A,D,0,,,Y,,Y,,C,02,2,1,0,0,0,0,0,0,3,"- ","- ",37.591880000000003,-120.43971000000001,MERCED,UNINCORPORATED,-120.43984227999999,37.592171389999997
90431526,2017,2017-04-11,9461,2017-03-20,1440,016452,,1,2,9,2400,0,1,1,,2,205,"I-5 S/B",SR-165,9504.00,S,N,B,-,Y,,,5,,,,,,S,Y,1,1,1,1,A,-,08,22107,,N,E,I,A,A,H,-,A,D,0,,,,,Y,,D,22,1,0,0,0,0,0,0,0,0,"- ","- ",36.90842,-120.81795,MERCED,UNINCORPORATED,-120.81786724,36.90850133
90435437,2017,2017-04-17,9460,2017-02-05,2030,020008,,7,2,9,2400,0,2,4,,1,042,"SANTA FE DR","CALIFORNIA ST",0.00,,Y,B,C,N,,,,,,,,,,Y,2,0,2,2,A,-,12,21453,A,F,A,C,A,B,H,-,C,A,0,,,,,Y,,A,01,1,1,0,0,0,0,0,0,0,"- ","- ",37.383159999999997,-120.60915,MERCED,UNINCORPORATED,-120.60900991,37.382989979999998
90442223,2017,2017-04-26,9461,2017-04-24,2055,019637,,1,2,9,2400,0,1,3,,1,152,"SR-152 E/B","SAN LUIS CREEK",1584.00,W,N,B,-,Y,,,152,,,,,,E,Y,2,0,3,2,A,-,01,23152,A,N,C,C,A,A,H,-,C,D,0,,,,,Y,Y,A,01,1,1,1,0,0,0,0,0,0,"- ","- ",37.073419999999999,-121.07912,MERCED,UNINCORPORATED,-121.07910453,37.073446480000001
90446266,2017,2017-05-01,9460,2017-04-20,0450,020099,,4,3,9,2400,0,3,5,,2,040,"BELLEVUE RD",SR-59,4224.00,W,N,A,-,N,,,,,,,,,,Y,2,0,1,1,C,-,18,,,N,H,H,A,A,H,-,D,D,0,,,,,Y,,-,"- ",1,0,0,0,0,0,0,0,0,"- ","- ",37.360900000000001,-120.51821,MERCED,UNINCORPORATED,-120.51790953,37.36083884
9044666,2019,2020-06-29,2405,2019-12-28,1147,PD20,2,6,5,3,2405,0,0,0,,0,0B2,"MERCEY SPRINGS RD","WILLMOTT RD",0.00,,Y,A,-,Y,MER,10,165,-,-,9.632,I,5,N,Y,2,0,1,2,A,-,09,21804,A,N,D,C,A,A,H,-,A,A,0,,,,,Y,,A,01,1,0,0,0,0,0,0,0,0,"- ","- ",37.069190979003906,-120.83509063720703,MERCED,"LOS BANOS",-120.83515930175781,37.069244384765625
90450870,2017,2017-05-08,9460,2017-04-29,1735,019500,,6,2,9,2400,0,3,5,,2,010,"MITCHELL RD","AMERICAN AVE",2112.00,S,N,A,-,N,,,,,,,,,,Y,2,0,1,1,A,-,08,22107,,N,E,I,A,A,H,-,A,D,0,,,,,Y,,A,01,1,0,0,0,0,0,0,0,0,"- ","- ",37.404299999999999,-120.9408,MERCED,UNINCORPORATED,-120.94079415,37.406500440000002
90456552,2017,2017-05-16,9460,2017-05-09,1145,018623,,2,1,9,2400,0,1,3,,1,591,SR-59,"EAST FURTADO ROAD",0.00,,Y,A,-,Y,,,59,,,,,,,Y,2,0,1,2,A,-,03,22350,,N,D,C,A,A,H,-,A,D,0,,,,Y,Y,,A,01,1,0,0,0,0,0,0,0,0,"- ","- ",37.163870000000003,-120.49184,MERCED,UNINCORPORATED,-120.49195330000001,37.163870549999999
90463080,2016,2017-06-12,9460,2016-12-01,1716,019661,,4,2,9,2400,0,3,5,,2,030,"WINTON WAY","CRAWDORD STREET",228.00,N,N,A,-,N,,,,,,,,,,N,1,1,0,2,A,-,11,21954,A,F,G,B,D,A,H,-,B,D,0,Y,,,,Y,,N,60,0,0,0,1,0,0,0,0,0,"- ","- ",37.384540000000001,-120.61365000000001,MERCED,UNINCORPORATED,-120.61353318,37.384585700000002
90466663,2017,2017-08-14,9461,2017-04-26,0535,020385,,3,3,9,2400,0,1,3,,1,452,"SR-152 W/B","SAN JUAN ROAD",898.00,W,N,A,B,Y,,,152,,,,,,W,Y,1,1,1,3,A,-,03,22350,,N,C,C,A,A,H,-,D,D,0,,,,Y,Y,,G,26,0,0,1,0,0,0,0,0,0,"- ","- ",37.054519999999997,-120.65661,MERCED,UNINCORPORATED,-120.65660999000001,37.054465739999998
90467131,2017,2017-05-30,9461,2017-05-22,2337,020351,,1,3,9,2400,0,1,3,,1,103,SR-33,"BAMBAUER ROAD",1533.00,S,N,A,-,Y,,,33,,,,,,,Y,2,0,2,2,A,-,05,21650,,N,A,C,A,A,H,-,D,D,0,,,,,Y,,A,08,1,1,0,0,0,0,0,0,0,"- ","- ",37.270820000000001,-121.00351000000001,MERCED,UNINCORPORATED,-121.00351778,37.270817100000002
90467574,2017,2017-05-30,9461,2017-04-04,0925,018670,,2,1,9,2400,0,1,3,,1,152,"SR-152 E/B","HILLDALE AVE",2112.00,W,N,A,-,Y,,,152,,,,,,E,Y,1,2,1,2,A,-,03,22350,,N,C,C,A,A,H,-,A,D,0,,,,,Y,,A,01,0,0,1,0,0,0,0,0,0,"- ","- ",37.056739999999998,-121.00252,MERCED,UNINCORPORATED,-121.00251991,37.056785660000003
90470700,2017,2017-06-05,9461,2017-05-28,2330,020351,,7,3,9,2400,0,1,3,,1,465,"SR-165 N/B","CORRAL RD",5280.00,N,N,A,-,Y,,,165,,,,,,N,Y,2,0,1,1,A,-,08,22107,,N,E,I,A,A,H,-,D,D,0,,,,,Y,,A,01,1,0,0,0,0,0,0,0,0,"- ","- ",37.162059999999997,-120.82943,MERCED,UNINCORPORATED,-120.82961011,37.162008020000002
90478111,2017,2017-06-14,9461,2017-06-11,2112,019052,,7,2,9,2400,0,1,3,,1,103,SR-33,"BAMBAUER RD",2640.00,S,N,B,-,Y,,,33,,,,,,,Y,2,0,1,1,A,-,01,23152,A,N,F,A,A,A,H,-,D,D,0,,,,,Y,Y,A,07,1,0,0,0,0,0,0,0,0,"- ","- ",37.267749999999999,-121.00221000000001,MERCED,UNINCORPORATED,-121.00229054,37.267719040000003
90481889,2017,2017-06-20,9460,2017-05-26,1418,019838,,5,2,9,2400,0,1,3,,2,002,"SR-99 (N/B)","SULTANA AVE",2640.00,S,N,A,-,Y,,,99,,,,,,,Y,2,0,1,1,A,-,08,22107,,N,F,A,A,A,H,-,A,D,0,,,,,Y,,A,07,1,0,0,0,0,0,0,0,0,"- ","- ",37.3705,-120.6758,MERCED,UNINCORPORATED,-120.67583533,37.370425359999999
90487661,2017,2017-06-26,9461,2017-06-17,0415,018670,,6,3,9,2400,0,1,3,,1,452,"SR-152 W/B","TURNER ISLAND RD",0.00,,Y,A,-,Y,,,152,,,,,,W,Y,2,0,6,2,A,-,09,21802,A,N,D,C,A,A,H,-,C,A,0,,,,,Y,,A,01,1,2,3,0,0,0,0,0,0,"- ","- ",37.054549999999999,-120.70571,MERCED,UNINCORPORATED,-120.70570854,37.054630940000003
90490340,2017,2017-06-29,9461,2017-06-24,0222,020351,,6,3,9,2400,0,1,3,,1,152,"SR-152 W/B","SAN LUIS CREEK RECREATION AREA ENTRANCE",919.00,W,N,A,G,Y,,,152,,,,,,W,Y,1,1,0,2,A,-,03,22350,,N,C,C,A,A,H,-,D,D,0,,,,Y,Y,,A,01,0,0,0,0,0,0,0,0,0,"- ","- ",37.072299999999998,-121.07671999999999,MERCED,UNINCORPORATED,-121.07672701,37.072288200000003
90491517,2016,2017-06-30,9460,2016-12-15,0940,017827,,4,1,9,2400,0,3,5,,2,040,"SANTA FE DR.","FOX RD.",528.00,E,N,B,C,N,,,,,,,,,,Y,1,1,1,1,A,-,01,23152,F,N,F,A,A,B,H,-,A,D,0,,,,,Y,,D,22,0,0,1,0,0,0,0,0,0,"- ","- ",37.34075,-120.54118,MERCED,UNINCORPORATED,-120.54841774,37.345318720000002
90498887,2017,2017-07-13,9460,2017-07-05,2140,019665,,3,2,3,2401,0,1,3,,2,002,"SR-99 (S/B)","APPLEGATE RD",1056.00,N,N,A,-,Y,,,99,,,,,,,Y,2,0,3,1,C,-,18,,,N,F,A,A,A,H,-,D,D,0,,,,,Y,,-,"- ",1,2,0,0,0,0,0,0,0,"- ","- ",37.346420000000002,-120.61839000000001,MERCED,ATWATER,-120.61839994,37.346394650000001
90501226,2017,2017-07-17,9460,2017-07-04,0001,020156,,2,3,9,2400,0,3,5,,2,030,"ALMOND AVE","CRESSEY WAY",0.00,,Y,A,-,N,,,,,,,,,,Y,2,0,1,1,A,-,12,22450,A,N,E,I,A,A,H,-,D,A,0,,,,,Y,,A,01,1,0,0,0,0,0,0,0,0,"- ","- ",37.38214,-120.66827000000001,MERCED,UNINCORPORATED,-120.66814986999999,37.38208994
90501795,2017,2017-07-17,9461,2017-07-08,1850,016452,,6,2,9,2400,0,1,3,,1,465,SR-165,"CORRAL RD",14784.00,N,N,A,-,Y,,,165,,,,,,,Y,2,0,1,1,A,-,01,23152,F,N,F,A,A,A,H,-,A,D,0,,,,,Y,,A,01,1,0,0,0,0,0,0,0,0,"- ","- ",37.186070000000001,-120.83689,MERCED,UNINCORPORATED,-120.83685,37.186087729999997
90503788,2017,2017-07-19,9460,2017-07-10,0018,020807,,1,3,9,2400,0,1,3,,1,591,SR-59,"SANDY MUSH RD",170.00,S,N,A,-,Y,,,59,,,,,,,Y,2,0,1,1,A,-,08,22107,,N,E,I,A,A,H,-,D,D,0,,,Y,,Y,,C,02,1,0,0,0,0,0,0,0,1,"- ","- ",37.185299999999998,-120.48811000000001,MERCED,UNINCORPORATED,-120.48824528,37.185313010000002
90503802,2017,2017-07-28,9460,2017-07-12,1000,015759,,3,1,9,2400,0,1,3,,1,141,SR-140,"WEIR AVENUE",625.00,W,N,A,-,Y,,,,,,,,,,Y,2,0,2,2,A,-,05,21650,,N,A,C,A,A,H,-,A,D,0,,,,,Y,,A,01,1,1,0,0,0,0,0,0,0,"- ","- ",37.18365,-120.47566999999999,MERCED,UNINCORPORATED,-120.79902737,37.310036719999999
90506650,2017,2017-07-24,9460,2017-07-15,0755,018623,,6,1,9,2400,0,1,3,,1,140,SR-140,"WAINWRIGHT RD",695.00,W,N,A,-,Y,,,140,,,,,,,Y,2,0,3,2,A,-,05,21650,,N,A,C,A,A,H,-,A,D,0,,,,Y,Y,,A,01,2,1,0,0,0,0,0,0,0,"- ","- ",37.313450000000003,-120.90813,MERCED,UNINCORPORATED,-120.90812978,37.31348251
90506907,2017,2017-09-11,9461,2017-06-25,1935,021165,,7,2,9,2400,0,2,4,,1,115,"HENRY MILLER RD","CHEROKEE RD",1320.00,E,N,A,-,N,,,,,,,,,,Y,1,1,0,1,A,-,08,22107,,N,F,A,A,A,A,-,A,D,0,,,,,Y,,D,22,0,0,0,0,0,0,0,0,0,"- ","- ",37.100349999999999,-120.968,MERCED,UNINCORPORATED,-120.97271419,37.100398310000003
90507900,2016,2017-07-25,9460,2016-08-02,0321,015773,,2,3,9,2400,0,1,3,,2,002,"STATE ROUTE 99 NORTHBOUND","HAMMATT AVENUE",6336.00,S,N,A,-,Y,,,99,,,,,,N,N,2,0,1,2,A,-,11,21956,,F,G,B,E,A,H,-,D,D,0,Y,,,,Y,,N,60,1,0,0,0,1,0,0,0,0,"- ","- ",37.376989999999999,-120.69322,MERCED,UNINCORPORATED,-120.69323154999999,37.376958129999998
90511501,2017,2017-07-28,9461,2017-07-14,0520,021188,,5,3,9,2400,0,2,4,,1,110,"INGOMAR GRADE","FAHEY RD",980.00,S,N,A,-,N,,,,,,,,,,Y,1,1,1,2,A,-,08,22107,,N,A,C,A,A,H,-,D,D,0,,,,,Y,,A,01,0,1,0,0,0,0,0,0,0,"- ","- ",37.119100000000003,-120.94488,MERCED,UNINCORPORATED,-120.94490845999999,37.119403409999997
90512689,2017,2017-07-31,9461,2017-07-18,0410,021165,,2,3,9,2400,0,1,3,,2,453,"SR-152 W/B","PALM AVE",0.00,,Y,A,-,Y,,,152,,,,,,W,Y,1,1,1,2,A,-,12,22450,A,N,D,C,A,A,H,-,D,A,0,,,,Y,Y,,A,01,0,0,1,0,0,0,0,0,0,"- ","- ",37.048009999999998,-120.61741000000001,MERCED,UNINCORPORATED,-120.61740854999999,37.04789229
90516162,2017,2017-08-03,9460,2017-07-28,1127,015759,,5,1,9,2400,0,1,3,,1,165,SR-165,"RIVER ROAD",4.00,N,N,A,-,Y,,,165,,,,,,,Y,2,0,3,2,A,-,09,21801,A,N,A,C,A,A,H,-,A,D,0,,,,,Y,,A,07,1,2,0,0,0,0,0,0,0,"- ","- ",37.36233,-120.84978,MERCED,UNINCORPORATED,-120.84999328000001,37.361989899999998
90518890,2017,2017-08-08,9461,2017-07-28,0805,021126,,5,1,9,2400,0,1,3,,1,152,"STATE ROUTE 152 EASTBOUND","UPPER COTTONWOOD",14520.00,E,N,A,-,Y,,,,,,,,,,Y,1,1,3,1,A,-,08,22107,,N,E,J,A,A,H,-,A,D,0,,,,,Y,,D,23,1,0,2,0,0,0,0,0,0,"- ","- ",,,MERCED,UNINCORPORATED,,
90520930,2017,2017-08-10,9460,2017-06-21,1750,019806,,3,2,9,2400,0,3,5,,2,010,"MCCULLAGH RD","THIRD AVE",0.00,,Y,A,-,N,,,,,,,,,,Y,1,1,1,2,A,-,12,22450,A,N,D,C,A,A,H,-,A,A,0,,,,,Y,,A,01,0,1,0,0,0,0,0,0,0,"- ","- ",37.327809999999999,-120.87836,MERCED,UNINCORPORATED,-120.87837989000001,37.327830059999997
90520964,2017,2017-08-10,9460,2017-04-14,0618,014541,,5,1,9,2400,0,1,3,,1,590,"STATE ROUTE 59","NEVADA STREET",463.00,S,N,A,-,Y,,,59,,,,,,,Y,1,1,10,2,A,-,06,21750,,N,C,C,A,A,H,-,B,A,0,,,,,Y,,A,08,2,4,4,0,0,0,0,0,0,"- ","- ",37.374220000000001,-120.50319,MERCED,UNINCORPORATED,-120.50317099999999,37.374219930000002
90522291,2017,2017-08-14,9460,2017-08-02,1055,018806,,3,1,9,2400,0,2,4,,1,041,"SANTA FE DRIVE","BEACHWOOD DRIVE",40.00,W,N,A,-,N,,,,,,,,,,Y,2,0,1,2,A,-,03,22350,,N,C,C,A,A,H,-,A,D,0,,,Y,,Y,,C,02,1,0,0,0,0,0,0,0,1,"- ","- ",37.332299999999996,-120.52767,MERCED,UNINCORPORATED,-120.52773806,37.33234796
90524293,2017,2017-08-16,9460,2017-01-01,1945,020012,,7,2,9,2400,0,1,3,,2,001,"SR-99 (N/B)","COLLIER RD",595.00,S,N,B,-,Y,,,99,,,,,,,N,1,1,0,2,A,-,11,21956,,N,G,B,E,A,H,-,D,D,0,Y,,,,Y,Y,N,60,0,0,0,1,0,0,0,0,0,"- ","- ",37.407110000000003,-120.74966000000001,MERCED,UNINCORPORATED,-120.74966234999999,37.407106939999998
90525508,2016,2017-08-17,9460,2016-12-01,1800,019923,,4,2,9,2400,0,3,5,,2,030,"ASHBY RD","LANGTRY AVE",116.00,W,N,A,-,N,,,,,,,,,,N,1,1,0,2,A,-,11,21956,,N,G,B,E,A,H,-,D,D,0,Y,,,,Y,,N,60,0,0,0,1,0,0,0,0,0,"- ","- ",37.326180000000001,-120.55417,MERCED,UNINCORPORATED,-120.55407356000001,37.326080990000001
90526798,2017,2017-08-21,9460,2017-08-09,0330,020822,,3,3,9,2400,0,3,5,,2,020,"EAST AVE","OAKDALE RD",7920.00,W,N,A,-,N,,,,,,,,,,Y,2,0,4,2,A,-,06,21750,,N,D,C,A,A,H,-,D,D,0,,,,Y,Y,,G,25,2,1,1,0,0,0,0,0,0,"- ","- ",37.491799999999998,-120.68499,MERCED,UNINCORPORATED,-120.68474188,37.491799630000003
90528093,2017,2017-08-22,9460,2017-06-20,1719,020117,,2,2,9,2400,0,3,5,,2,030,"FRUITLAND AVE","CENTRAL AVE",0.00,,Y,A,-,N,,,,,,,,,,Y,1,1,0,2,A,-,01,23152,F,N,D,C,A,A,H,-,A,A,0,,,,,Y,,A,01,0,0,0,0,0,0,0,0,0,"- ","- ",37.367600000000003,-120.65016,MERCED,UNINCORPORATED,-120.65020988000001,37.367599970000001
90537280,2017,2017-08-30,9460,2017-08-19,1217,018806,,6,1,9,2400,0,3,5,,2,090,"DWIGHT WAY","ROSE AVENUE",0.00,,Y,A,-,N,,,,,,,,,,Y,2,0,1,2,A,-,09,21802,A,N,D,C,A,A,H,-,A,A,0,,,,,Y,,A,01,1,0,0,0,0,0,0,0,0,"- ","- ",37.324170000000002,-120.70583000000001,MERCED,UNINCORPORATED,-120.70583997999999,37.324160059999997
90543363,2017,2017-09-08,9460,2017-08-23,1422,018922,,3,2,9,2400,0,3,5,,2,090,"16TH STREET","ASHBY ROAD",500.00,W,N,A,-,N,,,,,,,,,,Y,2,0,5,2,A,-,03,22350,,F,C,C,A,A,H,-,A,D,0,,,,,Y,,A,01,1,4,0,0,0,0,0,0,0,"- ","- ",37.309559999999998,-120.51033,MERCED,UNINCORPORATED,-120.5109819,37.309830470000001