CASE_ID,ACCIDENT_YEAR,PROC_DATE,JURIS,COLLISION_DATE,COLLISION_TIME,OFFICER_ID,REPORTING_DISTRICT,DAY_OF_WEEK,CHP_SHIFT,POPULATION,CNTY_CITY_LOC,SPECIAL_COND,BEAT_TYPE,CHP_BEAT_TYPE,CITY_DIVISION_LAPD,CHP_BEAT_CLASS,BEAT_NUMBER,PRIMARY_RD,SECONDARY_RD,DISTANCE,DIRECTION,INTERSECTION,WEATHER_1,WEATHER_2,STATE_HWY_IND,CALTRANS_COUNTY,CALTRANS_DISTRICT,STATE_ROUTE,ROUTE_SUFFIX,POSTMILE_PREFIX,POSTMILE,LOCATION_TYPE,RAMP_INTERSECTION,SIDE_OF_HWY,TOW_AWAY,COLLISION_SEVERITY,NUMBER_KILLED,NUMBER_INJURED,PARTY_COUNT,PRIMARY_COLL_FACTOR,PCF_CODE_OF_VIOL,PCF_VIOL_CATEGORY,PCF_VIOLATION,PCF_VIOL_SUBSECTION,HIT_AND_RUN,TYPE_OF_COLLISION,MVIW,PED_ACTION,ROAD_SURFACE,ROAD_COND_1,ROAD_COND_2,LIGHTING,CONTROL_DEVICE,CHP_ROAD_TYPE,PEDESTRIAN_ACCIDENT,BICYCLE_ACCIDENT,MOTORCYCLE_ACCIDENT,TRUCK_ACCIDENT,NOT_PRIVATE_PROPERTY,ALCOHOL_INVOLVED,STWD_VEHTYPE_AT_FAULT,CHP_VEHTYPE_AT_FAULT,COUNT_SEVERE_INJ,COUNT_VISIBLE_INJ,COUNT_COMPLAINT_PAIN,COUNT_PED_KILLED,COUNT_PED_INJURED,COUNT_BICYCLIST_KILLED,COUNT_BICYCLIST_INJURED,COUNT_MC_KILLED,COUNT_MC_INJURED,PRIMARY_RAMP,SECONDARY_RAMP,LATITUDE,LONGITUDE,COUNTY,CITY,POINT_X,POINT_Y
90552147,2017,2017-09-20,9460,2017-09-09,0015,020112,,6,3,9,2400,0,1,3,,1,590,SR-59,"BELCHER AVENUE",103.00,N,N,A,-,Y,,,59,,,,,,,Y,2,0,1,1,A,-,01,23152,A,N,F,A,A,A,H,-,D,D,0,,,,,Y,Y,A,01,1,0,0,0,0,0,0,0,0,"- ","- ",37.33952,-120.50439,MERCED,UNINCORPORATED,-120.50430123,37.339507390000001
90556188,2017,2017-09-26,9460,2017-07-14,1350,019918,,5,1,9,2400,0,3,5,,2,030,"SULTANA DR","WALNUT AVE",0.00,,Y,A,-,N,,,,,,,,,,Y,1,1,2,3,A,-,09,21802,A,N,D,C,A,A,H,-,A,D,0,,,,,Y,,A,01,0,1,1,0,0,0,0,0,0,"- ","- ",37.389499999999998,-120.68631999999999,MERCED,UNINCORPORATED,-120.68630985999999,37.389519919999998
90564119,2017,2017-10-05,9461,2017-09-29,2310,021188,,5,3,9,2400,0,1,1,,2,105,"I-5 S/B (WEST SIDE FWY.)","BUTTS RD.",4224.00,N,N,A,-,Y,,,5,,,,,,S,Y,2,0,2,1,A,-,08,22107,,N,F,A,A,A,H,-,D,D,0,,,Y,,Y,,C,02,2,0,0,0,0,0,0,0,2,"- ","- ",37.169379999999997,-121.05806,MERCED,UNINCORPORATED,-121.0581703,37.16930773
90566634,2017,2017-10-10,9460,2017-10-03,0925,019005,,2,1,9,2400,0,2,4,,1,041,"SANTA FE DRIVE","AVENUE TWO",0.00,,Y,A,-,N,,,,,,,,,,Y,2,0,2,2,A,-,09,21802,A,N,D,C,A,A,H,-,A,D,0,,,,,Y,,A,01,1,1,0,0,0,0,0,0,0,"- ","- ",37.349640000000001,-120.55542,MERCED,UNINCORPORATED,-120.55526991000001,37.349579900000002
90567323,2017,2017-10-11,9460,2017-09-28,2310,020156,,4,3,9,2400,0,3,5,,2,020,"HINTON AVE","BLOSS AVE",1080.00,N,N,A,-,N,,,,,,,,,,Y,2,0,1,2,A,-,03,22350,,N,C,C,A,A,H,-,D,D,0,,,Y,,Y,,A,01,1,0,0,0,0,0,0,0,1,"- ","- ",37.408059999999999,-120.77758,MERCED,UNINCORPORATED,-120.77756426000001,37.40797517
9056753,2020,2020-03-18,2406,2020-02-15,1309,281,2,6,5,5,2406,0,0,0,,0,020,"G ST","WEST MAIN ST",0.00,,Y,A,-,N,,,,,,,,,,Y,2,0,3,3,A,-,12,21453,A,N,D,C,A,A,H,-,A,A,0,,,,,Y,,-,,1,0,2,0,0,0,0,0,0,"- ","- ",,,MERCED,MERCED,-120.475830078125,37.298679351806641
90573381,2017,2017-10-18,9460,2017-10-10,0630,018951,,2,1,9,2400,0,1,3,,2,001,"SR-99 S/B TO SOUTH AVENUE","SOUTH AVENUE",0.00,,Y,A,-,Y,,,99,,,,R,,S,Y,2,0,1,2,A,-,12,22450,A,N,D,C,A,A,H,-,C,D,0,,,,Y,Y,,A,07,1,0,0,0,0,0,0,0,0,"- ","- ",37.42586,-120.7728,MERCED,UNINCORPORATED,-120.772553,37.425953999999997
9057489,2020,2020-07-13,2406,2020-03-23,1835,260,2,1,5,5,2406,0,0,0,,0,020,"YOSEMITE PKWY","GLEN AV",388.00,W,N,A,-,N,,,,,,,,,,Y,2,0,2,2,A,-,05,21650,1,N,H,G,A,A,H,-,A,D,0,,Y,,,Y,,L,04,1,0,1,0,0,0,1,0,0,"- ","- ",,,MERCED,MERCED,-120.46723937988281,37.295215606689453
90575217,2017,2017-10-20,9460,2017-10-12,0200,020099,,4,3,9,2400,0,3,5,,2,090,"APPLEGATE RD","ATWATER JORDAN RD",528.00,S,N,A,-,N,,,,,,,,,,Y,2,0,1,1,A,-,08,22107,,N,E,I,A,A,H,-,D,D,0,,,,,Y,,A,01,1,0,0,0,0,0,0,0,0,"- ","- ",37.331119999999999,-120.14467,MERCED,UNINCORPORATED,-120.61449039999999,37.329710169999998
90576753,2017,2017-10-24,9461,2017-10-15,1200,019724,,7,1,9,2400,0,1,3,,1,152,"SR-152 E/B","BASALT RD",0.00,,Y,A,-,Y,,,152,,,,,,E,Y,2,0,3,2,A,-,09,21802,A,N,D,C,A,A,H,-,A,A,0,,,,,Y,,D,22,1,1,1,0,0,0,0,0,0,"- ","- ",37.06091,-121.05739,MERCED,UNINCORPORATED,-121.05745758,37.060793869999998
90578348,2017,2017-10-25,9461,2017-10-18,0840,019724,,3,1,9,2400,0,1,1,,2,105,"I-5 NB","COTTONWOOD RD",2640.00,S,N,A,-,Y,,,5,,,,,,N,Y,2,0,1,1,A,-,08,22107,,N,F,A,A,A,H,-,A,D,0,,,,,Y,,E,22,1,0,0,0,0,0,0,0,0,"- ","- ",37.178669999999997,-121.06419,MERCED,UNINCORPORATED,-121.06394672,37.178827140000003
90579423,2017,2017-10-26,9460,2017-10-17,1122,019806,,2,1,9,2400,0,1,3,,2,002,"SR-99 S/B","WESTSIDE BLVD",4752.00,N,N,B,-,Y,,,99,,,,,,S,Y,2,0,1,1,A,-,08,22107,,N,E,I,A,A,H,-,A,D,0,,,,Y,Y,,G,25,1,0,0,0,0,0,0,0,0,"- ","- ",37.366320000000002,-120.66522999999999,MERCED,UNINCORPORATED,-120.66520242,37.366396029999997
90582963,2017,2017-10-30,9460,2017-07-02,2215,020967,,7,3,9,2400,0,1,3,,1,141,SR-140,"HOWARD RD",2112.00,W,N,A,-,Y,,,140,,,,,,,Y,1,1,4,3,A,-,01,23152,A,N,A,C,A,A,H,-,D,D,0,,,,,Y,Y,A,01,3,0,1,0,0,0,0,0,0,"- ","- ",37.309089999999998,-120.78547,MERCED,UNINCORPORATED,-120.78545577,37.309147889999998
90586565,2017,2017-11-03,9460,2017-10-29,0055,020099,,7,3,9,2400,0,3,5,,2,090,"WESTSIDE BLVD","LINCOLN AVE",4224.00,W,N,A,-,N,,,,,,,,,,Y,2,0,1,1,A,-,01,23152,A,N,F,A,A,A,H,-,D,D,0,,,Y,,Y,Y,C,02,1,0,0,0,0,0,0,0,1,"- ","- ",37.360390000000002,-120.73551,MERCED,UNINCORPORATED,-120.73833159,37.36046022
90586805,2017,2017-11-03,9460,2017-10-25,1830,019838,,3,2,9,2400,0,1,3,,2,002,"SR-99 N/B TO LIBERTY AVENUE","LIBERTY AVENUE",65.00,N,N,A,-,Y,,,99,,,,R,,N,Y,2,0,2,1,A,-,01,23152,A,N,E,I,A,A,H,-,B,D,0,,,,,Y,Y,A,01,1,0,1,0,0,0,0,0,0,"- ","- ",37.374600000000001,-120.6808,MERCED,UNINCORPORATED,-120.6808,37.374600000000001
90592727,2017,2017-11-13,9460,2017-04-24,1118,018951,,1,1,9,2400,0,2,4,,1,051,"G STREET","OLD LAKE ROAD",470.00,N,N,A,-,N,,,,,,,,,,Y,1,2,0,2,A,-,08,22107,,N,D,C,A,A,H,-,A,D,0,,,,Y,Y,,D,22,0,0,0,0,0,0,0,0,0,"- ","- ",37.376750000000001,-120.4683,MERCED,UNINCORPORATED,-120.46832513,37.376990190000001
90594168,2017,2017-11-14,9460,2017-11-03,1814,018603,,5,2,9,2400,0,3,5,,2,010,"WILLIAMS AVE","WASHINGTON ROAD",40.00,W,N,B,-,N,,,,,,,,,,Y,2,0,1,2,A,-,08,22107,,N,A,C,A,A,H,-,B,D,0,,,,,Y,,M,46,1,0,0,0,0,0,0,0,0,"- ","- ",37.390149999999998,-120.90536,MERCED,UNINCORPORATED,-120.90508767,37.390130849999998
90595745,2017,2017-11-16,9460,2017-09-03,0612,019838,,7,1,9,2400,0,1,3,,2,002,"WEST 16TH STREET","SOUTHERN PACIFIC AVE",1584.00,S,N,A,-,Y,,,,,,,,,,Y,1,1,0,1,A,-,08,22107,,N,E,I,A,A,H,-,A,D,0,,,,,Y,,A,01,0,0,0,0,0,0,0,0,0,"- ","- ",37.310400000000001,-120.51260000000001,MERCED,UNINCORPORATED,,
90596180,2017,2017-11-16,9460,2017-07-30,2139,020112,,7,2,9,2400,0,3,5,,2,060,"EAST GERARD AVENUE","SOUTH ORCHARD DRIVE",585.00,E,N,A,-,N,,,,,,,,,,Y,1,1,0,1,A,-,01,23152,A,N,E,I,A,A,H,-,D,D,0,,,,,Y,Y,A,01,0,0,0,0,0,0,0,0,0,"- ","- ",37.281120000000001,-120.39449999999999,MERCED,UNINCORPORATED,-120.39519098,37.281002890000003
90601080,2017,2017-11-22,9461,2017-11-20,0035,021854,,1,3,9,2400,0,1,1,,2,105,"I-5 S/B","HENRY MILLER RD",360.00,N,N,A,-,Y,,,5,,,,,,S,Y,1,1,2,2,A,-,01,23152,A,N,A,C,A,A,C,-,D,D,0,,,,,Y,Y,A,01,1,1,0,0,0,0,0,0,0,"- ","- ",37.101790000000001,-121.01235,MERCED,UNINCORPORATED,-121.01234538,37.10179376
9060782,2020,2020-05-21,2406,2020-02-12,1406,286,2,3,5,5,2406,0,0,0,,0,021,"WEST 16TH ST","V ST",439.00,W,N,A,-,N,,,,,,,,,,Y,2,0,1,2,D,-,00,,,N,F,E,A,A,H,-,A,D,0,,,,,Y,,-,"- ",1,0,0,0,0,0,0,0,0,"- ","- ",,,MERCED,MERCED,-120.5003662109375,37.306453704833984
90611803,2017,2017-12-06,9460,2017-11-23,0608,019005,,4,1,9,2400,0,3,5,,2,030,"DRAKE AVE","FIR AVE",275.00,N,N,E,-,N,,,,,,,,,,Y,2,0,1,2,A,-,01,23152,A,N,E,I,A,A,H,-,C,D,0,,,,,Y,Y,A,01,1,0,0,0,0,0,0,0,0,"- ","- ",37.32893,-120.52394,MERCED,UNINCORPORATED,-120.52390352,37.328844439999997
90612531,2017,2017-12-26,9460,2017-11-28,0825,018623,,2,1,5,2406,0,1,3,,2,003,"SR-99 S/B","V ST",400.00,N,N,A,-,Y,,,99,,,,,,S,Y,2,0,2,3,A,-,03,22350,,N,C,C,A,A,H,-,A,D,0,,,,Y,Y,,F,26,1,0,1,0,0,0,0,0,0,"- ","- ",37.303899999999999,-120.50305,MERCED,MERCED,-120.50303266,37.303947180000002
90614069,2017,2017-12-11,9460,2017-11-26,0025,020840,,7,3,9,2400,0,1,3,,2,001,"SR-99 S/B","SHANKS RD",300.00,N,N,A,-,Y,,,99,,,,,,S,Y,2,0,2,2,A,-,01,23152,A,N,C,C,A,A,H,-,D,D,0,,,,,Y,Y,A,01,1,0,1,0,0,0,0,0,0,"- ","- ",37.437390000000001,-120.78346999999999,MERCED,UNINCORPORATED,-120.78371098,37.437090150000003
90614077,2017,2017-12-11,9461,2017-11-29,0045,021854,,3,3,9,2400,0,1,1,,2,205,"I-5 S/B","VOLTA RD",120.00,S,N,A,-,Y,,,5,,,,,,S,Y,1,1,0,2,A,-,03,22350,,N,C,C,A,A,H,-,D,D,0,,,,Y,Y,Y,A,01,0,0,0,0,0,0,0,0,0,"- ","- ",37.011060000000001,-120.92588000000001,MERCED,UNINCORPORATED,-120.92586756,37.0110721
90617246,2017,2017-12-14,9461,2017-12-04,1108,014933,,1,1,9,2400,0,3,5,,2,050,"EUCALYPTUS RD","PALM AVE",0.00,,Y,A,-,N,,,,,,,,,,Y,1,1,2,2,A,-,12,22450,A,N,D,C,A,A,H,-,A,A,0,,,,Y,Y,,G,25,2,0,0,0,0,0,0,0,0,"- ","- ",37.010739999999998,-120.61753,MERCED,UNINCORPORATED,-120.61755992000001,37.010760070000003
90618130,2017,2017-12-15,9461,2017-12-12,1200,021188,,2,1,9,2400,0,3,5,,2,010,"16575 S. CENTER AVE. LOS BANOS CA 93635","CARDOZA RD",500.00,S,N,A,-,N,,,,,,,,,,N,2,0,1,1,B,-,22,,,N,F,A,A,A,H,-,A,D,0,,,Y,,Y,,C,06,1,0,0,0,0,0,0,0,1,"- ","- ",37.04815,-120.85717,MERCED,UNINCORPORATED,,
90620335,2017,2017-12-19,9460,2017-12-08,0100,018623,,5,3,9,2400,0,3,5,,2,080,"GURR ROAD","LANDRAM AVE",1000.00,S,N,A,-,N,,,,,,,,,,Y,2,0,1,1,A,-,08,22107,,N,E,J,A,A,H,-,D,D,0,,,,,Y,,A,01,1,0,0,0,0,0,0,0,0,"- ","- ",37.311810000000001,-120.55938999999999,MERCED,UNINCORPORATED,-120.55939139,37.31188452
90627695,2017,2018-01-02,9461,2017-12-26,1800,021854,,2,2,9,2400,0,1,3,,2,453,"SR-152 E/B","FLANAGAN RD",961.00,W,N,A,-,Y,,,152,,,,,,E,Y,1,1,1,1,A,-,01,23152,F,N,F,A,A,A,H,-,D,D,0,,,,,Y,,A,01,0,1,0,0,0,0,0,0,0,"- ","- ",37.068899999999999,-120.5294,MERCED,UNINCORPORATED,-120.52941202,37.068944379999998
90628136,2017,2017-12-27,9460,2017-09-03,1315,017827,,7,1,9,2400,0,1,3,,1,591,SR-59,"SANDY MUSH RD.",1584.00,N,N,A,-,Y,,,59,,,,,,,Y,1,1,0,1,A,-,01,23152,A,N,E,I,A,A,H,-,A,D,0,,,,,Y,Y,A,01,0,0,0,0,0,0,0,0,0,"- ","- ",37.207610000000003,-120.48812,MERCED,UNINCORPORATED,-120.48807733,37.207609490000003
90631001,2017,2018-01-02,9460,2017-12-19,1017,018951,,2,1,9,2400,0,2,4,,1,041,"SANTA FE DRIVE","CHESTNUT LANE",686.00,E,N,A,-,N,,,,,,,,,,Y,2,0,2,1,A,-,08,22107,,N,F,A,A,A,H,-,A,D,0,,,,,Y,,A,01,1,1,0,0,0,0,0,0,0,"- ","- ",37.378729999999997,-120.60247,MERCED,UNINCORPORATED,-120.60270088,37.379039310000003
90631058,2017,2018-01-02,9460,2017-12-21,1432,018603,,4,2,9,2400,0,1,3,,1,165,SR-165,"WESTSIDE BLVD",1115.00,S,N,A,-,Y,,,165,,,,,,,Y,2,0,3,3,A,-,05,21460,A,N,A,C,A,A,H,-,A,D,0,,,,,Y,,A,01,3,0,0,0,0,0,0,0,0,"- ","- ",37.35989,-120.85029,MERCED,UNINCORPORATED,-120.85030451,37.359892790000004
90633436,2017,2018-01-04,9460,2017-12-24,0345,020099,,7,3,9,2400,0,3,5,,2,020,"SR-99 S/B FROM GOLDEN STATE BLVD.","GRIFFITH RD",2640.00,S,N,A,-,Y,,,99,,,,R,,S,Y,2,0,1,1,A,-,01,23152,A,N,F,A,A,A,H,-,D,D,0,,,,,Y,Y,A,01,1,0,0,0,0,0,0,0,0,"- ","- ",37.455719999999999,-120.80512,MERCED,UNINCORPORATED,-120.80512,37.455719999999999
90634784,2017,2018-01-22,9461,2017-12-27,2225,021832,,3,3,9,2400,0,3,5,,2,020,"COTTON GIN ROAD","HOLSTEIN ROAD",200.00,E,N,A,-,N,,,,,,,,,,Y,1,1,3,1,A,-,01,23152,A,N,F,A,A,A,H,-,D,D,0,,,,,Y,Y,A,01,3,0,0,0,0,0,0,0,0,"- ","- ",36.954770000000003,-120.80727,MERCED,UNINCORPORATED,-120.80797563,36.95481444
90637639,2017,2018-01-10,9460,2017-12-30,0839,018951,,6,1,9,2400,0,3,5,,2,020,"BLOSS AVENUE","PALM STREET",52.00,E,N,E,-,N,,,,,,,,,,Y,2,0,1,2,A,-,03,22350,,F,D,C,A,B,H,-,A,D,0,,,,,Y,,A,01,1,0,0,0,0,0,0,0,0,"- ","- ",37.404960000000003,-120.76844,MERCED,UNINCORPORATED,-120.76834101,37.404928480000002
90638723,2018,2018-01-12,9461,2018-01-09,0235,021832,,2,3,9,2400,0,1,3,,1,152,"SR-152 W/B","ROMERO'S VISITOR CENTER",1584.00,E,N,C,-,Y,,,152,,,,,,W,Y,2,0,1,1,A,-,08,22107,,N,F,A,A,B,H,-,D,D,0,,,,,Y,,D,22,1,0,0,0,0,0,0,0,0,"- ","- ",37.083118438720703,-121.09619140625,MERCED,UNINCORPORATED,-121.09622192382812,37.082912445068359
90655227,2018,2018-02-05,9460,2018-01-27,1450,019838,,6,2,9,2400,0,1,3,,2,002,"SR-99 S/B","WESTSIDE BLVD",3696.00,S,N,A,-,Y,,,99,,,,,,S,Y,2,0,3,1,A,-,08,22107,,N,E,I,A,A,H,-,A,D,0,,,,,Y,,A,01,3,0,0,0,0,0,0,0,0,"- ","- ",37.355499267578125,-120.635498046875,MERCED,UNINCORPORATED,-120.63549041748047,37.355522155761719
90661730,2018,2018-02-14,9460,2018-02-03,1920,015256,,6,2,9,2400,0,1,3,,2,003,"SR-99 N/B","G STREET",200.00,N,N,A,-,Y,,,,,,,,,,Y,2,0,2,4,A,-,07,21658,A,N,B,C,A,A,H,-,C,D,0,,,Y,,Y,,C,02,1,0,1,0,0,0,0,0,1,"- ","- ",37.295398712158203,-120.47860717773438,MERCED,UNINCORPORATED,-120.47779846191406,37.295269012451172
90662932,2018,2018-02-16,9460,2018-02-07,2005,019838,,3,2,9,2400,0,2,4,,1,042,"SANTA FE DRIVE","WINTON WAY",0.00,,Y,A,-,N,,,,,,,,,,Y,2,0,1,2,C,-,18,,,N,A,E,A,A,H,-,C,D,0,,,,Y,Y,,-,"- ",1,0,0,0,0,0,0,0,0,"- ","- ",37.386299133300781,-120.61440277099609,MERCED,UNINCORPORATED,-120.61347961425781,37.385791778564453
90664641,2018,2018-02-20,9460,2018-02-09,0753,018603,,5,1,9,2400,0,3,5,,2,020,"OAKDALE RD","EAST AVE.",462.00,N,N,A,-,N,,,,,,,,,,Y,2,0,1,2,A,-,08,22107,,N,A,C,A,A,H,-,A,D,0,,,,Y,Y,,A,01,1,0,0,0,0,0,0,0,0,"- ","- ",37.293369293212891,-120.39299774169922,MERCED,UNINCORPORATED,-120.65834808349609,37.492668151855469
90665937,2018,2018-02-21,9461,2018-02-19,2315,021126,,1,3,9,2400,0,1,3,,1,153,"SR-152 E/B","MORAGA RD",54.00,E,N,A,-,Y,,,152,,,,,,E,N,2,0,1,2,A,-,11,21950,B,N,G,B,E,A,H,-,D,D,0,Y,,,Y,Y,,N,60,1,0,0,0,1,0,0,0,0,"- ","- ",37.056640625,-120.96006011962891,MERCED,UNINCORPORATED,-120.96006011962891,37.056594848632812
90666076,2018,2018-02-23,9461,2018-01-28,0318,018670,,7,3,9,2400,0,1,1,,2,105,"I-5 NORTHBOUND","TAGLIO ROAD",7392.00,S,N,A,-,Y,,,5,,,,,,N,Y,1,1,0,1,A,-,08,22107,,N,E,I,A,A,H,-,D,D,0,,,,,Y,,D,22,0,0,0,0,0,0,0,0,0,"- ","- ",37.197261810302734,-121.07592010498047,MERCED,UNINCORPORATED,-121.07583618164062,37.197303771972656
90671906,2018,2018-02-28,9461,2018-02-20,0745,020101,,2,1,9,2400,0,1,3,,1,265,"SR-165 N/B","PIONEER RD",528.00,S,N,A,-,Y,,,165,,,,,,N,Y,2,0,4,3,A,-,05,21650,,N,B,C,A,A,H,-,A,D,0,,,,,Y,,A,01,1,1,2,0,0,0,0,0,0,"- ","- ",37.040889739990234,-120.83585357666016,MERCED,UNINCORPORATED,-120.83583068847656,37.040889739990234
90675558,2018,2018-03-06,9460,2018-02-23,2318,020822,,5,3,9,2400,0,1,3,,2,002,"SR-99 S/B","FRANKLIN RD",2640.00,S,N,A,-,Y,,,99,,,,,,S,Y,2,0,2,1,A,-,01,23152,A,N,F,A,A,A,H,-,D,D,0,,,,,Y,Y,A,01,2,0,0,0,0,0,0,0,0,"- ","- ",37.318321228027344,-120.53439331054688,MERCED,UNINCORPORATED,-120.53437042236328,37.318382263183594
90677578,2018,2018-03-08,9461,2018-03-03,1515,021832,,6,2,9,2400,0,1,3,,1,152,"SR-152 E/B",I-5,4752.00,W,N,B,-,Y,,,152,,,,,,E,Y,2,0,1,2,A,-,08,22107,,N,F,A,A,A,H,-,A,D,0,,,,,Y,,A,07,1,0,0,0,0,0,0,0,0,"- ","- ",37.056919097900391,-120.98622131347656,MERCED,UNINCORPORATED,-120.98622131347656,37.05670166015625
90678906,2017,2018-03-09,9460,2017-12-19,0744,019806,,2,1,9,2400,0,1,3,,2,001,"GOLDEN STATE BLVD","GRIFFITH AVE",0.00,,Y,A,-,N,,,,,,,,,,Y,1,2,1,2,A,-,09,21802,A,N,D,C,A,A,H,-,A,A,0,,,,,Y,,A,01,1,0,0,0,0,0,0,0,0,"- ","- ",37.462919999999997,-120.81180000000001,MERCED,UNINCORPORATED,-120.81184986,37.46291995
90683087,2018,2018-03-15,9461,2018-03-09,1715,019724,,5,2,9,2400,0,1,3,,1,103,SR-33,"SANCHES RD",0.00,,Y,A,-,Y,,,33,,,,,,,Y,2,0,2,2,A,-,09,21802,A,N,D,C,A,A,H,-,A,A,0,,,,,Y,,A,07,2,0,0,0,0,0,0,0,0,"- ","- ",37.296520233154297,-121.01297760009766,MERCED,UNINCORPORATED,-121.01329040527344,37.296413421630859
90687101,2018,2018-03-21,9460,2018-03-12,1657,019806,,1,2,9,2400,0,3,5,,2,070,"CUNNINGHAM RD",SR-140,5808.00,S,N,A,-,N,,,,,,,,,,Y,2,0,2,2,A,-,01,23152,F,N,A,C,A,A,H,-,A,D,0,,,,,Y,,A,01,2,0,0,0,0,0,0,0,0,"- ","- ",37.311748504638672,-120.25180053710938,MERCED,UNINCORPORATED,-120.25181579589844,37.311576843261719
90693072,2018,2018-03-29,9461,2018-03-22,2100,021387,,4,2,9,2400,0,1,3,,1,152,"SR-152 E/B","ROCK BRIDGE",4224.00,W,N,A,-,Y,,,152,,,,,,E,Y,2,0,2,2,A,-,01,23152,A,N,E,I,A,B,H,-,D,D,0,,,,,Y,Y,A,07,1,0,1,0,0,0,0,0,0,"- ","- ",37.097148895263672,-121.15080261230469,MERCED,UNINCORPORATED,-121.15081024169922,37.097183227539062
90697049,2018,2018-04-02,9460,2018-01-23,2136,020112,,2,2,9,2400,0,3,5,,2,020,"AUGUST AVENUE","PALM STREET",130.00,E,N,A,-,N,,,,,,,,,,N,1,1,0,2,A,-,01,23152,A,F,G,B,E,A,H,-,D,D,0,Y,,,,Y,Y,A,07,0,0,0,1,0,0,0,0,0,"- ","- ",37.419391632080078,-120.76782989501953,MERCED,UNINCORPORATED,-120.76773071289062,37.419425964355469
90701543,2018,2018-04-09,9461,2018-04-04,1230,014933,,3,1,9,2400,0,1,3,,1,452,"SR-152 E/B","DELTA ROAD.",2112.00,W,N,A,-,Y,,,152,,,,,,E,Y,2,0,2,3,A,-,03,22350,,N,C,C,A,A,H,-,A,D,0,,,,,Y,,A,01,1,1,0,0,0,0,0,0,0,"- ","- ",37.055271148681641,-120.76863098144531,MERCED,UNINCORPORATED,-120.76863098144531,37.055294036865234
90703344,2018,2018-04-11,9460,2018-04-02,1729,019806,,1,2,5,2406,0,1,3,,2,003,"SR-99 S/B",SR-140,1056.00,N,N,A,-,Y,,,99,,,,,,S,N,2,0,1,1,A,-,08,22107,,N,F,A,A,A,H,-,A,D,0,,,Y,,Y,,C,02,1,0,0,0,0,0,0,0,1,"- ","- ",37.295570373535156,-120.47174835205078,MERCED,MERCED,-120.47174835205078,37.295612335205078
90709606,2018,2018-04-20,9461,2018-04-16,1412,019052,,1,2,9,2400,0,1,3,,1,452,"SR-152 W/B","DELTA RD",1056.00,W,N,B,-,Y,,,152,,,,,,W,Y,2,0,2,1,A,-,08,22107,,N,E,I,A,A,H,-,A,D,0,,,,,Y,,E,22,2,0,0,0,0,0,0,0,0,"- ","- ",37.055751800537109,-120.76570129394531,MERCED,UNINCORPORATED,-120.76570129394531,37.055679321289062
90711924,2018,2018-04-24,9461,2018-04-17,0535,014933,,2,3,9,2400,0,1,3,,1,465,SR-165,"SAN JOAQUIN RIVER",1584.00,S,N,E,-,Y,,,,,,,,,,Y,2,0,2,3,A,-,06,21751,,N,A,C,A,A,H,-,D,D,0,,,,,Y,,A,01,2,0,0,0,0,0,0,0,0,"- ","- ",37.190940856933594,-120.85134124755859,MERCED,UNINCORPORATED,,
9072847,2020,2020-05-16,2406,2020-02-22,1200,288,1,6,5,5,2406,0,0,0,,0,010,"M ST","RAMBLER RD",0.00,,Y,B,-,N,,,,,,,,,,Y,2,0,1,2,A,-,09,21802,A,N,D,C,A,A,H,-,A,A,0,,,,,Y,,A,07,1,0,0,0,0,0,0,0,0,"- ","- ",,,MERCED,MERCED,-120.47850799560547,37.315319061279297
90731966,2018,2018-05-23,9460,2018-05-11,1610,019918,,5,2,9,2400,0,3,5,,2,030,"CRESSEY WAY","OLIVE AVE",0.00,,Y,A,-,N,,,,,,,,,,Y,2,0,1,2,A,-,09,21802,A,N,D,C,A,A,H,-,A,D,0,,,Y,,Y,,D,22,1,0,0,0,0,0,0,0,1,"- ","- ",37.396640777587891,-120.66777801513672,MERCED,UNINCORPORATED,-120.66781616210938,37.396640777587891
90735205,2018,2018-05-25,9460,2018-05-17,1045,014541,,4,1,9,2400,0,3,5,,2,040,"OAKDALE ROAD","SHAFFER ROAD",1584.00,E,N,A,-,N,,,,,,,,,,Y,2,0,3,1,A,-,08,22107,,N,E,I,A,A,H,-,A,D,0,,,,,Y,,A,01,1,2,0,0,0,0,0,0,0,"- ","- ",37.443588256835938,-120.58907318115234,MERCED,UNINCORPORATED,-120.58908081054688,37.443656921386719
90737084,2018,2018-05-30,9460,2018-05-19,0000,020365,,6,3,9,2400,0,3,5,,2,020,"LOMBARDY AVE","CORTEZ AVE",555.00,E,N,A,-,N,,,,,,,,,,Y,2,0,1,1,A,-,01,23152,A,N,E,I,A,A,H,-,D,D,0,,,,,Y,Y,A,01,1,0,0,0,0,0,0,0,0,"- ","- ",37.455650329589844,-120.73798370361328,MERCED,UNINCORPORATED,-120.73800659179688,37.455623626708984
90739131,2018,2018-06-01,9460,2018-05-28,2330,020099,,1,3,9,2400,0,3,5,,2,090,"ASHBY RD","COOPER AVE",370.00,E,N,A,-,N,,,,,,,,,,N,2,0,1,2,A,-,11,21956,,N,G,B,E,A,H,-,D,D,0,Y,,,,Y,Y,N,60,1,0,0,0,1,0,0,0,0,"- ","- ",37.313640594482422,-120.51773834228516,MERCED,UNINCORPORATED,-120.51800537109375,37.313583374023438