CASE_ID,ACCIDENT_YEAR,PROC_DATE,JURIS,COLLISION_DATE,COLLISION_TIME,OFFICER_ID,REPORTING_DISTRICT,DAY_OF_WEEK,CHP_SHIFT,POPULATION,CNTY_CITY_LOC,SPECIAL_COND,BEAT_TYPE,CHP_BEAT_TYPE,CITY_DIVISION_LAPD,CHP_BEAT_CLASS,BEAT_NUMBER,PRIMARY_RD,SECONDARY_RD,DISTANCE,DIRECTION,INTERSECTION,WEATHER_1,WEATHER_2,STATE_HWY_IND,CALTRANS_COUNTY,CALTRANS_DISTRICT,STATE_ROUTE,ROUTE_SUFFIX,POSTMILE_PREFIX,POSTMILE,LOCATION_TYPE,RAMP_INTERSECTION,SIDE_OF_HWY,TOW_AWAY,COLLISION_SEVERITY,NUMBER_KILLED,NUMBER_INJURED,PARTY_COUNT,PRIMARY_COLL_FACTOR,PCF_CODE_OF_VIOL,PCF_VIOL_CATEGORY,PCF_VIOLATION,PCF_VIOL_SUBSECTION,HIT_AND_RUN,TYPE_OF_COLLISION,MVIW,PED_ACTION,ROAD_SURFACE,ROAD_COND_1,ROAD_COND_2,LIGHTING,CONTROL_DEVICE,CHP_ROAD_TYPE,PEDESTRIAN_ACCIDENT,BICYCLE_ACCIDENT,MOTORCYCLE_ACCIDENT,TRUCK_ACCIDENT,NOT_PRIVATE_PROPERTY,ALCOHOL_INVOLVED,STWD_VEHTYPE_AT_FAULT,CHP_VEHTYPE_AT_FAULT,COUNT_SEVERE_INJ,COUNT_VISIBLE_INJ,COUNT_COMPLAINT_PAIN,COUNT_PED_KILLED,COUNT_PED_INJURED,COUNT_BICYCLIST_KILLED,COUNT_BICYCLIST_INJURED,COUNT_MC_KILLED,COUNT_MC_INJURED,PRIMARY_RAMP,SECONDARY_RAMP,LATITUDE,LONGITUDE,COUNTY,CITY,POINT_X,POINT_Y
90741622,2018,2018-06-05,9461,2018-06-02,1728,020351,,6,2,9,2400,0,1,3,,1,103,SR-33,"HENRY MILLER RD",0.00,,Y,A,-,Y,,,33,,,,,,,Y,2,0,2,2,A,-,09,21802,A,N,D,C,A,A,H,-,A,A,0,,,,,Y,,A,01,1,0,1,0,0,0,0,0,0,"- ","- ",37.100681304931641,-121.01580047607422,MERCED,UNINCORPORATED,-121.01584625244141,37.100681304931641
90741745,2018,2018-07-05,9460,2018-04-27,0105,018623,,5,3,5,2406,0,1,3,,2,003,"SR-99 S/B","V ST",1690.00,N,N,A,-,Y,,,99,,,,,,S,N,1,1,0,2,A,-,11,21956,,F,G,B,E,A,H,-,C,D,0,Y,,,,Y,,N,60,0,0,0,1,0,0,0,0,0,"- ","- ",37.305019378662109,-120.50608825683594,MERCED,MERCED,-120.50607299804688,37.305065155029297
90743617,2018,2018-06-07,9460,2018-06-02,2500,018922,,6,4,9,2400,0,3,5,,2,020,"EAST AVENUE","HALL ROAD",605.00,W,N,A,-,N,,,,,,,,,,Y,1,1,0,1,A,-,08,22107,,N,F,A,A,A,H,-,D,D,0,,,,,Y,,A,01,0,0,0,0,0,0,0,0,0,"- ","- ",37.492168426513672,-120.74181365966797,MERCED,UNINCORPORATED,-120.7418212890625,37.492115020751953
90743699,2018,2018-06-07,9460,2018-05-23,1403,019500,,3,2,9,2400,0,1,3,,1,590,SR-59,"NEVADA ST",5280.00,N,N,A,-,Y,,,59,,,,,,,Y,2,0,1,1,A,-,01,23152,A,N,E,I,A,A,H,-,A,D,0,,,,,Y,Y,A,01,1,0,0,0,0,0,0,0,0,"- ","- ",37.387859344482422,-120.50318145751953,MERCED,UNINCORPORATED,-120.50314331054688,37.387859344482422
90749106,2018,2018-06-15,9460,2018-06-07,1855,020707,,4,2,9,2400,0,1,3,,1,591,SR-59,"FREITAS AVE",65.00,N,N,A,-,Y,,,59,,,,,,,Y,2,0,1,1,A,-,08,22107,,N,F,A,A,A,H,-,A,D,0,,,,,Y,,A,01,1,0,0,0,0,0,0,0,0,"- ","- ",37.179359436035156,-120.49192047119141,MERCED,UNINCORPORATED,-120.49180603027344,37.179336547851562
90749190,2018,2018-07-17,9460,2018-05-27,2500,015759,,7,4,9,2400,0,1,3,,1,165,SR-165,"WESTSIDE BLVD.",920.00,S,N,A,-,Y,,,,,,,,,,Y,1,1,0,1,A,-,01,23152,A,N,F,A,A,A,H,-,D,D,0,,,Y,,Y,Y,C,02,0,0,0,0,0,0,0,1,0,"- ","- ",37.212959289550781,-120.51062774658203,MERCED,UNINCORPORATED,-120.85034942626953,37.358341217041016
90755797,2018,2018-06-26,9461,2018-05-28,1103,020101,,1,1,9,2400,0,1,3,,1,152,"SR-152 EASTBOUND","UPPER COTTONWOOD CREEK WILDLIFE AREA",12144.00,E,N,A,-,Y,,,152,,,,,,E,Y,1,1,0,1,A,-,08,22107,,N,F,A,A,A,H,-,A,D,0,,,,,Y,,A,07,0,0,0,0,0,0,0,0,0,"- ","- ",37.098991394042969,-121.14598083496094,MERCED,UNINCORPORATED,-121.14600372314453,37.099044799804688
90756776,2018,2018-06-27,9461,2018-06-24,1033,021269,,7,1,9,2400,0,2,4,,1,110,"INGOMAR GRADE","BADGER FLAT ROAD",940.00,W,N,A,-,N,,,,,,,,,,Y,2,0,1,1,A,-,01,23152,F,N,E,I,A,A,H,-,A,A,0,,,Y,,Y,,C,02,1,0,0,0,0,0,0,0,1,"- ","- ",37.077041625976562,-120.87963104248047,MERCED,UNINCORPORATED,-120.87924957275391,37.076610565185547
90758309,2018,2018-06-28,9460,2018-06-18,1545,018778,,1,2,9,2400,0,2,4,,1,041,"FRANKLIN RD","SANTA FE DRIVE",66.00,S,N,A,-,N,,,,,,,,,,Y,2,0,1,2,A,-,12,22451,A,N,H,F,A,A,H,-,A,A,0,,,,,Y,,A,01,1,0,0,0,0,0,0,0,0,"- ","- ",37.340019226074219,-120.54052734375,MERCED,UNINCORPORATED,-120.54046630859375,37.340145111083984
90765261,2018,2018-07-09,9461,2018-07-06,0510,021126,,5,3,9,2400,0,1,3,,1,153,"SR-152 W/B","VOLTA RD",0.00,,Y,A,-,Y,,,152,,,,,,W,Y,2,0,1,2,A,-,09,21802,A,N,D,C,A,A,H,-,D,A,0,,,,,Y,,A,01,1,0,0,0,0,0,0,0,0,"- ","- ",37.056629180908203,-120.92632293701172,MERCED,UNINCORPORATED,-120.92632293701172,37.056686401367188
90769622,2018,2018-07-16,9461,2018-06-04,0231,021854,,1,3,9,2400,0,1,3,,1,152,"SR-152 EASTBOUND","ROMERO VISITOR CENTER ENTRANCE",4224.00,W,N,A,-,Y,,,152,,,,,,E,Y,1,1,2,2,A,-,03,22350,,N,A,C,A,A,C,-,D,D,0,,,,,Y,,A,01,1,0,1,0,0,0,0,0,0,"- ","- ",37.088298797607422,-121.11419677734375,MERCED,UNINCORPORATED,-121.11421203613281,37.088287353515625
90771767,2018,2018-07-18,9460,2018-07-09,0829,019005,,1,1,9,2400,0,1,3,,1,165,SR-165,"RIVER ROAD",0.00,,Y,A,-,Y,,,165,,,,,,,Y,2,0,5,2,A,-,09,21801,A,N,A,C,A,A,H,-,A,D,0,,,,,Y,,A,07,3,1,1,0,0,0,0,0,0,"- ","- ",37.362041473388672,-120.85008239746094,MERCED,UNINCORPORATED,-120.85007476806641,37.362041473388672
90780154,2018,2018-07-30,9460,2018-07-19,1710,018778,,4,2,9,2400,0,1,3,,1,591,SR-59,"RAHILLY RD",1700.00,S,N,A,-,Y,,,59,,,,,,,Y,2,0,2,1,A,-,08,22107,,N,F,A,A,A,H,-,A,D,0,,,,,Y,,A,01,1,1,0,0,0,0,0,0,0,"- ","- ",37.209220886230469,-120.48796081542969,MERCED,UNINCORPORATED,-120.48806762695312,37.209220886230469
90785461,2018,2018-08-21,9461,2018-07-14,2500,017029,,6,4,9,2400,0,3,5,,2,020,"LEVEE OUTSIDE CANAL","RUSSELL AVENUE",15840.00,W,N,A,-,N,,,,,,,,,,Y,1,1,0,1,A,-,01,23152,A,N,F,A,A,A,H,-,A,D,0,,,,,Y,Y,D,22,0,0,0,0,0,0,0,0,0,"- ","- ",36.920551300048828,-120.70674133300781,MERCED,UNINCORPORATED,,
90786203,2018,2018-08-07,9460,2018-07-29,0035,019665,,7,3,9,2400,0,1,3,,2,001,"SR-99 N/B","SHANKS RD",2640.00,N,N,A,-,Y,,,99,,,,,,N,Y,2,0,4,3,A,-,01,23152,A,N,A,C,A,A,H,-,D,D,0,,,,,Y,Y,A,01,4,0,0,0,0,0,0,0,0,"- ","- ",37.442638397216797,-120.788818359375,MERCED,UNINCORPORATED,-120.78878784179688,37.442672729492188
90787090,2018,2018-09-05,9460,2018-07-29,0550,018951,,7,3,9,2400,0,3,5,,2,050,"MERCED FALLS ROAD","LA GRANGE ROAD",5280.00,E,N,A,-,N,,,,,,,,,,Y,2,0,3,1,A,-,01,23152,A,N,E,I,A,A,H,-,B,D,0,,,,,Y,Y,A,01,3,0,0,0,0,0,0,0,0,"- ","- ",37.521610260009766,-120.4122314453125,MERCED,UNINCORPORATED,-120.41184234619141,37.52166748046875
90787568,2018,2018-08-09,9460,2018-07-23,0502,018951,,1,3,9,2400,0,3,5,,2,040,"SANTA FE DRIVE","WALNUT AVENUE",417.00,N,N,A,-,N,,,,,,,,,,Y,2,0,2,2,A,-,01,23152,A,N,E,I,A,A,H,-,B,D,0,,,,Y,Y,Y,A,01,2,0,0,0,0,0,0,0,0,"- ","- ",37.389938354492188,-120.62026214599609,MERCED,UNINCORPORATED,-120.62010955810547,37.389980316162109
90790683,2018,2018-08-14,9460,2018-08-05,1520,019838,,7,2,9,2400,0,3,5,,2,040,"ARENA WAY","LIBERTY AVE",0.00,,Y,A,-,N,,,,,,,,,,Y,2,0,2,2,A,-,09,21802,A,N,D,C,A,A,H,-,A,D,0,,,,,Y,,A,01,1,1,0,0,0,0,0,0,0,"- ","- ",37.374900817871094,-120.67749786376953,MERCED,UNINCORPORATED,-120.67736053466797,37.374881744384766
90791180,2018,2018-08-15,9460,2018-08-06,0330,015759,,1,3,5,2406,0,1,3,,2,003,"SR-99 S/B","V STREET",2112.00,N,N,A,-,Y,,,99,,,,,,S,Y,2,0,1,1,A,-,08,22107,,N,F,A,A,A,H,-,D,D,0,,,,,Y,,D,22,1,0,0,0,0,0,0,0,0,"- ","- ",37.305538177490234,-120.50724029541016,MERCED,MERCED,-120.50724029541016,37.305534362792969
90793286,2018,2018-08-20,9461,2018-08-11,2326,021832,,6,3,9,2400,0,3,5,,2,050,"PALM AVENUE","BARCELLOS RD",728.00,S,N,A,-,Y,,,,,,,,,,Y,2,0,1,1,A,-,01,23152,A,N,E,I,A,A,H,-,C,D,0,,,,,Y,Y,A,07,1,0,0,0,0,0,0,0,0,"- ","- ",37.030559539794922,-120.61752319335938,MERCED,UNINCORPORATED,-120.61751556396484,37.030570983886719
90794606,2018,2018-08-21,9460,2018-08-10,1342,019806,,5,1,9,2400,0,3,5,,2,040,"SHAFFER RD","WALNUT AVE",1056.00,S,N,A,-,N,,,,,,,,,,Y,2,0,3,1,A,-,08,22107,,N,E,I,A,A,H,-,A,D,0,,,,,Y,,A,01,1,2,0,0,0,0,0,0,0,"- ","- ",37.386589050292969,-120.59536743164062,MERCED,UNINCORPORATED,-120.59531402587891,37.386562347412109
90798542,2018,2018-08-27,9461,2018-08-17,0408,020351,,5,3,9,2400,0,1,3,,1,153,"SR-152 W/B","VOLTA RD",2229.00,W,N,A,-,Y,,,152,,,,,,W,Y,2,0,3,1,A,-,08,22107,,N,F,A,A,A,H,-,D,D,0,,,,Y,Y,,G,25,1,2,0,0,0,0,0,0,0,"- ","- ",37.056640625,-120.93424987792969,MERCED,UNINCORPORATED,-120.93424987792969,37.056652069091797
90798664,2018,2018-08-27,9460,2018-08-16,1504,020707,,4,2,9,2400,0,1,3,,2,003,"SR-99 N/B","LE GRAND RD",263.00,N,N,A,-,Y,,,,,,,,,,Y,2,0,2,1,A,-,08,22107,,N,F,A,A,A,H,-,A,D,0,,,,,Y,,D,22,2,0,0,0,0,0,0,0,0,"- ","- ",37.226490020751953,-120.37577056884766,MERCED,UNINCORPORATED,-120.37564849853516,37.226261138916016
90798696,2018,2018-08-27,9460,2018-08-16,0040,018422,,4,3,9,2400,0,3,5,,2,070,"MINTURN RD.","HARVEY PETTIT RD",2112.00,N,N,A,-,N,,,,,,,,,,Y,2,0,1,1,A,-,01,23152,A,N,E,I,A,A,H,-,D,D,0,,,,,Y,Y,A,01,1,0,0,0,0,0,0,0,0,"- ","- ",37.177520751953125,-120.27446746826172,MERCED,UNINCORPORATED,-120.27452087402344,37.176776885986328
90805716,2018,2018-09-05,9461,2018-08-28,1000,017329,,2,1,9,2400,0,1,3,,1,103,"SR-33 N/B","HUSMAN ROAD",389.00,S,N,A,-,Y,,,33,,,,,,N,Y,2,0,1,1,A,-,08,22107,,N,F,A,A,A,D,-,A,D,0,,,,Y,Y,,G,25,1,0,0,0,0,0,0,0,0,"- ","- ",37.157661437988281,-121.01399993896484,MERCED,UNINCORPORATED,-121.01400756835938,37.157661437988281
90809267,2018,2018-09-10,9461,2018-08-31,1700,021126,,5,2,9,2400,0,3,5,,2,020,"ALMOND DR","CENTER AVE",0.00,,Y,A,-,N,,,,,,,,,,Y,2,0,5,2,A,-,09,21802,A,N,D,C,A,A,H,-,A,A,0,,,,Y,Y,,G,25,2,1,2,0,0,0,0,0,0,"- ","- ",36.998409271240234,-120.85516357421875,MERCED,UNINCORPORATED,-120.86430358886719,36.991001129150391
90809782,2018,2018-09-11,9460,2018-09-01,2150,020822,,6,2,9,2400,0,3,5,,2,070,"LE GRAND RD","MINTURN RD",1584.00,W,N,A,-,N,,,,,,,,,,Y,2,0,1,1,A,-,01,23152,A,N,F,A,A,A,H,-,D,D,0,,,,,Y,Y,D,22,1,0,0,0,0,0,0,0,0,"- ","- ",37.228408813476562,-120.27615356445312,MERCED,UNINCORPORATED,-120.27632141113281,37.228401184082031
90809884,2018,2018-09-11,9460,2018-08-29,2130,020112,,3,2,9,2400,0,1,3,,1,165,"STATE ROUTE 165","2ND AVENUE",119.00,S,N,A,-,Y,,,165,,,,,,,Y,2,0,1,2,A,-,05,21460,A,N,F,A,A,A,H,-,D,D,0,,,Y,,Y,,A,01,1,0,0,0,0,0,0,0,1,"- ","- ",37.334541320800781,-120.85105133056641,MERCED,UNINCORPORATED,-120.85102844238281,37.334541320800781
90810383,2018,2018-09-11,9460,2018-09-03,1200,017686,,1,1,9,2400,0,3,5,,2,010,"THIRD AVENUE","MCCULLAGH ROAD",100.00,E,N,A,-,N,,,,,,,,,,Y,2,0,1,1,A,-,08,22107,,N,F,A,A,A,H,-,A,D,0,,,Y,,Y,,C,02,1,0,0,0,0,0,0,0,1,"- ","- ",37.32781982421875,-120.87838745117188,MERCED,UNINCORPORATED,-120.87803649902344,37.327831268310547
90815900,2018,2018-10-10,9461,2018-08-14,0340,021188,,2,3,9,2400,0,1,1,,2,206,"I-5 N/B (WEST SIDE FREEWAY)","NEES AVENUE",5808.00,N,N,A,-,Y,,,5,,,,,,N,Y,1,1,0,1,A,-,08,22107,,N,E,I,A,A,H,-,C,D,0,,,,Y,Y,,G,25,0,0,0,0,0,0,0,0,0,"- ","- ",36.865528106689453,-120.7841796875,MERCED,UNINCORPORATED,-120.78421783447266,36.865505218505859
90816849,2018,2018-09-19,9460,2018-09-08,2210,019665,,6,3,9,2400,0,3,5,,2,030,"OLIVE AVE.","BELLEVUE RD",100.00,S,N,A,-,N,,,,,,,,,,Y,2,0,1,1,A,-,01,23152,A,N,F,A,A,A,H,-,D,D,0,,,,,Y,Y,A,01,1,0,0,0,0,0,0,0,0,"- ","- ",37.360488891601562,-120.64382171630859,MERCED,UNINCORPORATED,-120.643744,37.360460000000003
90818908,2018,2018-09-21,9461,2018-09-17,1446,020351,,1,2,9,2400,0,2,4,,1,115,"HENRY MILLER RD","BADGER FLAT RD",0.00,,Y,A,-,N,,,,,,,,,,Y,2,0,5,2,A,-,09,21802,A,N,D,C,A,A,H,-,A,A,0,,,,,Y,,A,07,1,2,2,0,0,0,0,0,0,"- ","- ",37.099929809570312,-120.87754821777344,MERCED,UNINCORPORATED,-120.87757110595703,37.099960327148438
90820710,2018,2018-09-25,9461,2018-09-18,1535,020351,,2,2,9,2400,0,1,3,,1,153,"SR-152 E/B","VOLTA RD",1056.00,W,N,A,-,Y,,,152,,,,,,E,Y,2,0,2,1,A,-,08,22107,,N,F,A,A,A,H,-,A,D,0,,,,,Y,,A,01,1,1,0,0,0,0,0,0,0,"- ","- ",37.056350708007812,-120.92951965332031,MERCED,UNINCORPORATED,-120.92951965332031,37.056446075439453
90824254,2018,2018-09-28,9460,2018-09-18,1838,018673,,2,2,9,2400,0,3,5,,2,060,"PLAINSBURG RD","ARGUELLO DR",48.00,N,N,A,-,N,,,,,,,,,,N,2,0,1,2,A,-,09,21801,A,N,D,C,A,A,H,-,A,A,0,,,Y,,Y,,D,22,1,0,0,0,0,0,0,0,1,"- ","- ",37.283191680908203,-120.32488250732422,MERCED,UNINCORPORATED,-120.32486724853516,37.283222198486328
90829170,2018,2018-10-04,9460,2018-09-27,0855,012845,,4,1,9,2400,0,3,5,,2,040,"CRESSEY WAY","SANTA FE DRIVE",10.00,N,N,A,-,N,,,,,,,,,,N,2,0,1,2,A,-,10,21950,A,F,G,B,B,A,H,-,A,A,0,Y,,,,Y,,-,99,1,0,0,0,1,0,0,0,0,"- ","- ",37.419689178466797,-120.66774749755859,MERCED,UNINCORPORATED,-120.66767883300781,37.419586181640625
90833415,2018,2018-10-11,9460,2018-09-28,2230,020365,,5,3,9,2400,0,3,5,,2,010,"BLOSS AVE","COLUMBUS AVE",2112.00,W,N,A,-,N,,,,,,,,,,Y,2,0,1,1,A,-,01,23152,A,N,E,I,A,A,H,-,D,D,0,,,,,Y,Y,D,22,1,0,0,0,0,0,0,0,0,"- ","- ",37.404499053955078,-120.87480163574219,MERCED,UNINCORPORATED,-120.87561798095703,37.404441833496094
90834216,2018,2018-10-11,9460,2018-10-03,0505,020952,,3,3,9,2400,0,3,5,,2,100,"LONGVIEW AVENUE","ROBIN AVENUE",0.00,,Y,A,-,N,,,,,,,,,,Y,2,0,3,2,A,-,09,21802,A,N,D,C,A,A,H,-,D,A,0,,,,,Y,,A,07,1,0,2,0,0,0,0,0,0,"- ","- ",37.353290557861328,-120.74201965332031,MERCED,UNINCORPORATED,-120.74199676513672,37.353218078613281
90837107,2018,2018-10-16,9460,2018-10-06,1215,015256,,6,1,9,2400,0,1,3,,1,165,SR-165,"WESTSIDE BLVD",900.00,S,N,A,-,Y,,,,,,,,,,Y,2,0,2,2,A,-,05,21460,A,N,B,C,A,A,H,-,A,D,0,,,Y,,Y,,C,02,2,0,0,0,0,0,0,0,2,"- ","- ",37.212959289550781,-120.51062774658203,MERCED,UNINCORPORATED,-120.85034942626953,37.3583984375
90847712,2018,2018-10-29,9461,2018-10-21,2232,020385,,7,3,9,2400,0,3,5,,2,050,"VALERIA AVENUE","BRYANT AVENUE",840.00,E,N,A,-,N,,,,,,,,,,Y,2,0,1,1,C,-,18,,,N,E,H,A,A,H,-,D,D,0,,,Y,,Y,,-,"- ",1,0,0,0,0,0,0,0,1,"- ","- ",36.98175048828125,-120.60466003417969,MERCED,UNINCORPORATED,-120.60567474365234,36.981678009033203
90850780,2018,2018-11-01,9460,2018-10-28,0225,020365,,7,3,9,2400,0,1,3,,2,003,"SR-99 N/B","MISSION AVE",0.00,,N,A,-,Y,,,99,,,,,,N,Y,2,0,3,2,A,-,01,23152,A,N,B,C,A,A,H,-,D,D,0,,,,,Y,Y,A,07,2,0,1,0,0,0,0,0,0,"- ","- ",37.26129150390625,-120.42330169677734,MERCED,UNINCORPORATED,-120.42337036132812,37.261215209960938
90850972,2018,2018-11-01,9460,2018-10-29,2020,018603,,1,2,9,2400,0,3,5,,2,040,"OAKDALE RD","TURLOCK RD",1162.00,S,N,A,-,N,,,,,,,,,,Y,2,0,1,1,A,-,08,22107,,N,F,I,A,A,H,-,D,D,0,,,,,Y,,A,01,1,0,0,0,0,0,0,0,0,"- ","- ",37.283000946044922,-120.38279724121094,MERCED,UNINCORPORATED,-120.64138031005859,37.475074768066406
90852475,2018,2018-11-05,9461,2018-10-28,2320,021854,,7,3,9,2400,0,1,3,,1,152,"SR-152 E/B","SR-33 (SANTA NELLA RD.)",3168.00,W,N,A,-,Y,,,152,,,,,,E,Y,2,0,1,3,A,-,01,23152,A,N,C,C,A,A,H,-,D,D,0,,,,,Y,Y,A,01,1,0,0,0,0,0,0,0,0,"- ","- ",37.057098388671875,-121.02587127685547,MERCED,UNINCORPORATED,-121.02587127685547,37.056797027587891
90853488,2018,2018-11-05,9461,2018-10-29,0840,017329,,1,1,9,2400,0,1,3,,1,265,SR-165,"MERVEL ROAD",3168.00,S,N,A,-,Y,,,165,,,,,,,Y,2,0,1,2,A,-,05,21650,,N,B,C,A,A,H,-,A,D,0,,,,Y,Y,,A,07,1,0,0,0,0,0,0,0,0,"- ","- ",36.958240509033203,-120.83759307861328,MERCED,UNINCORPORATED,-120.83768463134766,36.958240509033203
90854544,2018,2018-12-12,9460,2018-11-03,1324,019806,,6,1,9,2400,0,1,3,,1,142,SR-140,"SCOTT RD",0.00,,Y,A,-,Y,,,140,,,,,,,Y,2,0,2,2,A,-,09,21802,A,N,D,C,A,A,H,-,A,A,0,,,,,Y,,A,01,1,1,0,0,0,0,0,0,0,"- ","- ",37.302391052246094,-120.56858062744141,MERCED,UNINCORPORATED,-120.56858062744141,37.302391052246094
90856637,2018,2018-11-08,9461,2018-10-07,2022,021280,,7,2,9,2400,0,3,5,,2,010,"SOUTH HUNT ROAD","TAGLIO ROAD",284.00,S,N,A,-,N,,,,,,,,,,Y,1,1,0,1,A,-,08,22107,,N,E,I,A,A,H,-,C,D,0,,,,,Y,,A,01,0,0,0,0,0,0,0,0,0,"- ","- ",37.216098785400391,-120.99400329589844,MERCED,UNINCORPORATED,-120.99407958984375,37.216121673583984
90864333,2018,2018-11-20,9461,2018-11-13,1816,017080,,2,2,9,2400,0,1,3,,2,453,"SR-152 W/B","SAN JOAQUIN RIVER",1056.00,W,N,A,-,Y,,,152,,,,,,W,Y,2,0,1,1,A,-,01,23152,A,N,F,A,A,A,H,-,D,D,0,,,,,Y,,D,22,1,0,0,0,0,0,0,0,0,"- ","- ",37.054798126220703,-120.55332183837891,MERCED,UNINCORPORATED,-120.55326843261719,37.054656982421875
90869943,2018,2018-11-29,9461,2018-06-19,2332,020385,,2,3,9,2400,0,1,1,,2,105,"I-5 SOUTHBOUND","HENRY MILLER AVENUE",776.00,N,N,A,-,Y,,,5,,,,,,S,Y,1,2,1,2,A,-,01,23152,A,N,A,C,A,A,H,-,D,D,0,,,,,Y,Y,A,01,1,0,0,0,0,0,0,0,0,"- ","- ",37.102710723876953,-121.01300811767578,MERCED,UNINCORPORATED,-121.0130615234375,37.102668762207031
90870044,2018,2018-11-29,9460,2018-11-18,0815,019838,,7,1,9,2400,0,1,3,,2,002,"SR-99 S/B","APPLEGATE RD",4224.00,N,N,A,-,Y,,,,,,,,,,Y,2,0,1,2,A,-,03,22350,,N,C,C,A,A,H,-,A,D,0,,,Y,,Y,,C,02,1,0,0,0,0,0,0,0,1,"- ","- ",37.350200653076172,-120.62339782714844,MERCED,UNINCORPORATED,-120.62448120117188,37.351493835449219
90872420,2018,2018-11-30,9460,2018-11-21,1708,019918,,3,2,9,2400,0,3,5,,2,080,"DICKENSON FERRY RD","GURR RD",2640.00,E,N,B,C,N,,,,,,,,,,Y,2,0,1,2,A,-,03,22350,,N,C,G,A,B,H,-,D,D,0,,Y,,,Y,,A,01,1,0,0,0,0,0,1,0,0,"- ","- ",37.273139953613281,-120.54997253417969,MERCED,UNINCORPORATED,-120.55121612548828,37.273151397705078
90874855,2018,2018-12-04,9461,2018-08-01,0439,021832,,3,3,9,2400,0,1,1,,2,105,"INTERSTATE-5 NORTHBOUND","CALIFORNIA AQUADUCT BRIDGE",71.00,S,N,A,-,Y,,,5,,,,,,N,Y,1,1,0,1,A,-,08,22107,,N,E,I,A,A,H,-,D,D,0,,,Y,,Y,,C,02,0,0,0,0,0,0,0,1,0,"- ","- ",37.064899444580078,-120.97740173339844,MERCED,UNINCORPORATED,-120.97745513916016,37.064849853515625
90876369,2018,2018-12-05,9460,2018-11-22,1915,019918,,4,2,9,2400,0,2,4,,1,041,"SANTA FE DR","BEACHWOOD DR",795.00,W,N,B,-,N,,,,,,,,,,N,2,0,1,2,A,-,08,22107,,N,G,B,E,A,H,-,D,D,0,Y,,,,Y,Y,-,99,1,0,0,0,1,0,0,0,0,"- ","- ",37.333808898925781,-120.52980041503906,MERCED,UNINCORPORATED,-120.52977752685547,37.333629608154297
90876520,2018,2019-07-11,9460,2018-11-18,0747,019838,,7,1,9,2400,0,1,3,,2,002,"SR-99 S/B","APPLEGATE RD",4752.00,N,N,A,-,Y,,,,,,,,,,Y,2,0,1,1,A,-,08,22107,,N,E,I,A,A,H,-,A,D,0,,,,Y,Y,,G,26,1,0,0,0,0,0,0,0,0,"- ","- ",37.350700378417969,-120.62380218505859,MERCED,UNINCORPORATED,-120.6256103515625,37.352630615234375
90889062,2018,2018-12-24,9461,2018-12-15,1447,017080,,6,2,9,2400,0,1,3,,1,465,SR-165,"SALT SLOUGH",2640.00,N,N,A,-,Y,,,165,,,,,,,Y,2,0,4,2,A,-,06,21751,,N,A,C,A,A,H,-,A,D,0,,,,,Y,,A,01,1,3,0,0,0,0,0,0,0,"- ","- ",37.256771087646484,-120.85141754150391,MERCED,UNINCORPORATED,-120.85134887695312,37.256767272949219
90889220,2018,2018-12-24,9460,2018-12-09,0430,020012,,7,3,9,2400,0,1,3,,1,165,SR-165,"RIVER RD",528.00,N,N,A,-,Y,,,165,,,,,,,Y,2,0,2,2,A,-,01,23152,A,F,A,C,A,A,H,-,D,D,0,,,,Y,Y,Y,A,01,1,0,1,0,0,0,0,0,0,"- ","- ",37.364681243896484,-120.85402679443359,MERCED,UNINCORPORATED,-120.85405731201172,37.364646911621094
90889335,2018,2018-12-24,9461,2018-12-19,0830,014933,,3,1,9,2400,0,2,4,,1,415,"HENRY MILLER RD.","HEREFORD RD.",31.00,W,N,B,-,N,,,,,,,,,,Y,2,0,5,3,A,-,09,21801,A,N,A,C,A,A,H,-,A,D,0,,,,,Y,,D,22,3,1,1,0,0,0,0,0,0,"- ","- ",37.098491668701172,-120.74433898925781,MERCED,UNINCORPORATED,-120.74417877197266,37.098491668701172
90890008,2018,2018-12-26,9460,2018-12-20,0315,020112,,4,3,9,2400,0,3,5,,2,020,"VINCENT RD","W. BRADBURY ROAD",528.00,N,N,A,-,N,,,,,,,,,,Y,2,0,1,1,A,-,01,23152,G,N,F,A,A,A,H,-,D,D,0,,,,,Y,Y,A,07,1,0,0,0,0,0,0,0,0,"- ","- ",37.449741363525391,-120.77626037597656,MERCED,UNINCORPORATED,-120.77631378173828,37.448570251464844