CASE_ID,ACCIDENT_YEAR,PROC_DATE,JURIS,COLLISION_DATE,COLLISION_TIME,OFFICER_ID,REPORTING_DISTRICT,DAY_OF_WEEK,CHP_SHIFT,POPULATION,CNTY_CITY_LOC,SPECIAL_COND,BEAT_TYPE,CHP_BEAT_TYPE,CITY_DIVISION_LAPD,CHP_BEAT_CLASS,BEAT_NUMBER,PRIMARY_RD,SECONDARY_RD,DISTANCE,DIRECTION,INTERSECTION,WEATHER_1,WEATHER_2,STATE_HWY_IND,CALTRANS_COUNTY,CALTRANS_DISTRICT,STATE_ROUTE,ROUTE_SUFFIX,POSTMILE_PREFIX,POSTMILE,LOCATION_TYPE,RAMP_INTERSECTION,SIDE_OF_HWY,TOW_AWAY,COLLISION_SEVERITY,NUMBER_KILLED,NUMBER_INJURED,PARTY_COUNT,PRIMARY_COLL_FACTOR,PCF_CODE_OF_VIOL,PCF_VIOL_CATEGORY,PCF_VIOLATION,PCF_VIOL_SUBSECTION,HIT_AND_RUN,TYPE_OF_COLLISION,MVIW,PED_ACTION,ROAD_SURFACE,ROAD_COND_1,ROAD_COND_2,LIGHTING,CONTROL_DEVICE,CHP_ROAD_TYPE,PEDESTRIAN_ACCIDENT,BICYCLE_ACCIDENT,MOTORCYCLE_ACCIDENT,TRUCK_ACCIDENT,NOT_PRIVATE_PROPERTY,ALCOHOL_INVOLVED,STWD_VEHTYPE_AT_FAULT,CHP_VEHTYPE_AT_FAULT,COUNT_SEVERE_INJ,COUNT_VISIBLE_INJ,COUNT_COMPLAINT_PAIN,COUNT_PED_KILLED,COUNT_PED_INJURED,COUNT_BICYCLIST_KILLED,COUNT_BICYCLIST_INJURED,COUNT_MC_KILLED,COUNT_MC_INJURED,PRIMARY_RAMP,SECONDARY_RAMP,LATITUDE,LONGITUDE,COUNTY,CITY,POINT_X,POINT_Y
90894001,2018,2018-12-31,9461,2018-12-23,2342,021126,,7,3,9,2400,0,1,3,,1,465,"SR-165 N/B","WOLFSEN RD",11616.00,N,N,B,-,Y,,,165,,,,,,N,Y,2,0,1,1,A,-,01,23152,A,N,F,I,A,A,H,-,D,D,0,,,,,Y,Y,A,01,1,0,0,0,0,0,0,0,0,"- ","- ",37.188629150390625,-120.83879089355469,MERCED,UNINCORPORATED,-120.83808135986328,37.188934326171875
90894381,2018,2018-12-31,9460,2018-12-19,0122,020099,,3,3,9,2400,0,3,5,,2,090,"GIANNINI RD","ATWATER JORDAN RD",349.00,S,N,A,-,N,,,,,,,,,,Y,2,0,1,3,A,-,01,23152,A,N,E,I,A,A,H,-,D,D,0,,,,,Y,Y,A,01,1,0,0,0,0,0,0,0,0,"- ","- ",37.330150604248047,-120.60076904296875,MERCED,UNINCORPORATED,-120.60079956054688,37.330368041992188
90896059,2019,2019-01-02,9461,2019-01-02,0900,020486,,3,1,9,2400,0,1,3,,1,152,"STATE HIGHWAY 152","MPM 152 MER R6.00",240.00,W,N,A,-,Y,,,152,,,,,,,Y,2,0,1,1,A,-,08,22107,,N,E,I,A,A,H,-,A,D,0,,,,,Y,,A,01,1,0,0,0,0,0,0,0,0,"- ","- ",37.103549957275391,-121.12626647949219,MERCED,UNINCORPORATED,-121.12628936767578,37.103504180908203
90896176,2018,2019-01-02,9460,2018-11-20,1950,020840,,2,2,9,2400,0,1,3,,2,002,"SR-99 S/B","WESTSIDE BLVD",2112.00,S,N,A,-,Y,,,99,,,,,,S,Y,1,1,0,2,A,-,01,23152,A,N,F,A,A,A,H,-,D,D,0,,,,,Y,Y,A,07,0,0,0,0,0,0,0,0,0,"- ","- ",37.357540130615234,-120.64070892333984,MERCED,UNINCORPORATED,-120.6407470703125,37.357440948486328
90902387,2019,2019-01-11,9460,2019-01-01,0220,020952,,2,3,9,2400,0,1,3,,1,591,"STATE ROUTE 59","SANDY MUSH RD",2112.00,S,N,A,-,Y,,,59,,,,,,,Y,2,0,1,1,A,-,01,23152,A,N,E,J,A,A,H,-,D,D,0,,,,,Y,Y,A,01,1,0,0,0,0,0,0,0,0,"- ","- ",37.178958892822266,-120.49172973632812,MERCED,UNINCORPORATED,-120.49187469482422,37.178977966308594
9090251,2020,2020-06-25,2401,2020-03-20,1816,724,2401,5,5,3,2401,0,0,0,,0,003,"CANAL DR","MITCHEL AV",0.00,,Y,A,-,N,,,,,,,,,,N,2,0,1,1,C,-,18,,,N,A,B,A,A,H,-,A,D,0,,,,,Y,,-,"- ",1,0,0,0,0,0,0,0,0,"- ","- ",,,MERCED,ATWATER,-120.61949157714844,37.354999542236328
90904351,2018,2019-03-28,9461,2018-10-21,2240,021126,,7,3,9,2400,0,3,5,,2,050,"VALERIA AVENUE","BRYANT AVENUE",804.00,E,N,A,-,N,,,,,,,,,,Y,1,1,0,2,A,-,01,23152,A,N,G,B,E,A,H,-,D,D,0,Y,,,,Y,Y,A,01,0,0,0,1,0,0,0,0,0,"- ","- ",36.981758117675781,-120.60466766357422,MERCED,UNINCORPORATED,-120.60579681396484,36.981678009033203
90907658,2019,2019-01-18,9461,2019-01-12,0715,020351,,6,1,9,2400,0,1,1,,2,205,"I-5 S/B","CANYON RD",2640.00,N,N,E,-,Y,,,5,,,,,,S,Y,2,0,2,2,A,-,08,22107,,F,B,C,A,A,H,-,B,D,0,,,,,Y,,A,01,1,1,0,0,0,0,0,0,0,"- ","- ",36.998138427734375,-120.91381072998047,MERCED,UNINCORPORATED,-120.91374206542969,36.998203277587891
90908696,2019,2019-01-22,9460,2019-01-14,1900,018673,,1,2,5,2406,0,1,3,,2,003,"SR-99 N/B FROM MLK JR WAY","MARTIN LUTHER KING JR WAY",430.00,N,N,B,-,Y,,,99,,,,R,,N,N,2,0,1,2,A,-,11,21954,A,N,G,B,E,A,H,-,D,D,0,Y,,,Y,Y,,N,60,1,0,0,0,1,0,0,0,0,"- ","- ",37.297321319580078,-120.48396301269531,MERCED,MERCED,-120.48396301269531,37.297321319580078
90918331,2019,2019-02-04,9461,2019-02-01,1040,020486,,5,1,9,2400,0,1,3,,1,153,"STATE HIGHWAY 152","INTERSTATE 5",85.00,W,N,A,-,Y,,,152,,,,,,,Y,2,0,2,1,A,-,03,22350,,N,F,I,A,A,H,-,A,D,0,,,,Y,Y,,G,25,2,0,0,0,0,0,0,0,0,"- ","- ",37.056541442871094,-120.97046661376953,MERCED,UNINCORPORATED,-120.97046661376953,37.056591033935547
90931659,2019,2019-02-22,9461,2019-02-02,0644,020486,,6,1,9,2400,0,1,3,,1,153,"STATE HIGHWAY 152","STATE HIGHWAY 33",508.00,W,N,C,-,Y,,,152,,,,,,,Y,1,1,0,1,A,-,08,22107,,N,E,I,A,B,H,-,D,D,0,,,,,Y,,A,01,0,0,0,0,0,0,0,0,0,"- ","- ",37.056781768798828,-121.01679229736328,MERCED,UNINCORPORATED,-121.01679229736328,37.056793212890625
90931677,2019,2019-02-22,9461,2019-01-27,0031,021387,,7,3,9,2400,0,1,1,,2,105,"INTERSTATE 5 SOUTHBOUND","STATE HIGHWAY 152",640.00,N,N,A,-,Y,,,5,,,,,,S,Y,1,1,1,3,A,-,03,22350,,N,D,C,E,A,H,-,C,D,0,Y,,,,Y,,A,01,0,1,0,1,0,0,0,0,0,"- ","- ",37.057758331298828,-120.97100830078125,MERCED,UNINCORPORATED,-120.97103118896484,37.0577392578125
9093626,2020,2020-09-25,2406,2020-04-19,0210,263,2,7,5,5,2406,0,0,0,,0,021,"V ST","WEST 14TH ST",0.00,,Y,A,-,Y,MER,10,59,-,-,14.790,I,5,N,Y,2,0,1,1,A,-,01,23152,A,N,E,I,A,A,H,-,C,A,0,,,,,Y,Y,A,07,1,0,0,0,0,0,0,0,0,"- ","- ",,,MERCED,MERCED,-120.50048828125,37.303333282470703
90937862,2019,2019-03-01,9460,2019-02-20,1910,019838,,3,2,9,2400,0,2,4,,1,042,"SANTA FE AVE","PALM AVENUE",1000.00,E,N,B,-,N,,,,,,,,,,Y,2,0,3,2,A,-,05,21650,,N,A,C,A,B,H,-,D,D,0,,,,,Y,,D,22,1,1,1,0,0,0,0,0,0,"- ","- ",37.417198181152344,-120.66339874267578,MERCED,UNINCORPORATED,-120.66278839111328,37.416610717773438
90944801,2019,2019-03-12,9461,2019-03-10,0400,021854,,7,3,9,2400,0,1,3,,1,265,"I-5 N/B TO SR-165",SR-165,0.00,,Y,B,-,Y,,,5,,,,R,,N,Y,2,0,2,1,A,-,08,22107,,N,F,A,A,B,H,-,D,A,0,,,,,Y,,A,07,1,1,0,0,0,0,0,0,0,"- ","- ",36.930870056152344,-120.83992004394531,MERCED,UNINCORPORATED,-120.83992004394531,36.930870056152344
90954731,2019,2019-03-27,9460,2019-03-16,0724,018806,,6,1,9,2400,0,3,5,,2,030,"ALMOND AVENUE","VINE STREET",675.00,E,N,A,-,N,,,,,,,,,,Y,2,0,2,2,A,-,01,23152,A,N,A,C,A,A,H,-,A,D,0,,,,,Y,Y,A,01,1,0,1,0,0,0,0,0,0,"- ","- ",37.382091522216797,-120.63005828857422,MERCED,UNINCORPORATED,-120.63037872314453,37.382118225097656
90959858,2019,2019-04-03,9460,2019-03-24,1905,020707,,7,2,9,2400,0,1,3,,2,002,"WESTSIDE BLVD.",SR-99,310.00,W,N,A,-,Y,,,,,,,,,,Y,2,0,1,1,A,-,01,23152,A,M,F,A,A,A,H,-,A,D,0,,,Y,,Y,Y,C,02,1,0,0,0,0,0,0,0,1,"- ","- ",37.360908508300781,-120.6492919921875,MERCED,UNINCORPORATED,-120.64927673339844,37.361064910888672
90961802,2019,2019-04-05,9460,2019-03-26,0805,018623,,2,1,9,2400,0,1,3,,2,002,"SR-99 S/B","LIBERTY AVE",2447.00,S,N,B,-,Y,,,99,,,,,,S,Y,2,0,1,1,A,-,08,22107,,N,E,I,A,A,H,-,A,D,0,,,,,Y,,A,07,1,0,0,0,0,0,0,0,0,"- ","- ",37.370109558105469,-120.67617034912109,MERCED,UNINCORPORATED,-120.67598724365234,37.370498657226562
90967903,2019,2019-04-15,9461,2019-04-09,1000,021378,,2,1,9,2400,0,2,4,,2,100,"W COMET ROAD","SATURN ST",58.00,N,N,A,-,N,,,,,,,,,,N,2,0,1,1,A,-,03,22350,,N,F,I,A,A,H,-,A,D,0,,,Y,,Y,,C,02,1,0,0,0,0,0,0,0,1,"- ","- ",37.100120544433594,-121.01904296875,MERCED,UNINCORPORATED,-121.01904296875,37.10009765625
90970675,2019,2019-04-18,9460,2019-04-12,1932,019806,,5,2,9,2400,0,1,3,,1,591,SR-59,"SANDY MUSH RD",210.00,S,N,A,-,Y,,,59,,,,,,,Y,2,0,1,1,A,-,01,23152,A,N,E,I,A,A,H,-,C,D,0,,,,,Y,Y,A,07,1,0,0,0,0,0,0,0,0,"- ","- ",37.185680389404297,-120.48831176757812,MERCED,UNINCORPORATED,-120.48822021484375,37.185676574707031
90973370,2019,2019-04-23,9460,2019-04-11,0455,020952,,4,3,9,2400,0,2,4,,1,051,"SNELLING ROAD","LA PALOMA ROAD",10560.00,N,N,A,-,N,,,,,,,,,,Y,2,0,1,1,A,-,08,22107,,N,E,J,A,A,H,-,D,D,0,,,,,Y,Y,A,01,1,0,0,0,0,0,0,0,0,"- ","- ",37.427070617675781,-120.44483184814453,MERCED,UNINCORPORATED,-120.44538879394531,37.423118591308594
90977753,2019,2019-04-29,9460,2019-04-13,2315,020822,,6,3,9,2400,0,3,5,,2,090,"BERT CRANE RD","MORAN RD",37.00,S,N,A,-,N,,,,,,,,,,Y,2,0,1,1,A,-,01,23152,A,N,E,I,A,A,H,-,D,D,0,,,,,Y,Y,A,07,1,0,0,0,0,0,0,0,0,"- ","- ",37.309291839599609,-120.63292694091797,MERCED,UNINCORPORATED,-120.63294982910156,37.309307098388672
90979243,2019,2019-04-30,9460,2019-04-19,0550,018806,,5,3,9,2400,0,1,3,,1,142,SR-140,"BUHACH ROAD SOUTH",0.00,,Y,A,-,Y,,,140,,,,,,,Y,2,0,1,2,A,-,09,21802,A,N,D,C,A,A,H,-,B,D,0,,,Y,,Y,,D,22,1,0,0,0,0,0,0,0,1,"- ","- ",37.302341461181641,-120.75713348388672,MERCED,UNINCORPORATED,-120.75729370117188,37.301567077636719
90979782,2019,2019-05-01,9460,2019-04-19,2215,019665,,5,3,9,2400,0,3,5,,2,090,"SHANKS RD","AUGUST AVE",0.00,,Y,A,-,N,,,,,,,,,,Y,2,0,1,1,A,-,01,23152,A,N,E,I,A,A,H,-,C,A,0,,,,,Y,Y,A,01,1,0,0,0,0,0,0,0,0,"- ","- ",37.419609069824219,-120.78617095947266,MERCED,UNINCORPORATED,-120.78633880615234,37.419551849365234
90981838,2019,2019-05-03,9460,2019-04-24,2221,021320,,3,3,9,2400,0,3,5,,2,030,"WINTON WAY","GERTRUDE AVE",0.00,,Y,A,-,N,,,,,,,,,,Y,2,0,3,2,A,-,01,23152,A,N,D,C,A,A,H,-,C,A,0,,,,,Y,Y,A,01,1,2,0,0,0,0,0,0,0,"- ","- ",37.374919891357422,-120.61358642578125,MERCED,UNINCORPORATED,-120.61367797851562,37.374969482421875
90989301,2019,2019-05-15,9460,2019-05-04,1353,021407,,6,1,9,2400,0,3,5,,2,090,"APPLEGATE ROAD","WHITE CRANE RD",0.00,,Y,A,-,N,,,,,,,,,,Y,2,0,1,2,A,-,12,22450,A,N,D,C,A,A,H,-,A,A,0,,,,,Y,,A,01,1,0,0,0,0,0,0,0,0,"- ","- ",37.316631317138672,-120.61459350585938,MERCED,UNINCORPORATED,-120.61457824707031,37.316680908203125
90993425,2019,2019-05-22,9460,2019-03-14,1346,018922,,4,1,9,2400,0,1,3,,2,003,"SR-99 N/B","CHILDS AVENUE",1056.00,S,N,A,-,Y,,,99,,,,,,N,Y,1,1,1,1,A,-,08,22107,,N,F,A,A,A,H,-,A,D,0,,,,,Y,,D,22,0,1,0,0,0,0,0,0,0,"- ","- ",37.286361694335938,-120.45423889160156,MERCED,UNINCORPORATED,-120.45419311523438,37.286403656005859
90994114,2019,2019-05-22,9460,2019-05-11,1835,019838,,6,2,9,2400,0,3,5,,2,020,"EL CAPITAN WAY","PEPPER ST.",0.00,,Y,A,-,N,,,,,,,,,,Y,2,0,4,2,A,-,01,23152,A,N,D,C,A,A,H,-,A,D,0,,,,,Y,Y,A,01,1,2,1,0,0,0,0,0,0,"- ","- ",37.433700561523438,-120.72200012207031,MERCED,UNINCORPORATED,-120.72196960449219,37.433708190917969
90997281,2019,2019-05-28,9461,2019-05-23,0853,014933,,4,1,9,2400,0,2,4,,1,415,"HENRY MILLER RD","TURNER ISLAND RD.",2640.00,W,N,A,-,N,,,,,,,,,,Y,2,0,1,2,A,-,03,22350,,N,C,C,A,A,H,-,A,D,0,,,,,Y,,D,22,1,0,0,0,0,0,0,0,0,"- ","- ",37.098129272460938,-120.71896362304688,MERCED,UNINCORPORATED,-120.71663665771484,37.098079681396484
91002015,2019,2019-06-03,9460,2019-05-15,2150,020099,,3,2,5,2406,0,1,3,,2,003,"SR-99 N/B","CHILDS AVE",60.00,S,N,B,C,Y,,,99,,,,,,N,Y,2,0,1,2,A,-,01,23152,A,N,D,C,A,B,H,-,D,D,0,,,,,Y,Y,D,22,1,0,0,0,0,0,0,0,0,"- ","- ",37.288528442382812,-120.45639801025391,MERCED,MERCED,-120.45643615722656,37.288486480712891
91003128,2019,2019-06-04,9460,2019-05-24,1535,019838,,5,2,9,2400,0,1,3,,1,590,SR-59,"FOURTH ST.",97.00,N,N,A,-,Y,,,59,,,,,,,N,2,0,1,2,A,-,11,21954,A,N,G,B,D,A,H,-,A,D,0,Y,,,,Y,,N,60,1,0,0,0,1,0,0,0,0,"- ","- ",37.519100189208984,-120.43840026855469,MERCED,UNINCORPORATED,-120.43841552734375,37.519153594970703
91006562,2019,2019-06-10,9460,2019-03-29,1329,019500,,5,1,9,2400,0,1,3,,1,141,SR-140,"WASHINGTON BLVD",1584.00,E,N,A,-,Y,,,140,,,,,,,Y,1,1,1,1,A,-,01,23152,A,N,E,I,A,A,H,-,A,D,0,,,Y,,Y,Y,C,02,1,0,0,0,0,0,0,1,1,"- ","- ",37.301151275634766,-120.75380706787109,MERCED,UNINCORPORATED,-120.75380706787109,37.301181793212891
91008683,2019,2020-02-19,9461,2019-06-04,1855,021056,,2,2,9,2400,0,1,1,,2,205,"I-5 N/B",SR-165,11088.00,N,N,A,-,Y,,,5,,,,,,N,Y,2,0,1,1,A,-,08,22107,,N,F,A,A,A,H,-,A,D,0,,,,,Y,,A,07,1,0,0,0,0,0,0,0,0,"- ","- ",36.952560424804688,-120.86727142333984,MERCED,UNINCORPORATED,-120.86730194091797,36.952518463134766
91012723,2019,2019-06-18,9460,2019-03-30,2131,021320,,6,2,9,2400,0,3,5,,2,030,"ASHBY ROAD","TRINDADE RD",648.00,W,N,A,-,N,,,,,,,,,,Y,1,1,1,2,A,-,01,23152,A,N,D,C,A,A,H,-,C,D,0,,,Y,,Y,Y,C,02,0,1,0,0,0,0,0,1,0,"- ","- ",37.325401306152344,-120.55216979980469,MERCED,UNINCORPORATED,-120.55204772949219,37.325340270996094
91016150,2019,2019-07-17,9460,2019-06-15,0049,020952,,6,3,9,2400,0,1,3,,1,143,"STATE ROUTE 140","N ARBOLEDA DRIVE",140.00,W,N,A,-,Y,,,140,,,,,,,Y,2,0,5,1,A,-,01,23152,A,N,E,J,A,A,H,-,D,D,0,,,,,Y,Y,A,01,4,1,0,0,0,0,0,0,0,"- ","- ",37.296161651611328,-120.37956237792969,MERCED,UNINCORPORATED,-120.37955474853516,37.296009063720703
91016979,2019,2019-06-25,9461,2019-06-19,0022,021832,,3,3,9,2400,0,1,1,,2,105,"I-5 N/B",SR-140,4224.00,S,N,A,-,Y,,,5,,,,,,N,Y,2,0,1,1,A,-,08,22107,,N,F,I,A,A,H,-,D,D,0,,,,,Y,,D,22,1,0,0,0,0,0,0,0,0,"- ","- ",37.233001708984375,-121.08519744873047,MERCED,UNINCORPORATED,-121.08530426025391,37.23297119140625
91017932,2019,2019-06-26,9460,2019-06-18,0610,015759,,2,1,9,2400,0,3,5,,2,010,"AUGUST AVENUE","GOLF LINK ROAD",145.00,W,N,A,-,N,,,,,,,,,,Y,2,0,1,1,A,-,08,22107,,N,E,I,A,A,H,-,A,D,0,,,,,Y,,D,22,1,0,0,0,0,0,0,0,0,"- ","- ",37.256759643554688,-120.49536895751953,MERCED,UNINCORPORATED,-120.83220672607422,37.418624877929688
91023029,2019,2019-07-02,9460,2019-06-20,1100,017827,,4,1,9,2400,0,1,3,,1,143,SR-140,"CUNNINGHAM RD.",0.00,,N,A,-,Y,,,140,,,,,,,Y,2,0,4,3,A,-,03,22350,,N,C,C,A,A,H,-,A,D,0,,,,,Y,,D,22,1,0,3,0,0,0,0,0,0,"- ","- ",37.327098846435547,-120.25169372558594,MERCED,UNINCORPORATED,-120.25183868408203,37.327411651611328
91025829,2019,2020-02-20,9460,2019-06-28,0745,018806,,5,1,9,2400,0,3,5,,2,060,"MCKEE ROAD","SOUTH EAST BEAR CREEK DRIVE",0.00,,Y,A,-,N,,,,,,,,,,N,2,0,1,2,A,-,11,21950,B,N,G,B,D,A,H,-,A,A,0,Y,,,,Y,,N,60,1,0,0,0,1,0,0,0,0,"- ","- ",37.309360504150391,-120.44448852539062,MERCED,UNINCORPORATED,-120.44453,37.3093
91028147,2019,2019-07-10,9460,2019-06-28,1917,019918,,5,2,9,2400,0,3,5,,2,070,"SANTA FE AVE","CUNNINGHAM RD",532.00,N,N,A,-,N,,,,,,,,,,Y,2,0,1,1,A,-,01,23152,A,N,E,I,A,A,H,-,A,D,0,,,,,Y,Y,A,01,1,0,0,0,0,0,0,0,0,"- ","- ",37.235141754150391,-120.25421142578125,MERCED,UNINCORPORATED,-120.25411224365234,37.235130310058594
91028659,2019,2019-07-10,9460,2019-05-25,1235,017827,,6,1,9,2400,0,1,3,,1,143,SR-140,"HAYDEN RD.",6864.00,E,N,A,-,Y,,,140,,,,,,,Y,1,1,0,2,A,-,01,23152,G,N,C,C,A,A,H,-,A,D,0,,,,Y,Y,Y,A,01,0,0,0,0,0,0,0,0,0,"- ","- ",37.301780700683594,-120.30697631835938,MERCED,UNINCORPORATED,-120.30696105957031,37.301742553710938
91030280,2019,2019-07-15,9461,2019-07-08,1635,020486,,1,2,9,2400,0,2,4,,1,110,"INGOMAR ROAD","COTTONWOOD ROAD",2112.00,S,N,A,-,N,,,,,,,,,,Y,2,0,2,2,A,-,01,23152,A,N,A,C,A,A,H,-,A,D,0,,,,,Y,Y,A,01,2,0,0,0,0,0,0,0,0,"- ","- ",37.180648803710938,-120.96926116943359,MERCED,UNINCORPORATED,-120.96954345703125,37.181755065917969
91037086,2019,2019-07-24,9460,2019-07-06,0650,019286,,6,1,9,2400,0,3,5,,2,090,"GURR ROAD","ELLIOTT AVENUE",0.00,,Y,A,-,N,,,,,,,,,,Y,2,0,3,2,A,-,12,22450,A,N,D,C,A,A,H,-,A,A,0,,,,,Y,,A,01,1,1,1,0,0,0,0,0,0,"- ","- ",37.320621490478516,-120.55914306640625,MERCED,UNINCORPORATED,-120.55909729003906,37.320621490478516
91042284,2019,2019-07-31,9460,2019-07-21,2300,020099,,7,3,9,2400,0,3,5,,2,030,"AVENUE 2","GURR RD",1056.00,W,N,A,-,N,,,,,,,,,,N,2,0,1,2,A,-,11,21956,,F,G,B,E,A,H,-,D,D,0,Y,,,,Y,,N,60,1,0,0,0,1,0,0,0,0,"- ","- ",37.349529266357422,-120.56308746337891,MERCED,UNINCORPORATED,-120.56224822998047,37.349437713623047
9104674,2020,2020-11-03,2406,2020-05-11,1345,129,CENTR,1,5,5,2406,0,0,0,,0,,"M ST","LOUGHBOROUGH DR",0.00,,Y,A,-,N,,,,,,,,,,Y,2,0,2,2,A,-,09,21801,A,N,A,C,A,A,H,-,A,A,0,,,,,Y,,A,01,1,1,0,0,0,0,0,0,0,"- ","- ",,,MERCED,MERCED,-120.4783935546875,37.322700500488281
9104676,2020,2020-11-03,2406,2020-05-19,0741,129,NORTH,2,5,5,2406,0,0,0,,0,010,"M ST","CARDELLA RD",0.00,,Y,B,-,N,,,,,,,,,,N,2,0,1,2,A,-,05,21650,1,N,D,G,A,A,H,-,A,A,0,,Y,,,Y,,L,04,1,0,0,0,0,0,1,0,0,"- ","- ",,,MERCED,MERCED,-120.47754669189453,37.346710205078125
9105024,2020,2020-06-15,2406,2020-02-27,0227,222,2,4,5,5,2406,0,0,0,,0,021,"WEST 16TH ST","O ST",0.00,,Y,A,-,N,,,,,,,,,,N,2,0,1,2,D,-,00,,,F,D,G,A,A,H,-,C,D,0,,Y,,,Y,,-,"- ",1,0,0,0,0,0,1,0,0,"- ","- ",,,MERCED,MERCED,-120.48847198486328,37.302089691162109
91052194,2019,2019-08-14,9460,2019-06-14,1108,014541,,5,1,9,2400,0,3,5,,2,050,"HORNITOS ROAD","ROBINSON ROAD",752.00,N,N,A,-,N,,,,,,,,,,Y,1,2,0,3,A,-,05,21460,A,N,B,C,A,A,H,-,A,D,0,,,Y,,Y,,C,02,0,0,0,0,0,0,0,2,0,"- ","- ",37.507549285888672,-120.31662750244141,MERCED,UNINCORPORATED,-120.31655499999999,37.507541000000003
91054449,2019,2019-08-19,9461,2019-08-10,1650,021378,,6,2,9,2400,0,1,3,,1,103,"SR-33 S/B","PFITZER RD",290.00,S,N,A,-,Y,,,33,,,,,,S,Y,2,0,1,1,A,-,08,22107,,N,E,I,A,A,H,-,A,D,0,,,,,Y,,A,01,1,0,0,0,0,0,0,0,0,"- ","- ",37.2086181640625,-121.01248931884766,MERCED,UNINCORPORATED,-121.01236724853516,37.2086181640625
91059640,2019,2019-10-01,9460,2019-06-22,1943,019806,,6,2,9,2400,0,3,5,,2,060,"ARGUELLO DR","MORENO CT",68.00,W,N,A,-,N,,,,,,,,,,N,1,1,2,2,A,-,03,22350,,N,C,C,A,A,H,-,A,D,0,,,Y,,Y,,C,06,0,2,0,0,0,0,0,1,2,"- ","- ",37.283111572265625,-120.32279968261719,MERCED,UNINCORPORATED,-120.32278442382812,37.283123016357422
91060488,2019,2019-08-27,9460,2019-08-07,2015,018673,,3,2,5,2406,0,1,3,,2,003,"SR-99 N/B","R ST",420.00,S,N,A,-,Y,,,99,,,,,,N,Y,2,0,3,3,A,-,01,23152,A,F,C,C,A,A,H,-,A,D,0,,,,,Y,Y,D,22,1,0,2,0,0,0,0,0,0,"- ","- ",37.300498962402344,-120.49304962158203,MERCED,MERCED,-120.49304962158203,37.300498962402344
91061442,2019,2019-08-28,9460,2019-08-18,0043,021150,,7,3,9,2400,0,2,4,,1,041,"SANTA FE DRIVE","FRANKLIN ROAD",15.00,E,N,A,-,N,,,,,,,,,,Y,2,0,3,2,A,-,01,23152,A,N,C,C,A,A,H,-,C,A,0,,,,,Y,Y,A,01,3,0,0,0,0,0,0,0,0,"- ","- ",37.340320587158203,-120.54032897949219,MERCED,UNINCORPORATED,-120.54032897949219,37.340282440185547
91064359,2019,2019-09-09,9460,2019-08-20,1118,014541,,2,1,9,2400,0,1,3,,2,002,"STATE ROUTE 99 S/B","FRANKLIN ROAD",1250.00,N,N,A,-,Y,,,99,,,,,,S,Y,2,0,1,1,A,-,08,22107,,N,E,I,A,A,H,-,A,D,0,,,,,Y,,A,01,1,0,0,0,0,0,0,0,0,"- ","- ",37.322731018066406,-120.54707336425781,MERCED,UNINCORPORATED,-120.54696655273438,37.323001861572266
91068113,2019,2019-10-04,9461,2019-08-31,1605,021056,,6,2,9,2400,0,2,4,,1,110,"INGOMAR GRADE N/B","COTTONWOOD RD",3168.00,S,N,A,-,N,,,,,,,,,,Y,2,0,1,1,A,-,01,23152,A,N,E,I,A,A,H,-,A,D,0,,,,,Y,Y,D,22,1,0,0,0,0,0,0,0,0,"- ","- ",37.177711486816406,-120.96823120117188,MERCED,UNINCORPORATED,,
91071177,2019,2019-09-10,9461,2019-09-02,1735,021387,,1,2,9,2400,0,1,1,,2,222,"S/B JOHN ERECA REST AREA","NEES AVE",4752.00,N,N,A,-,N,,,,,,,,,,Y,2,0,2,1,A,-,03,22350,,N,E,I,A,A,H,-,A,D,0,,,,,Y,,A,01,1,1,0,0,0,0,0,0,0,"- ","- ",36.861968994140625,-120.78253936767578,MERCED,UNINCORPORATED,,
91071768,2019,2019-09-10,9460,2019-08-29,1545,019838,,4,2,9,2400,0,3,5,,2,040,"CAMPBELL AVE","LIBERTY AVE",150.00,W,N,A,-,N,,,,,,,,,,Y,2,0,1,2,A,-,05,21460,A,N,A,C,A,A,H,-,A,D,0,,,Y,,Y,,C,02,1,0,0,0,0,0,0,0,1,"- ","- ",37.375,-120.67900085449219,MERCED,UNINCORPORATED,-120.67910003662109,37.375179290771484
91071784,2019,2019-09-10,9460,2019-03-20,2048,019806,,3,2,9,2400,0,1,3,,2,002,"SR-99 S/B","ATWATER-MERCED EXPRESSWAY",3696.00,S,N,A,-,Y,,,99,,,,,,S,Y,1,1,0,3,A,-,11,21954,A,N,G,B,E,A,H,-,D,D,0,Y,,,,Y,Y,N,60,0,0,0,1,0,0,0,0,0,"- ","- ",37.326618194580078,-120.55680084228516,MERCED,UNINCORPORATED,-120.55680084228516,37.326606750488281