CASE_ID,ACCIDENT_YEAR,PROC_DATE,JURIS,COLLISION_DATE,COLLISION_TIME,OFFICER_ID,REPORTING_DISTRICT,DAY_OF_WEEK,CHP_SHIFT,POPULATION,CNTY_CITY_LOC,SPECIAL_COND,BEAT_TYPE,CHP_BEAT_TYPE,CITY_DIVISION_LAPD,CHP_BEAT_CLASS,BEAT_NUMBER,PRIMARY_RD,SECONDARY_RD,DISTANCE,DIRECTION,INTERSECTION,WEATHER_1,WEATHER_2,STATE_HWY_IND,CALTRANS_COUNTY,CALTRANS_DISTRICT,STATE_ROUTE,ROUTE_SUFFIX,POSTMILE_PREFIX,POSTMILE,LOCATION_TYPE,RAMP_INTERSECTION,SIDE_OF_HWY,TOW_AWAY,COLLISION_SEVERITY,NUMBER_KILLED,NUMBER_INJURED,PARTY_COUNT,PRIMARY_COLL_FACTOR,PCF_CODE_OF_VIOL,PCF_VIOL_CATEGORY,PCF_VIOLATION,PCF_VIOL_SUBSECTION,HIT_AND_RUN,TYPE_OF_COLLISION,MVIW,PED_ACTION,ROAD_SURFACE,ROAD_COND_1,ROAD_COND_2,LIGHTING,CONTROL_DEVICE,CHP_ROAD_TYPE,PEDESTRIAN_ACCIDENT,BICYCLE_ACCIDENT,MOTORCYCLE_ACCIDENT,TRUCK_ACCIDENT,NOT_PRIVATE_PROPERTY,ALCOHOL_INVOLVED,STWD_VEHTYPE_AT_FAULT,CHP_VEHTYPE_AT_FAULT,COUNT_SEVERE_INJ,COUNT_VISIBLE_INJ,COUNT_COMPLAINT_PAIN,COUNT_PED_KILLED,COUNT_PED_INJURED,COUNT_BICYCLIST_KILLED,COUNT_BICYCLIST_INJURED,COUNT_MC_KILLED,COUNT_MC_INJURED,PRIMARY_RAMP,SECONDARY_RAMP,LATITUDE,LONGITUDE,COUNTY,CITY,POINT_X,POINT_Y
91076354,2019,2019-09-17,9460,2019-09-09,1550,018922,,1,2,9,2400,0,3,5,,2,050,"DUNN ROAD","GARDNER ROAD",528.00,E,N,A,-,N,,,,,,,,,,Y,2,0,1,1,A,-,01,23152,A,N,F,A,A,A,H,-,A,D,0,,,Y,,Y,Y,C,02,1,0,0,0,0,0,0,0,1,"- ","- ",37.339378356933594,-120.44875335693359,MERCED,UNINCORPORATED,-120.44905090332031,37.339397430419922
91076522,2019,2020-04-07,9461,2019-08-04,2115,021056,,7,2,9,2400,0,3,5,,2,040,"ARROYA AVENUE NORTHBOUND","LINDEN ROAD",0.00,,Y,A,-,N,,,,,,,,,,Y,1,1,1,1,A,-,08,22107,,N,F,A,A,A,H,-,D,D,0,,,Y,,Y,,C,02,1,0,0,0,0,0,0,1,1,"- ","- ",37.033180236816406,-120.67182159423828,MERCED,UNINCORPORATED,-120.67179107666016,37.032768249511719
91076724,2019,2019-09-17,9461,2019-09-06,1343,019052,,5,1,9,2400,0,1,3,,2,453,"SR-152 W/B","LODI RD",2640.00,E,N,A,-,Y,,,152,,,,,,W,Y,2,0,2,2,A,-,03,22350,,N,A,C,A,A,H,-,A,D,0,,,,Y,Y,,F,26,1,1,0,0,0,0,0,0,0,"- ","- ",37.05059814453125,-120.57990264892578,MERCED,UNINCORPORATED,-120.57989501953125,37.050559997558594
91079410,2019,2019-09-20,9460,2019-09-13,0317,021320,,5,3,9,2400,0,1,3,,2,002,"SR-99 (N/B)","COLLIER RD",90.00,S,N,A,-,Y,,,99,,,,,,,Y,2,0,1,1,A,-,08,22107,,N,E,I,A,A,H,-,D,D,0,,,,Y,Y,,F,26,1,0,0,0,0,0,0,0,0,"- ","- ",37.408718109130859,-120.75173950195312,MERCED,UNINCORPORATED,-120.75171661376953,37.408748626708984
91085369,2019,2019-09-27,9460,2019-09-18,2205,021320,,3,3,9,2400,0,1,3,,1,165,"SR-165 N/B","TURNER AVE",144.00,S,N,A,-,Y,,,165,,,,,,N,Y,2,0,1,2,A,-,01,23152,A,N,B,C,A,A,H,-,D,D,0,,,,Y,Y,Y,A,01,1,0,0,0,0,0,0,0,0,"- ","- ",37.371280670166016,-120.8507080078125,MERCED,UNINCORPORATED,-120.85073852539062,37.371284484863281
91086540,2019,2019-09-30,9460,2019-09-21,0440,021150,,6,3,9,2400,0,1,3,,1,590,"RT 59","GREEN ST",190.00,S,N,A,-,N,,,59,,,,,,,Y,2,0,1,1,A,-,01,23152,A,M,E,I,A,A,H,-,C,D,0,,,,,Y,Y,A,01,1,0,0,0,0,0,0,0,0,"- ","- ",37.519569396972656,-120.43695831298828,MERCED,UNINCORPORATED,-120.43710327148438,37.519660949707031
91088251,2019,2019-10-01,9460,2019-09-25,2015,021407,,3,2,9,2400,0,3,5,,2,090,"LONGVIEW ROAD","CENTRAL AVENUE",386.00,E,N,A,-,N,,,,,,,,,,Y,2,0,1,1,A,-,03,22350,,N,F,A,A,A,H,-,D,D,0,,,Y,,Y,,C,02,1,0,0,0,0,0,0,0,1,"- ","- ",37.353099822998047,-120.64859771728516,MERCED,UNINCORPORATED,-120.64923858642578,37.353042602539062
91092050,2019,2019-10-07,9460,2019-09-27,2020,019500,,5,2,9,2400,0,3,5,,2,020,"MEMORY CT","LIBERTY DR",50.00,N,N,A,-,N,,,,,,,,,,N,2,0,1,2,A,-,03,22350,,N,G,B,E,A,H,-,C,D,0,Y,,,,Y,Y,A,01,1,0,0,0,1,0,0,0,0,"- ","- ",37.421180725097656,-120.78096771240234,MERCED,UNINCORPORATED,-120.78097534179688,37.421085357666016
91092115,2019,2019-10-07,9461,2019-09-29,2245,021188,,7,3,9,2400,0,3,5,,2,010,"INGOMAR GRADE","HEARST ROAD",2640.00,N,N,A,-,N,,,,,,,,,,Y,2,0,3,1,A,-,01,23152,A,N,F,A,A,A,H,-,D,D,0,,,,,Y,Y,A,01,1,2,0,0,0,0,0,0,0,"- ","- ",37.143871307373047,-120.96196746826172,MERCED,UNINCORPORATED,,
91092958,2019,2019-10-08,9460,2019-10-02,0756,015305,,3,1,5,2406,0,1,3,,2,003,"STATE ROUTE 99 (SOUTHBOUND)","STATE ROUTE 59 (MLK JR. WAY)",1056.00,N,N,A,-,Y,,,99,,,,,,,Y,2,0,1,2,A,-,03,22350,,N,C,C,A,A,H,-,A,D,0,,,Y,,Y,,C,02,1,0,0,0,0,0,0,0,1,"- ","- ",37.297409057617188,-120.48536682128906,MERCED,MERCED,-120.4853515625,37.297462463378906
91100417,2019,2019-10-18,9460,2019-10-12,2335,19385,,6,3,9,2400,0,1,3,,2,002,"STATE ROUTE 99 SOUTHBOUND","ATWATER-MERECED EXPRESSWAY",230.00,N,N,A,-,Y,,,,,,,,,,Y,2,0,1,1,A,-,07,21658,A,N,F,A,A,A,H,-,C,D,0,,,Y,,Y,Y,C,02,1,0,0,0,0,0,0,0,1,"- ","- ",37.332199096679688,-120.56858062744141,MERCED,UNINCORPORATED,-120.56867980957031,37.332340240478516
91101179,2019,2019-11-13,9461,2019-10-13,2145,021126,,7,2,9,2400,0,1,1,,2,206,"INTERSTATE 5","LAGUNA SECA CREEK OVERCROSSING",3696.00,S,N,A,-,Y,,,5,,,,,,,Y,1,1,2,2,A,-,03,22350,,N,C,C,A,A,H,-,D,D,0,,,Y,,Y,,C,02,0,0,2,0,0,0,0,1,0,"- ","- ",36.882369995117188,-120.79596710205078,MERCED,UNINCORPORATED,-120.79587554931641,36.882438659667969
91103181,2019,2019-10-22,9460,2019-10-14,0604,017827,,1,1,9,2400,0,1,3,,1,591,SR-59,"WASHINGTON RD.",0.00,,Y,A,-,Y,,,59,,,,,,,Y,2,0,1,2,A,-,12,22450,A,N,D,C,A,A,H,-,D,A,0,,,,Y,Y,,A,01,1,0,0,0,0,0,0,0,0,"- ","- ",37.113010406494141,-120.49278259277344,MERCED,UNINCORPORATED,-120.49227142333984,37.113006591796875
91104085,2019,2020-03-24,9461,2019-10-02,0700,017329,,3,1,9,2400,0,1,3,,1,141,"STATE ROUTE 140","WEST BRIDGE MUD SLOUGH",3168.00,E,N,A,-,Y,,,140,,,,,,,Y,1,2,1,3,A,-,06,21751,,N,A,C,A,A,H,-,B,D,0,,,,,Y,,D,22,0,1,0,0,0,0,0,0,0,"- ","- ",37.299339294433594,-120.93826293945312,MERCED,UNINCORPORATED,-120.93825531005859,37.299339294433594
91107768,2019,2019-11-12,9460,2019-06-07,2500,020952,,5,4,9,2400,0,2,4,,1,051,"SNELLING RD","E. YOUD ROAD",10560.00,S,N,A,-,N,,,,,,,,,,Y,1,1,0,1,A,-,01,23152,A,N,F,A,A,A,H,-,D,D,0,,,,,Y,Y,A,07,0,0,0,0,0,0,0,0,0,"- ","- ",37.452339172363281,-120.43360900878906,MERCED,UNINCORPORATED,,
91107983,2019,2019-10-28,9461,2019-10-18,1110,021188,,5,1,9,2400,0,1,3,,1,152,"SR-152 E/B (PACHECO PASS HIGHWAY)","ROMERO VISITORS CENTER",0.00,,Y,A,-,Y,,,152,,,,,,E,Y,2,0,4,2,A,-,09,21801,A,N,D,C,A,A,H,-,A,D,0,,,,,Y,,A,07,3,1,0,0,0,0,0,0,0,"- ","- ",37.083728790283203,-121.10159301757812,MERCED,UNINCORPORATED,-121.10160827636719,37.083663940429688
9111174,2020,2020-11-03,2406,2020-05-14,2330,263,2,4,5,5,2406,0,0,0,,0,021,"V ST","15TH ST",150.00,N,N,A,-,N,,,,,,,,,,N,2,0,1,2,A,-,07,21658,A,N,H,G,A,A,H,-,C,A,0,,Y,,,Y,Y,L,04,1,0,0,0,0,0,1,0,0,"- ","- ",,,MERCED,MERCED,-120.49951934814453,37.305015563964844
91113722,2019,2019-12-12,9460,2019-10-28,2105,018673,,1,2,9,2400,0,3,5,,2,060,"SOUTH BEAR CREEK DR","PLAINSBURG RD",2640.00,W,N,A,-,N,,,,,,,,,,Y,2,0,4,1,A,-,01,23152,F,N,F,A,A,A,H,-,D,D,0,,,,,Y,,D,22,1,1,2,0,0,0,0,0,0,"- ","- ",37.323520660400391,-120.33367156982422,MERCED,UNINCORPORATED,-120.33355712890625,37.323593139648438
91114362,2019,2019-11-06,9461,2019-10-07,0418,021832,,1,3,9,2400,0,1,3,,1,465,"STATE ROUTE-165","SAN JOAQUIN RIVER BRIDGE",1800.00,S,N,A,-,Y,,,165,,,,,,,Y,1,1,1,2,A,-,05,21650,A,N,A,C,A,A,H,-,D,D,0,,,,,Y,Y,A,01,1,0,0,0,0,0,0,0,0,"- ","- ",37.289798736572266,-120.85130310058594,MERCED,UNINCORPORATED,-120.85134124755859,37.289798736572266
91119407,2019,2019-11-13,9461,2019-11-09,1250,021378,,6,1,9,2400,0,1,1,,2,105,"I-5 S/B TO SR-152 E/B OFF RAMP",I-5,300.00,W,N,A,-,Y,,,5,,,,R,,S,N,2,0,1,1,A,-,08,22107,,N,E,I,A,A,H,-,A,D,0,,,Y,,Y,,C,02,1,0,0,0,0,0,0,0,1,"- ","- ",37.055278778076172,-120.96990203857422,MERCED,UNINCORPORATED,-120.96990203857422,37.055278778076172
91123485,2019,2019-11-19,9461,2019-11-04,0330,021832,,1,3,9,2400,0,1,1,,2,105,"INTERSTATE-5 SOUTHBOUND","TAGLIO ROAD",2112.00,N,N,A,-,Y,,,5,,,,,,S,Y,1,1,0,1,A,-,08,22107,,N,F,A,A,A,H,-,D,D,0,,,,,Y,,A,01,0,0,0,0,0,0,0,0,0,"- ","- ",37.221401214599609,-121.08280181884766,MERCED,UNINCORPORATED,-121.08277130126953,37.221408843994141
91123907,2019,2019-11-19,9460,2019-11-09,1603,021407,,6,2,9,2400,0,3,5,,2,020,"BRADBURY RD","FLOWER ST",0.00,,Y,A,-,N,,,,,,,,,,Y,2,0,1,2,A,-,09,21801,A,N,D,C,A,A,H,-,A,A,0,,,Y,,Y,,A,01,1,0,0,0,0,0,0,0,1,"- ","- ",37.448799133300781,-120.80100250244141,MERCED,UNINCORPORATED,-120.80106353759766,37.448760986328125
91126085,2019,2019-11-21,9460,2019-10-13,0238,021783,,7,3,9,2400,0,1,3,,1,165,"STATE ROUTE 165","WEST SIDE BOULEVARD",1000.00,N,N,A,-,Y,,,165,,,,,,,Y,1,1,0,1,A,-,08,22107,,N,E,I,A,A,H,-,D,D,0,,,Y,,Y,,C,02,0,0,0,0,0,0,0,1,0,"- ","- ",37.358348846435547,-120.85005187988281,MERCED,UNINCORPORATED,-120.85033416748047,37.358348846435547
91127280,2019,2019-11-22,9461,2019-11-13,2044,019052,,3,2,9,2400,0,3,5,,2,050,"SHAIN AVE","REYNOLDS AVE",200.00,W,N,B,-,N,,,,,,,,,,N,2,0,1,2,A,-,03,22350,,N,C,G,A,A,H,-,D,D,0,,Y,,,Y,Y,-,99,1,0,0,0,0,0,1,0,0,"- ","- ",36.967300415039062,-120.64540100097656,MERCED,UNINCORPORATED,-120.64543151855469,36.967288970947266
91128262,2019,2019-11-25,9461,2019-11-17,2020,021056,,7,2,9,2400,0,2,4,,1,110,"INGOMAR GRADE S/B","BUNKER RD",1056.00,N,N,A,-,N,,,,,,,,,,Y,2,0,1,1,A,-,08,22107,,N,E,I,A,A,H,-,D,D,0,,,,,Y,,A,01,1,0,0,0,0,0,0,0,0,"- ","- ",37.176578521728516,-120.96784973144531,MERCED,UNINCORPORATED,-120.967938,37.175868000000001
91128303,2019,2019-11-25,9461,2019-11-23,2334,020385,,6,3,9,2400,0,1,3,,1,452,"SR-152 W/B","ISLAND ROAD",3696.00,E,N,A,-,Y,,,152,,,,,,W,Y,2,0,1,1,A,-,01,23152,A,N,E,I,A,A,H,-,D,D,0,,,,,Y,Y,A,01,1,0,0,0,0,0,0,0,0,"- ","- ",37.059688568115234,-120.54522705078125,MERCED,UNINCORPORATED,-120.54546356201172,37.059898376464844
91129404,2019,2019-11-25,9460,2019-11-15,0303,021320,,5,3,9,2400,0,1,3,,2,001,"SR-99 S/B","SOUTH AVE",1584.00,S,N,A,-,Y,,,99,,,,,,S,Y,2,0,5,3,A,-,01,23152,A,N,C,C,A,A,H,-,D,D,0,,,,Y,Y,Y,A,01,1,0,4,0,0,0,0,0,0,"- ","- ",37.422389984130859,-120.76683044433594,MERCED,UNINCORPORATED,-120.76675415039062,37.422500610351562
91131064,2019,2019-11-27,9460,2019-11-09,1828,020099,,6,2,9,2400,0,2,4,,1,031,"WINTON WAY","GERTRUDE AVE",224.00,S,N,A,-,N,,,,,,,,,,Y,2,0,8,2,A,-,01,23152,A,N,A,C,A,A,H,-,C,A,0,,,,,Y,Y,A,01,4,1,3,0,0,0,0,0,0,"- ","- ",37.374519348144531,-120.61373901367188,MERCED,UNINCORPORATED,-120.61369323730469,37.374355316162109
91131368,2019,2019-11-27,9460,2019-11-15,0800,016476,,5,1,9,2400,0,3,5,,2,010,"WILLIAMS AVE","TEGNER RD",1056.00,E,N,A,-,N,,,,,,,,,,Y,2,0,3,2,A,-,03,22350,,N,C,C,A,A,H,-,A,D,0,,,,,Y,,D,22,1,1,1,0,0,0,0,0,0,"- ","- ",37.389881134033203,-120.88253021240234,MERCED,UNINCORPORATED,-120.88313293457031,37.389995574951172
91131378,2019,2019-12-02,9460,2019-08-01,0549,015759,,4,3,9,2400,0,3,5,,2,020,"VINCENT ROAD","LINWOOD AVENUE",12.00,S,N,A,-,N,,,,,,,,,,Y,1,1,1,2,A,-,03,22350,,N,C,C,A,A,H,-,A,D,0,,,,,Y,,A,01,0,1,0,0,0,0,0,0,0,"- ","- ",37.283988952636719,-120.46334838867188,MERCED,UNINCORPORATED,-120.77600860595703,37.477767944335938
91136448,2019,2019-12-05,9461,2019-11-29,1511,019052,,5,2,9,2400,0,3,5,,2,040,"INDIANA RD","HUTCHINS RD",1584.00,N,N,B,-,N,,,,,,,,,,Y,2,0,2,1,A,-,08,22107,,N,F,A,A,A,H,-,A,D,0,,,,,Y,,A,01,1,1,0,0,0,0,0,0,0,"- ","- ",37.086700439453125,-120.60130310058594,MERCED,UNINCORPORATED,-120.60155487060547,37.087390899658203
91139288,2019,2019-12-10,9460,2019-12-01,1425,018603,,7,2,9,2400,0,1,3,,2,001,"SR-99 N/B","SOUTH AVE",250.00,S,N,C,-,Y,,,99,,,,,,N,Y,2,0,2,1,A,-,08,22107,,N,F,A,A,B,H,-,A,D,0,,,,,Y,,D,22,1,0,1,0,0,0,0,0,0,"- ","- ",37.436698913574219,-120.78250122070312,MERCED,UNINCORPORATED,-120.78256225585938,37.436622619628906
91150393,2019,2019-12-23,9461,2019-12-15,0400,018910,,7,3,9,2400,0,1,1,,2,205,"INTERSTATE 5 NORTHBOUND","ARBURUA ROAD",3696.00,N,N,B,-,Y,,,5,,,,,,N,Y,2,0,2,1,A,-,08,22107,,N,F,A,A,A,H,-,D,D,0,,,,,Y,,A,01,1,1,0,0,0,0,0,0,0,"- ","- ",36.972599029541016,-120.89089965820312,MERCED,UNINCORPORATED,-120.89090728759766,36.97259521484375
91151821,2019,2019-12-31,9461,2019-11-11,2500,021854,,1,4,9,2400,0,1,1,,2,205,"INTERSTATE-5 SOUTHBOUND","STATE ROUTE-165",4224.00,N,N,A,-,Y,,,5,,,,,,S,Y,1,1,0,2,A,-,08,22107,,F,G,B,E,A,H,-,D,D,0,Y,,,,Y,,-,99,0,0,0,1,0,0,0,0,0,"- ","- ",36.940158843994141,-120.85272979736328,MERCED,UNINCORPORATED,-120.85272979736328,36.940158843994141
91153870,2019,2019-12-27,9460,2019-12-17,2120,018951,,2,2,9,2400,0,1,3,,2,002,"PARSONS AVENUE","NORTH BEAR CREEK DRIVE",0.00,,Y,A,-,N,,,,,,,,,,Y,2,0,1,1,A,-,03,22350,,N,E,I,A,A,H,-,C,D,0,,,,,Y,,A,01,1,0,0,0,0,0,0,0,0,"- ","- ",37.309829711914062,-120.45137786865234,MERCED,UNINCORPORATED,-120.45140075683594,37.310009002685547
91157351,2019,2020-01-02,9461,2019-12-23,1100,014933,,1,1,9,2400,0,1,3,,1,452,"SR-152 E/B","COZZI RD.",0.00,,Y,B,-,Y,,,152,,,,,,E,Y,2,0,1,2,A,-,09,21802,A,N,D,C,A,A,H,-,A,A,0,,,,Y,Y,,F,26,1,0,0,0,0,0,0,0,0,"- ","- ",37.054130554199219,-120.68985748291016,MERCED,UNINCORPORATED,-120.68985748291016,37.054180145263672
91158127,2019,2020-01-02,9460,2019-12-21,1730,019838,,6,2,9,2400,0,3,5,,2,030,"WALNUT AVE","CENTRAL AVE",0.00,,Y,A,-,N,,,,,,,,,,Y,2,0,4,2,A,-,01,23152,A,N,D,C,A,A,H,-,D,D,0,,,,,Y,Y,D,22,3,1,0,0,0,0,0,0,0,"- ","- ",37.389400482177734,-120.64990234375,MERCED,UNINCORPORATED,-120.64990234375,37.389350891113281
91159084,2019,2020-11-12,9460,2019-10-24,0525,016476,,4,3,9,2400,0,3,5,,2,020,"SANTA FE DRIVE","LINWOOD RD.",4224.00,N,N,A,-,N,,,,,,,,,,Y,1,2,2,2,A,-,01,23152,F,N,A,C,A,A,H,-,D,D,0,,,,,Y,,A,01,1,0,1,0,0,0,0,0,0,"- ","- ",37.484901428222656,-120.75446319580078,MERCED,UNINCORPORATED,-120.75466918945312,37.485023498535156
91165518,2019,2020-01-14,9460,2019-10-24,2500,021150,,4,4,9,2400,0,1,3,,1,165,SR-165,"WESTSIDE BLVD",1056.00,S,N,A,-,N,,,165,,,,,,,Y,1,1,0,1,A,-,01,23152,A,N,E,I,A,A,H,-,D,D,0,,,Y,,Y,Y,C,02,0,0,0,0,0,0,0,1,0,"- ","- ",37.358310699462891,-120.85012054443359,MERCED,UNINCORPORATED,-120.85033416748047,37.358310699462891
91169508,2020,2020-01-23,9461,2020-01-08,0035,021387,,3,3,9,2400,0,1,1,,2,105,"I-5 SOUTHBOUND","STATE ROUTE 140",6864.00,S,N,E,-,Y,,,5,,,,,,S,Y,1,1,4,3,A,-,08,22107,,N,B,D,A,B,H,-,D,D,0,,,,Y,Y,,G,25,0,3,1,0,0,0,0,0,0,"- ","- ",37.226959228515625,-121.084228515625,MERCED,UNINCORPORATED,-121.08419799804688,37.226970672607422
91170356,2020,2020-01-22,9460,2020-01-13,0650,015398,,1,1,9,2400,0,3,5,,2,010,"GRIFFITH ROAD","BRADBURY ROAD",975.00,N,N,A,-,N,,,,,,,,,,N,2,0,1,2,A,-,08,22107,,F,G,B,F,A,H,-,B,D,0,Y,,,,Y,,D,22,1,0,0,0,1,0,0,0,0,"- ","- ",37.451568603515625,-120.81268310546875,MERCED,UNINCORPORATED,-120.81259918212891,37.4515380859375
91171313,2020,2020-01-23,9460,2020-01-14,0709,015398,,2,1,9,2400,0,1,3,,2,001,"SR-99 N/B","SOUTH AVE.",1901.00,N,N,B,C,Y,,,99,,,,,,N,Y,2,0,2,3,A,-,03,22350,,N,C,C,A,B,H,-,A,D,0,,,,,Y,,D,22,1,1,0,0,0,0,0,0,0,"- ","- ",37.430431365966797,-120.77506256103516,MERCED,UNINCORPORATED,-120.77506256103516,37.430431365966797
91175588,2020,2020-01-28,9460,2020-01-19,2110,019838,,7,2,9,2400,0,1,3,,2,002,"SOUTHERN PACIFIC AVE","BUHACH ROAD",591.00,W,N,A,-,N,,,,,,,,,,Y,2,0,2,1,A,-,01,23152,A,N,E,J,A,A,H,-,D,D,0,,,,,Y,Y,A,07,2,0,0,0,0,0,0,0,0,"- ","- ",37.333301544189453,-120.57649993896484,MERCED,UNINCORPORATED,,
91175796,2020,2020-01-29,9460,2020-01-17,2225,018951,,5,3,9,2400,0,3,5,,2,040,"BELCHER AVENUE","THORNTON ROAD",1041.00,E,N,A,-,N,,,,,,,,,,Y,2,0,2,3,A,-,01,23152,A,N,D,C,A,A,H,-,D,D,0,,,,,Y,Y,A,01,1,1,0,0,0,0,0,0,0,"- ","- ",37.339038848876953,-120.51886749267578,MERCED,UNINCORPORATED,-120.51889801025391,37.339069366455078
91176982,2020,2020-01-30,9460,2020-01-16,1045,019286,,4,1,9,2400,0,3,5,,2,010,"AUGUST AVENUE","FAITH HOME ROAD",0.00,,Y,B,-,N,,,,,,,,,,Y,2,0,2,2,C,-,18,,,N,D,C,A,A,H,-,A,B,0,,,,,Y,,-,"- ",1,0,1,0,0,0,0,0,0,"- ","- ",37.419300079345703,-120.92237091064453,MERCED,UNINCORPORATED,-120.92234039306641,37.419281005859375
91179736,2020,2020-02-06,9461,2020-01-24,0802,014933,,5,1,9,2400,0,1,3,,2,453,"SR-152 E/B","FLANAGAN RD.",0.00,,Y,E,-,Y,,,152,,,,,,E,Y,2,0,2,2,A,-,09,21802,A,N,D,C,A,A,H,-,A,A,0,,,,Y,Y,,F,27,1,1,0,0,0,0,0,0,0,"- ","- ",37.069190979003906,-120.52861022949219,MERCED,UNINCORPORATED,-120.52860260009766,37.069164276123047
91181645,2020,2020-02-11,9461,2020-01-14,1605,021378,,2,2,9,2400,0,1,3,,1,152,"STATE ROUTE 152","STATE ROUTE 33",3696.00,W,N,A,-,Y,,,152,,,,,,,Y,1,1,2,4,A,-,08,22107,,N,D,C,A,A,H,-,A,D,0,,,,Y,Y,Y,A,01,1,0,1,0,0,0,0,0,0,"- ","- ",37.056789398193359,-121.02983856201172,MERCED,UNINCORPORATED,-121.02983856201172,37.056797027587891
91183506,2020,2020-02-10,9460,2020-02-03,1440,018922,,1,2,9,2400,0,3,5,,2,070,"PLAINSBURG ROAD","HARVEY PETIT ROAD",594.00,S,N,A,-,N,,,,,,,,,,Y,2,0,1,2,A,-,03,22350,,N,C,C,A,A,H,-,A,D,0,,,,,Y,,A,01,1,0,0,0,0,0,0,0,0,"- ","- ",37.190048217773438,-120.33048248291016,MERCED,UNINCORPORATED,-120.33032989501953,37.190151214599609
91183953,2020,2020-02-10,9460,2020-01-30,1225,017167,,4,1,9,2400,0,3,5,,2,040,"SHAFFER RD","PALM AVE",1056.00,S,N,A,-,N,,,,,,,,,,Y,2,0,1,1,A,-,08,22107,,N,E,I,A,A,H,-,A,D,0,,,,,Y,,A,07,1,0,0,0,0,0,0,0,0,"- ","- ",37.415939331054688,-120.59474182128906,MERCED,UNINCORPORATED,-120.59474945068359,37.415531158447266
9118762,2020,2020-07-29,2404,2020-01-26,1441,X53,,7,5,3,2404,0,0,0,,0,,"DWIGHT WY","AUTRY LN",4.00,S,N,A,-,N,,,,,,,,,,Y,2,0,1,2,A,-,08,22107,,N,D,C,A,A,H,-,A,D,0,,,Y,,Y,,A,01,1,0,0,0,0,0,0,0,0,"- ","- ",37.389560699462891,-120.70496368408203,MERCED,LIVINGSTON,-120.70509338378906,37.384468078613281
91192603,2020,2020-02-24,9461,2020-02-20,1905,021854,,4,2,9,2400,0,3,5,,2,040,"WASHINGTON ROAD","HARMON ROAD",5280.00,W,N,A,-,N,,,,,,,,,,Y,2,0,1,2,A,-,01,23152,A,N,B,C,A,A,H,-,D,D,0,,,,,Y,Y,D,22,1,0,0,0,0,0,0,0,0,"- ","- ",37.11328125,-120.58370971679688,MERCED,UNINCORPORATED,-120.58317565917969,37.11328125
91193037,2020,2020-02-25,9460,2020-02-15,1915,019838,,6,2,9,2400,0,3,5,,2,030,"LIVINGSTON CRESSEY RD","CRESSEY WAY",0.00,,Y,A,-,N,,,,,,,,,,Y,2,0,1,1,A,-,01,23152,A,N,E,J,A,A,H,-,D,D,0,,,,,Y,Y,A,01,1,0,0,0,0,0,0,0,0,"- ","- ",37.418498992919922,-120.66770172119141,MERCED,UNINCORPORATED,-120.66766357421875,37.418498992919922
91193533,2020,2020-02-25,9460,2020-02-08,0110,020952,,6,3,9,2400,0,3,5,,2,060,"ARBOLEDA DRIVE","CHILDS AVENUE",528.00,S,N,A,-,N,,,,,,,,,,Y,2,0,2,1,A,-,01,23152,A,N,E,J,A,A,H,-,D,D,0,,,,,Y,Y,A,01,1,1,0,0,0,0,0,0,0,"- ","- ",37.286998748779297,-120.37912750244141,MERCED,UNINCORPORATED,-120.37906646728516,37.288761138916016
91200093,2020,2020-03-17,9461,2020-02-23,1835,021854,,7,2,9,2400,0,1,1,,2,105,"INTERSTATE 5 NORTHBOUND","WHITWORTH ROAD",2112.00,S,N,A,-,Y,,,5,,,,,,N,Y,2,0,1,1,A,-,01,23152,A,N,F,A,A,A,H,-,C,D,0,,,,,Y,Y,D,22,1,0,0,0,0,0,0,0,0,"- ","- ",37.126319885253906,-121.02915954589844,MERCED,UNINCORPORATED,-121.02951049804688,37.126091003417969
91200169,2019,2020-03-02,9460,2019-12-16,2128,021320,,1,2,9,2400,0,2,4,,1,042,"SANTA FE DRIVE","WALLACE ROAD",161.00,W,N,A,-,N,,,,,,,,,,N,1,1,1,3,A,-,11,21956,A,N,G,B,E,A,H,-,D,D,0,Y,,,,Y,,N,60,1,0,0,1,1,0,0,0,0,"- ","- ",37.371700286865234,-120.5908203125,MERCED,UNINCORPORATED,-120.59072875976562,37.371601104736328
91201299,2020,2020-03-04,9460,2020-02-20,1905,018922,,4,2,9,2400,0,3,5,,2,090,"LONGVIEW AVENUE","PINTO LANE",401.00,W,N,A,-,N,,,,,,,,,,N,2,0,1,2,A,-,09,21804,A,N,H,G,A,A,H,-,D,D,0,,Y,,,Y,,L,04,1,0,0,0,0,0,1,0,0,"- ","- ",37.353050231933594,-120.67566680908203,MERCED,UNINCORPORATED,-120.67547607421875,37.353042602539062