CASE_ID,ACCIDENT_YEAR,PROC_DATE,JURIS,COLLISION_DATE,COLLISION_TIME,OFFICER_ID,REPORTING_DISTRICT,DAY_OF_WEEK,CHP_SHIFT,POPULATION,CNTY_CITY_LOC,SPECIAL_COND,BEAT_TYPE,CHP_BEAT_TYPE,CITY_DIVISION_LAPD,CHP_BEAT_CLASS,BEAT_NUMBER,PRIMARY_RD,SECONDARY_RD,DISTANCE,DIRECTION,INTERSECTION,WEATHER_1,WEATHER_2,STATE_HWY_IND,CALTRANS_COUNTY,CALTRANS_DISTRICT,STATE_ROUTE,ROUTE_SUFFIX,POSTMILE_PREFIX,POSTMILE,LOCATION_TYPE,RAMP_INTERSECTION,SIDE_OF_HWY,TOW_AWAY,COLLISION_SEVERITY,NUMBER_KILLED,NUMBER_INJURED,PARTY_COUNT,PRIMARY_COLL_FACTOR,PCF_CODE_OF_VIOL,PCF_VIOL_CATEGORY,PCF_VIOLATION,PCF_VIOL_SUBSECTION,HIT_AND_RUN,TYPE_OF_COLLISION,MVIW,PED_ACTION,ROAD_SURFACE,ROAD_COND_1,ROAD_COND_2,LIGHTING,CONTROL_DEVICE,CHP_ROAD_TYPE,PEDESTRIAN_ACCIDENT,BICYCLE_ACCIDENT,MOTORCYCLE_ACCIDENT,TRUCK_ACCIDENT,NOT_PRIVATE_PROPERTY,ALCOHOL_INVOLVED,STWD_VEHTYPE_AT_FAULT,CHP_VEHTYPE_AT_FAULT,COUNT_SEVERE_INJ,COUNT_VISIBLE_INJ,COUNT_COMPLAINT_PAIN,COUNT_PED_KILLED,COUNT_PED_INJURED,COUNT_BICYCLIST_KILLED,COUNT_BICYCLIST_INJURED,COUNT_MC_KILLED,COUNT_MC_INJURED,PRIMARY_RAMP,SECONDARY_RAMP,LATITUDE,LONGITUDE,COUNTY,CITY,POINT_X,POINT_Y
91204333,2020,2020-03-16,9461,2020-03-01,1455,019052,,7,2,9,2400,0,1,3,,1,452,"STATE ROUTE 152 WESTBOUND","TURNER ISLAND ROAD",1056.00,E,N,B,-,Y,,,152,,,,,,W,Y,1,1,0,1,A,-,08,22107,,N,E,I,A,A,H,-,A,D,0,,,,,Y,,A,01,0,0,0,0,0,0,0,0,0,"- ","- ",37.054599761962891,-120.70168304443359,MERCED,UNINCORPORATED,-120.70168304443359,37.054557800292969
91207291,2020,2020-03-12,9460,2020-03-06,2103,018292,,5,2,9,2400,0,3,5,,2,100,"KELLEY ROAD","RIVER RD",4752.00,N,N,A,-,N,,,,,,,,,,Y,2,0,3,1,A,-,08,22107,,N,E,I,A,A,H,-,D,D,0,,,,,Y,,A,01,2,0,1,0,0,0,0,0,0,"- ","- ",37.3603515625,-120.95899200439453,MERCED,UNINCORPORATED,-120.95661926269531,37.361743927001953
91208932,2020,2020-03-16,9461,2020-03-12,2045,021056,,4,2,9,2400,0,1,3,,1,152,"SR-152 E/B","BASALT RD",3696.00,E,N,A,-,Y,,,152,,,,,,E,Y,2,0,2,2,A,-,01,23153,A,F,C,C,A,A,H,-,D,D,0,,,,,Y,Y,D,22,2,0,0,0,0,0,0,0,0,"- ","- ",37.0572509765625,-121.04415130615234,MERCED,UNINCORPORATED,-121.04415130615234,37.057266235351562
91208967,2020,2020-03-16,9460,2020-03-07,0320,020857,,6,3,5,2406,0,1,3,,2,003,SR-99,"V ST",2112.00,N,N,B,-,Y,,,99,,,,,,,Y,2,0,2,1,A,-,01,23152,A,N,E,I,A,A,H,-,D,D,0,,,,,Y,Y,A,07,2,0,0,0,0,0,0,0,0,"- ","- ",37.306320190429688,-120.50807189941406,MERCED,MERCED,-120.50809478759766,37.306278228759766
91210755,2020,2020-03-18,9460,2020-03-08,2042,019500,,7,2,9,2400,0,1,3,,2,001,"SR-99 (N/B) TO BRADBURY RD.","BRADBURY RD",0.00,,Y,A,-,Y,,,99,,,,R,,,Y,2,0,2,2,A,-,12,22450,A,N,D,C,A,A,H,-,C,A,0,,,,,Y,Y,A,08,2,0,0,0,0,0,0,0,0,"- ","- ",37.448711395263672,-120.7958984375,MERCED,UNINCORPORATED,-120.7958984375,37.448711395263672
91216492,2019,2020-03-26,9460,2019-12-05,0305,020822,,4,3,9,2400,0,2,4,,1,041,"SANTA FE DRIVE","FRANKLIN ROAD",63.50,E,N,B,-,N,,,,,,,,,,Y,1,2,2,1,A,-,01,23152,F,N,E,I,A,A,H,-,C,A,0,,,,,Y,,A,07,1,1,0,0,0,0,0,0,0,"- ","- ",37.340320587158203,-120.54039001464844,MERCED,UNINCORPORATED,-120.54019927978516,37.340202331542969
91217963,2020,2020-03-27,9460,2020-03-20,1554,019500,,5,2,9,2400,0,1,3,,2,001,"BRADBURY RD.","SR-99 S/B FROM BRADBURY RD. ON-RAMP",50.00,W,N,A,-,N,,,,,,,,,,Y,2,0,1,1,A,-,01,23152,A,N,H,A,A,A,H,-,A,A,0,,,,,Y,Y,A,01,1,0,0,0,0,0,0,0,0,"- ","- ",37.448490142822266,-120.79904174804688,MERCED,UNINCORPORATED,-120.798942,37.448740999999998
91222936,2020,2020-04-08,9460,2020-03-29,1614,019806,,7,2,9,2400,0,2,4,,1,051,"SNELLING RD","YOUD RD",2112.00,N,N,A,-,N,,,,,,,,,,Y,2,0,5,1,A,-,08,22107,,N,E,I,A,A,H,-,A,D,0,,,,,Y,Y,A,01,2,3,0,0,0,0,0,0,0,"- ","- ",37.48651123046875,-120.44635009765625,MERCED,UNINCORPORATED,-120.445886,37.483941000000002
91224197,2020,2020-04-10,9461,2020-04-07,2130,014933,,2,2,9,2400,0,2,4,,1,410,"TURNER ISLAND ROAD.","CHAMBERLAIN RD",2640.00,N,N,C,-,N,,,,,,,,,,Y,2,0,1,1,A,-,08,22107,,N,H,I,A,B,H,-,D,D,0,,,,,Y,,A,01,1,0,0,0,0,0,0,0,0,"- ","- ",37.164569854736328,-120.70098876953125,MERCED,UNINCORPORATED,-120.70104217529297,37.164421081542969
91227004,2020,2020-04-17,9461,2020-04-12,1154,021378,,7,1,9,2400,0,1,3,,1,152,"SR-152 E/B","ROMERO VISITOR CENTER",4224.00,E,N,A,-,Y,,,,,,,,,,Y,2,0,4,2,A,-,03,22350,,N,C,C,A,A,H,-,A,D,0,,,,,Y,,A,07,1,0,3,0,0,0,0,0,0,"- ","- ",37.087871551513672,-121.08792114257812,MERCED,UNINCORPORATED,,
91228575,2020,2020-05-14,9460,2020-04-07,2324,021226,,2,3,9,2400,0,1,3,,2,001,"STATE ROUTE 99 (SOUTHBOUND)","GOLF ROAD",2835.00,S,N,A,-,Y,,,99,,,,,,,Y,2,0,2,2,A,-,01,23152,A,N,C,C,A,A,H,-,D,D,0,,,,,Y,Y,A,07,1,1,0,0,0,0,0,0,0,"- ","- ",37.463199615478516,-120.82224273681641,MERCED,UNINCORPORATED,-120.82223510742188,37.463218688964844
91229368,2020,2020-04-24,9460,2020-04-14,1834,019005,,2,2,9,2400,0,3,5,,2,040,"MEADOW DR","WEST LN",450.00,W,N,A,-,N,,,,,,,,,,Y,2,0,1,1,A,-,03,22350,,N,E,I,A,A,H,-,A,D,0,,,,,Y,,A,07,1,0,0,0,0,0,0,0,0,"- ","- ",37.424610137939453,-120.78672027587891,MERCED,UNINCORPORATED,-120.64067077636719,37.428985595703125
91229393,2020,2020-12-14,9460,2020-01-16,0425,018951,,4,3,9,2400,0,3,5,,2,030,"ASHBY ROAD","FERN STREET",440.00,W,N,A,-,N,,,,,,,,,,N,1,1,0,2,A,-,11,21956,A,N,G,B,D,A,H,-,D,D,0,Y,,,,Y,Y,N,60,0,0,0,1,0,0,0,0,0,"- ","- ",37.3177490234375,-120.53130340576172,MERCED,UNINCORPORATED,-120.53105163574219,37.317642211914062
91230769,2020,2020-04-29,9460,2020-04-18,1030,017167,,6,1,9,2400,0,3,5,,2,040,"KEYES RD","COX FERRY RD",8976.00,W,N,A,-,N,,,,,,,,,,Y,2,0,1,1,A,-,03,22350,,N,F,A,A,A,A,-,A,D,0,,,Y,,Y,,C,02,1,0,0,0,0,0,0,0,1,"- ","- ",37.540950775146484,-120.53092193603516,MERCED,UNINCORPORATED,,
91231151,2020,2020-04-30,9460,2020-04-21,2213,020952,,2,3,9,2400,0,1,3,,2,002,"STATE ROUTE 99 (NORTHBOUND)","W. 16TH STREET",528.00,N,N,A,-,Y,,,99,,,,,,,Y,2,0,1,1,A,-,01,23152,A,N,E,I,A,A,H,-,D,D,0,,,,,Y,Y,A,01,1,0,0,0,0,0,0,0,0,"- ","- ",37.312419891357422,-120.51461029052734,MERCED,UNINCORPORATED,-120.51456451416016,37.312507629394531
91232899,2020,2020-05-01,9461,2020-04-22,1625,021056,,3,2,9,2400,0,1,3,,1,103,"STATE HIGHWAY 33 SOUTHBOUND","STATE HIGHWAY 140",0.00,,Y,A,-,Y,,,33,,,,,,S,Y,1,1,1,2,A,-,09,21801,A,N,D,C,A,A,H,-,A,D,0,,,,,Y,Y,A,01,0,0,1,0,0,0,0,0,0,"- ","- ",37.245819091796875,-121.01284027099609,MERCED,UNINCORPORATED,-121.01283264160156,37.245811462402344
91243578,2020,2020-05-28,9460,2020-05-19,0240,018951,,2,3,9,2400,0,3,5,,2,070,"ARBOLEDA DRIVE","MISSION AVENUE",183.00,S,N,A,-,N,,,,,,,,,,Y,2,0,1,1,A,-,01,23152,A,N,E,I,A,A,H,-,D,D,0,,,,,Y,Y,A,01,1,0,0,0,0,0,0,0,0,"- ","- ",37.273571014404297,-120.3790283203125,MERCED,UNINCORPORATED,-120.37907409667969,37.273708343505859
91250257,2020,2020-06-10,9460,2020-05-31,1620,014541,,7,2,9,2400,0,1,3,,1,590,"MERCED FALLS ROAD","LA GRANGE ROAD",1584.00,E,N,B,-,Y,,,,,,,,,,Y,2,0,2,2,A,-,03,22350,,N,C,C,A,A,H,-,A,D,0,,,Y,,Y,,C,02,1,1,0,0,0,0,0,0,2,"- ","- ",37.523338317871094,-120.42504119873047,MERCED,UNINCORPORATED,-120.42436218261719,37.523342132568359
91252159,2020,2020-06-18,9461,2020-06-06,1730,017029,,6,2,9,2400,0,1,3,,2,453,"SR-152 W/B","ISLAND RD",51.00,E,N,B,-,Y,,,152,,,,,,W,Y,2,0,2,1,A,-,08,22107,,N,F,A,A,A,H,-,A,D,0,,,,,Y,,A,07,1,0,1,0,0,0,0,0,0,"- ","- ",37.054351806640625,-120.55394744873047,MERCED,UNINCORPORATED,-120.55397033691406,37.054424285888672
91253520,2020,2020-06-17,9461,2020-06-15,0440,021387,,1,3,9,2400,0,1,3,,1,465,"SR-165 S/B","SANTA FE GRD",7392.00,N,N,A,-,Y,,,165,,,,,,S,Y,2,0,1,1,A,-,08,22107,,N,E,I,A,A,H,-,D,D,0,,,,,Y,,A,07,1,0,0,0,0,0,0,0,0,"- ","- ",37.125431060791016,-120.83493804931641,MERCED,UNINCORPORATED,-120.83481597900391,37.125431060791016
91256149,2020,2020-06-23,9460,2020-06-04,1842,020857,,4,2,9,2400,0,3,5,,2,030,"ASHBY ROAD","FERN STREET",357.00,W,N,A,-,N,,,,,,,,,,Y,1,1,0,2,A,-,01,23152,F,N,D,C,A,A,H,-,A,A,0,,,Y,,Y,,C,02,0,0,0,0,0,0,0,1,0,"- ","- ",37.317630767822266,-120.53080749511719,MERCED,UNINCORPORATED,-120.53079223632812,37.317546844482422
91259906,2020,2020-12-07,9461,2020-06-20,1545,021854,,6,2,9,2400,0,1,1,,2,205,"I-5 S/B","ARBURUA RD",5280.00,N,N,A,-,Y,,,5,,,,,,S,Y,2,0,1,2,A,-,03,22350,,N,C,C,A,A,H,-,A,D,0,,,,,Y,,A,01,1,0,0,0,0,0,0,0,0,"- ","- ",36.976341247558594,-120.89469146728516,MERCED,UNINCORPORATED,-120.89466094970703,36.976367950439453
91261389,2020,2020-07-01,9460,2020-06-21,0225,020967,,7,3,9,2400,0,3,5,,2,040,"SHAFFER RD","EUCALYPTUS AVE",0.00,,Y,A,-,N,,,,,,,,,,Y,2,0,4,2,A,-,01,23152,A,N,D,C,A,A,H,-,D,A,0,,,,,Y,Y,A,01,2,0,2,0,0,0,0,0,0,"- ","- ",37.403968811035156,-120.594970703125,MERCED,UNINCORPORATED,-120.594970703125,37.403961181640625
91262895,2020,2020-07-03,9460,2020-06-26,1455,019918,,5,2,9,2400,0,3,5,,2,090,"FRANKLIN RD",SR-140,0.00,,Y,A,-,Y,,,,,,,,,,Y,2,0,1,2,A,-,09,21802,A,N,B,C,A,A,H,-,A,D,0,,,Y,,Y,,A,01,1,0,0,0,0,0,0,0,1,"- ","- ",37.302661895751953,-120.54103851318359,MERCED,UNINCORPORATED,-120.54103088378906,37.302669525146484
91262948,2020,2020-07-03,9460,2020-06-13,1828,019918,,6,2,9,2400,0,3,5,,2,040,"OLIVE AVE","JONES RD",0.00,,Y,A,-,N,,,,,,,,,,Y,2,0,3,2,A,-,09,21802,A,F,D,C,A,A,H,-,A,D,0,,,,,Y,,A,01,1,0,2,0,0,0,0,0,0,"- ","- ",37.396621704101562,-120.62200927734375,MERCED,UNINCORPORATED,-120.62239074707031,37.396621704101562
91262950,2020,2020-07-03,9461,2020-06-26,1634,021854,,5,2,9,2400,0,3,5,,2,050,"MERRILL AVE","BRANNON AVE",0.00,,Y,A,-,N,,,,,,,,,,Y,2,0,4,2,A,-,09,21802,A,N,D,C,A,A,H,-,A,D,0,,,,,Y,,A,08,1,0,3,0,0,0,0,0,0,"- ","- ",36.952640533447266,-120.59960174560547,MERCED,UNINCORPORATED,-120.59960174560547,36.952640533447266
91264987,2020,2020-07-08,9461,2020-07-02,0355,020385,,4,3,9,2400,0,1,1,,2,105,"I-5 N/B",SR-140,3168.00,S,N,A,-,Y,,,5,,,,,,N,Y,2,0,1,2,A,-,07,21658,A,M,E,I,A,A,H,-,D,D,0,,,,,Y,,-,99,1,0,0,0,0,0,0,0,0,"- ","- ",37.237808227539062,-121.08647918701172,MERCED,UNINCORPORATED,-121.08657836914062,37.237785339355469
91265478,2020,2020-07-08,9460,2020-06-30,0330,021468,,2,3,9,2400,0,1,3,,1,165,SR-165,"WESTSIDE BLVD",0.00,,Y,A,-,Y,,,,,,,,,,Y,2,0,2,1,A,-,12,22450,A,N,E,I,A,A,H,-,D,A,0,,,,,Y,,A,01,1,1,0,0,0,0,0,0,0,"- ","- ",37.360458374023438,-120.84732055664062,MERCED,UNINCORPORATED,-120.84963989257812,37.360691070556641
91267422,2020,2020-07-13,9461,2020-07-05,0236,021280,,7,3,9,2400,0,1,3,,1,503,SR-33,"EUCALYPTUS RD.",1056.00,N,N,A,-,Y,,,33,,,,,,,Y,2,0,1,1,A,-,01,23152,A,N,E,I,A,A,H,-,C,D,0,,,,,Y,Y,A,01,1,0,0,0,0,0,0,0,0,"- ","- ",37.014591217041016,-120.63556671142578,MERCED,UNINCORPORATED,-120.6356201171875,37.014591217041016
91268822,2020,2020-07-15,9460,2020-06-25,1955,018673,,4,2,9,2400,0,3,5,,2,050,"OLIVE AVE","KIBBY RD",2112.00,E,N,A,-,N,,,,,,,,,,Y,2,0,1,1,A,-,01,23152,A,N,E,I,A,A,H,-,A,D,0,,,,,Y,Y,A,01,1,0,0,0,0,0,0,0,0,"- ","- ",37.317478179931641,-120.40579223632812,MERCED,UNINCORPORATED,-120.40760040283203,37.317634582519531
91268969,2020,2020-07-15,9460,2020-07-06,1840,019806,,1,2,9,2400,0,3,5,,2,040,"TURLOCK RD","DRY CREEK RD",9504.00,W,N,A,-,N,,,,,,,,,,N,2,0,1,1,A,-,08,22107,,N,E,I,A,A,H,-,A,D,0,,,Y,,Y,,C,02,1,0,0,0,0,0,0,0,1,"- ","- ",37.475650787353516,-120.60707855224609,MERCED,UNINCORPORATED,-120.61590576171875,37.476882934570312
91270897,2020,2020-07-20,9461,2020-07-11,1425,020486,,6,2,9,2400,0,1,3,,1,153,"STATE HIGHWAY 152","BASALT ROAD",550.00,E,N,A,-,Y,,,152,,,,,,,Y,2,0,1,2,A,-,08,22107,,N,B,C,A,A,H,-,A,D,0,,,,Y,Y,,A,01,1,0,0,0,0,0,0,0,0,"- ","- ",37.060009002685547,-121.05577850341797,MERCED,UNINCORPORATED,-121.05576324462891,37.060035705566406
91271106,2020,2020-07-20,9460,2020-07-07,1737,018778,,2,2,9,2400,0,3,5,,2,020,"PEPPER ST","SUNNY ACRES AVE",600.00,N,N,A,-,N,,,,,,,,,,Y,2,0,1,1,A,-,01,23152,A,N,E,I,A,A,H,-,A,D,0,,,,,Y,Y,A,01,1,0,0,0,0,0,0,0,0,"- ","- ",37.471828460693359,-120.72151184082031,MERCED,UNINCORPORATED,-120.72148132324219,37.471836090087891
91273120,2020,2020-07-23,9461,2020-07-14,1700,021056,,2,2,9,2400,0,1,3,,1,152,"SR-152 W/B","ROMERO VISITOR CENTER",12144.00,W,N,A,-,Y,,,152,,,,,,W,N,2,0,1,1,C,-,18,,,N,H,A,A,A,H,-,A,D,0,,,,,Y,,-,"- ",1,0,0,0,0,0,0,0,0,"- ","- ",37.104438781738281,-121.13243103027344,MERCED,UNINCORPORATED,-121.13243865966797,37.104465484619141
91276124,2020,2020-07-29,9461,2020-07-20,1604,017029,,1,2,9,2400,0,3,5,,2,050,"MERRILL AVE","BRANNON AVE",0.00,,Y,A,-,N,,,,,,,,,,Y,2,0,3,2,A,-,09,21802,A,N,D,C,A,A,H,-,A,A,0,,,,,Y,,A,01,3,0,0,0,0,0,0,0,0,"- ","- ",36.952590942382812,-120.59995269775391,MERCED,UNINCORPORATED,-120.59960174560547,36.952640533447266
91278605,2020,2020-07-31,9460,2020-07-22,1838,018778,,3,2,9,2400,0,3,5,,2,060,"BIGLER ST","DE LA GUERRA ST",94.00,W,N,A,-,N,,,,,,,,,,Y,2,0,1,1,A,-,01,23152,A,N,E,I,A,A,H,-,A,D,0,,,,,Y,Y,A,01,1,0,0,0,0,0,0,0,0,"- ","- ",37.294361114501953,-120.31874084472656,MERCED,UNINCORPORATED,-120.3184814453125,37.294296264648438
91280611,2020,2021-07-30,9460,2020-07-24,1835,021468,,5,2,9,2400,0,3,5,,2,050,"HORNITOS RD","MERCED FALLS RD",790.00,E,N,A,-,N,,,,,,,,,,N,2,0,1,1,A,-,08,22107,,N,F,A,A,A,H,-,A,D,0,,,Y,,Y,,C,02,1,0,0,0,0,0,0,0,1,"- ","- ",37.525470733642578,-120.32695770263672,MERCED,UNINCORPORATED,-120.32699584960938,37.525428771972656
91282945,2020,2020-11-17,9460,2020-07-29,2223,21563,,3,3,9,2400,0,3,5,,2,060,"EAST SOUTH BEAR CREEK DRIVE","PLAINSBURG RD",2640.00,W,N,A,-,N,,,,,,,,,,Y,2,0,2,1,A,-,03,22350,,N,E,I,A,A,H,-,D,A,0,,,,,Y,,A,01,1,1,0,0,0,0,0,0,0,"- ","- ",37.323360443115234,-120.33394622802734,MERCED,UNINCORPORATED,-120.333574,37.323579000000002
91282968,2020,2020-08-10,9460,2020-07-26,1630,021511,,7,2,9,2400,0,3,5,,2,060,"GERARD AVE","ARBOLEDA DR",1534.00,W,N,A,-,N,,,,,,,,,,Y,2,0,2,1,A,-,01,23152,A,N,F,A,A,A,H,-,A,D,0,,,,,Y,Y,A,07,1,1,0,0,0,0,0,0,0,"- ","- ",37.281318664550781,-120.38429260253906,MERCED,UNINCORPORATED,-120.38433074951172,37.281333923339844
91284160,2020,2020-08-11,9461,2020-07-19,0400,021280,,7,3,9,2400,0,2,4,,1,110,"INGOMAR ROAD","HUSMAN ROAD",22.00,N,N,A,-,N,,,,,,,,,,Y,1,1,0,1,A,-,08,22107,,N,E,I,A,A,H,-,D,D,0,,,,,Y,,A,01,0,0,0,0,0,0,0,0,0,"- ","- ",37.158729553222656,-120.96862030029297,MERCED,UNINCORPORATED,-120.96846008300781,37.15869140625
91289508,2020,2020-08-20,9460,2020-08-13,2223,021320,,4,3,9,2400,0,3,5,,2,090,"SOUTHERN PACIFIC AVE","FRANKLIN ROAD",1056.00,W,N,A,-,Y,,,,,,,,,,Y,2,0,1,1,A,-,08,22107,,N,F,A,A,A,H,-,D,D,0,,,Y,,Y,,C,02,1,0,0,0,0,0,0,0,1,"- ","- ",37.322071075439453,-120.54624176025391,MERCED,UNINCORPORATED,,
91299557,2020,2020-09-04,9460,2020-08-25,2042,021511,,2,2,9,2400,0,3,5,,2,100,"LINCOLN BLVD","LONGVIEW AVE",0.00,,Y,A,-,N,,,,,,,,,,N,2,0,1,1,A,-,08,22107,,N,E,I,A,A,H,-,D,D,0,,,Y,,Y,,C,02,1,0,0,0,0,0,0,0,1,"- ","- ",37.353248596191406,-120.72386932373047,MERCED,UNINCORPORATED,-120.72377014160156,37.353351593017578
91302187,2020,2020-09-10,9460,2020-06-20,0104,020156,,6,3,9,2400,0,1,3,,1,591,"STATE ROUTE 59","VASSAR AVENUE",87.00,N,N,A,-,Y,,,59,,,,,,,Y,1,1,0,2,A,-,11,21954,A,N,G,B,E,A,H,-,D,D,0,Y,,,Y,Y,,N,60,0,0,0,1,0,0,0,0,0,"- ","- ",37.266269683837891,-120.48802947998047,MERCED,UNINCORPORATED,-120.48789215087891,37.266269683837891
91303349,2020,2020-09-11,9460,2020-08-27,2140,020967,,4,2,9,2400,0,1,3,,1,165,SR-165,"3RD AVE",43.00,S,N,A,-,Y,,,165,,,,,,,Y,2,0,2,2,A,-,01,23152,A,N,D,C,A,A,H,-,C,A,0,,,,Y,Y,Y,A,01,1,1,0,0,0,0,0,0,0,"- ","- ",37.327709197998047,-120.85111999511719,MERCED,UNINCORPORATED,-120.85111999511719,37.327709197998047
91303937,2020,2020-09-14,9460,2020-09-04,1455,019838,,5,2,9,2400,0,1,3,,2,002,"SR-99 S/B","APPLEGATE RD.",5808.00,S,N,A,-,Y,,,99,,,,,,S,Y,2,0,4,5,A,-,03,22350,,N,C,C,A,A,D,-,A,D,0,,,,,Y,,A,01,1,3,0,0,0,0,0,0,0,"- ","- ",37.340198516845703,-120.59279632568359,MERCED,UNINCORPORATED,-120.59280395507812,37.340267181396484
91305304,2020,2020-09-15,9460,2020-09-11,1845,019918,,5,2,9,2400,0,3,5,,2,040,"MERCED FALLS RD","HORNITOS RD",250.00,S,N,A,-,N,,,,,,,,,,Y,2,0,2,1,A,-,03,22350,,N,F,A,A,A,H,-,A,D,0,,,,,Y,,A,07,1,0,1,0,0,0,0,0,0,"- ","- ",37.524288177490234,-120.32936859130859,MERCED,UNINCORPORATED,-120.32953643798828,37.524261474609375
91306766,2020,2020-09-17,9460,2020-09-07,0107,021511,,1,3,9,2400,0,2,4,,1,042,"WALNUT AVE","SHAFFER RD",700.00,W,N,A,-,Y,,,,,,,,,,N,2,0,1,1,A,-,08,22107,,N,F,A,A,A,H,-,D,D,0,,,Y,,Y,,C,02,1,0,0,0,0,0,0,0,1,"- ","- ",37.389408111572266,-120.59771728515625,MERCED,UNINCORPORATED,-120.59767913818359,37.389461517333984
91307456,2020,2020-09-18,9461,2020-09-14,1110,017329,,1,1,9,2400,0,1,3,,1,152,"SR-152 E/B","ROMERO VISITORS CENTER",4752.00,W,N,A,-,Y,,,152,,,,,,E,Y,2,0,1,1,A,-,08,22107,,N,E,I,A,A,H,-,A,D,0,,,,,Y,,A,01,1,0,0,0,0,0,0,0,0,"- ","- ",37.089298248291016,-121.11593627929688,MERCED,UNINCORPORATED,-121.11591339111328,37.089344024658203
91308937,2020,2020-09-22,9461,2020-09-18,1522,021854,,5,2,9,2400,0,1,3,,1,153,"SR-152 W/B","VOLTA RD.",0.00,,Y,A,-,Y,,,152,,,,,,W,Y,2,0,1,2,A,-,09,21802,A,N,D,C,A,A,H,-,A,A,0,,,,,Y,,D,22,1,0,0,0,0,0,0,0,0,"- ","- ",37.056659698486328,-120.92655181884766,MERCED,UNINCORPORATED,-120.92655181884766,37.056686401367188
91309909,2020,2020-09-23,9460,2020-09-21,0605,016917,,1,1,9,2400,0,1,3,,1,165,SR-165,"6TH AVE",2640.00,S,N,A,-,Y,,,165,,,,,,,Y,2,0,1,3,A,-,03,22350,,N,C,C,A,A,H,-,D,D,0,,,,,Y,,A,01,1,0,0,0,0,0,0,0,0,"- ","- ",37.298591613769531,-120.85114288330078,MERCED,UNINCORPORATED,-120.85133361816406,37.298591613769531
91310158,2020,2020-09-23,9460,2020-09-13,0040,021511,,7,3,9,2400,0,1,3,,2,002,"SR-99 S/B","WESTSIDE BLVD",3670.00,N,N,A,-,Y,,,99,,,,,,S,Y,2,0,2,1,A,-,08,22107,,N,E,I,A,A,H,-,D,D,0,,,,,Y,,A,08,2,0,0,0,0,0,0,0,0,"- ","- ",37.365020751953125,-120.66162109375,MERCED,UNINCORPORATED,-120.66159820556641,37.365074157714844
91313663,2020,2021-04-21,9461,2020-08-31,2500,021126,,1,4,9,2400,0,3,5,,2,050,"BRANNON AVENUE","VALERIA AVENUE",3168.00,S,N,A,-,N,,,,,,,,,,Y,1,1,0,1,A,-,01,23152,A,N,F,J,A,A,H,-,D,D,0,,,,,Y,,A,07,0,0,0,0,0,0,0,0,0,"- ","- ",36.973091125488281,-120.59947204589844,MERCED,UNINCORPORATED,-120.59952545166016,36.972980499267578
91314495,2020,2020-09-29,9460,2020-09-25,0600,016917,,5,1,9,2400,0,3,5,,2,040,"EUCALYPTUS AVE.","WINTON WAY",0.00,,Y,A,-,N,,,,,,,,,,Y,2,0,1,2,A,-,09,21802,A,N,D,C,A,A,H,-,A,A,0,,,,,Y,,A,01,1,0,0,0,0,0,0,0,0,"- ","- ",37.403888702392578,-120.6131591796875,MERCED,UNINCORPORATED,-120.61321258544922,37.403888702392578
91319058,2020,2020-10-13,9461,2020-09-29,2054,019052,,2,2,9,2400,0,3,5,,2,050,"CARMELLIA AVENUE","PALM AVENUE",363.00,E,N,A,-,N,,,,,,,,,,Y,1,1,0,4,A,-,03,22350,,N,D,C,A,A,H,-,D,D,0,,,,,Y,,A,07,0,0,0,0,0,0,0,0,0,"- ","- ",36.996219635009766,-120.61625671386719,MERCED,UNINCORPORATED,-120.61634826660156,36.996227264404297
91323520,2020,2020-11-23,9460,2020-10-07,0628,016476,,3,1,9,2400,0,3,5,,2,010,"COLUMBUS AVE","BLOSS AVE",0.00,,Y,A,-,N,,,,,,,,,,Y,2,0,1,2,A,-,12,22450,A,N,D,C,A,A,H,-,B,A,0,,,,,Y,,D,22,1,0,0,0,0,0,0,0,0,"- ","- ",37.404350280761719,-120.86801147460938,MERCED,UNINCORPORATED,-120.86834716796875,37.404388427734375
91325980,2020,2020-10-19,9460,2020-10-09,2030,020822,,5,2,9,2400,0,3,5,,2,040,"THIRD ST.","CROCKER AVE",114.00,S,N,A,-,N,,,,,,,,,,N,2,0,1,1,A,-,17,21712,A,N,H,A,A,A,H,-,C,D,0,,,,,Y,,D,22,1,0,0,0,0,0,0,0,0,"- ","- ",37.420738220214844,-120.66581726074219,MERCED,UNINCORPORATED,-120.66571807861328,37.420833587646484