CASE_ID,ACCIDENT_YEAR,PROC_DATE,JURIS,COLLISION_DATE,COLLISION_TIME,OFFICER_ID,REPORTING_DISTRICT,DAY_OF_WEEK,CHP_SHIFT,POPULATION,CNTY_CITY_LOC,SPECIAL_COND,BEAT_TYPE,CHP_BEAT_TYPE,CITY_DIVISION_LAPD,CHP_BEAT_CLASS,BEAT_NUMBER,PRIMARY_RD,SECONDARY_RD,DISTANCE,DIRECTION,INTERSECTION,WEATHER_1,WEATHER_2,STATE_HWY_IND,CALTRANS_COUNTY,CALTRANS_DISTRICT,STATE_ROUTE,ROUTE_SUFFIX,POSTMILE_PREFIX,POSTMILE,LOCATION_TYPE,RAMP_INTERSECTION,SIDE_OF_HWY,TOW_AWAY,COLLISION_SEVERITY,NUMBER_KILLED,NUMBER_INJURED,PARTY_COUNT,PRIMARY_COLL_FACTOR,PCF_CODE_OF_VIOL,PCF_VIOL_CATEGORY,PCF_VIOLATION,PCF_VIOL_SUBSECTION,HIT_AND_RUN,TYPE_OF_COLLISION,MVIW,PED_ACTION,ROAD_SURFACE,ROAD_COND_1,ROAD_COND_2,LIGHTING,CONTROL_DEVICE,CHP_ROAD_TYPE,PEDESTRIAN_ACCIDENT,BICYCLE_ACCIDENT,MOTORCYCLE_ACCIDENT,TRUCK_ACCIDENT,NOT_PRIVATE_PROPERTY,ALCOHOL_INVOLVED,STWD_VEHTYPE_AT_FAULT,CHP_VEHTYPE_AT_FAULT,COUNT_SEVERE_INJ,COUNT_VISIBLE_INJ,COUNT_COMPLAINT_PAIN,COUNT_PED_KILLED,COUNT_PED_INJURED,COUNT_BICYCLIST_KILLED,COUNT_BICYCLIST_INJURED,COUNT_MC_KILLED,COUNT_MC_INJURED,PRIMARY_RAMP,SECONDARY_RAMP,LATITUDE,LONGITUDE,COUNTY,CITY,POINT_X,POINT_Y
91330411,2020,2020-10-23,9460,2020-10-21,0530,015398,,3,3,9,2400,0,3,5,,2,020,"SHANKS RD.","VINCENT RD.",115.00,W,N,A,-,N,,,,,,,,,,Y,2,0,1,2,A,-,05,21460,A,N,E,I,A,A,H,-,C,A,0,,,Y,,Y,,-,99,1,0,0,0,0,0,0,0,1,"- ","- ",37.438831329345703,-120.77715301513672,MERCED,UNINCORPORATED,-120.77707672119141,37.43878173828125
91330820,2020,2020-10-26,9460,2020-10-18,1435,018778,,7,2,9,2400,0,3,5,,2,040,"OAKDALE ROAD","SHAFFER ROAD",2112.00,W,N,A,-,N,,,,,,,,,,Y,2,0,1,1,A,-,01,23152,A,N,E,I,A,A,H,-,A,D,0,,,,,Y,Y,A,01,1,0,0,0,0,0,0,0,0,"- ","- ",37.448661804199219,-120.60067749023438,MERCED,UNINCORPORATED,-120.60013580322266,37.448371887207031
91331665,2020,2020-10-26,9460,2020-10-18,1024,019005,,7,1,9,2400,0,3,5,,2,020,"EL CAPITAN AVE","SANTA FE DRIVE",4752.00,W,N,A,-,N,,,,,,,,,,Y,2,0,2,2,A,-,01,23152,F,N,A,C,A,A,H,-,A,D,0,,,,,Y,,A,01,1,1,0,0,0,0,0,0,0,"- ","- ",37.433738708496094,-120.68692779541016,MERCED,UNINCORPORATED,-120.69199371337891,37.433742523193359
91339198,2020,2020-11-04,9460,2020-10-27,0820,016476,,2,1,9,2400,0,3,5,,2,020,"CORTEZ AVE","EL CAPITAN WAY",0.00,,Y,A,-,N,,,,,,,,,,Y,2,0,3,2,A,-,09,21802,A,N,D,C,A,A,H,-,A,A,0,,,,,Y,,D,22,1,1,1,0,0,0,0,0,0,"- ","- ",37.433841705322266,-120.740478515625,MERCED,UNINCORPORATED,-120.74027252197266,37.433788299560547
91346801,2020,2020-11-17,9460,2020-11-06,0425,020365,,5,3,9,2400,0,2,4,,1,051,"SNELLING RD","LA PALOMA RD",10560.00,N,N,A,-,N,,,,,,,,,,Y,2,0,1,1,A,-,01,23152,A,N,F,A,A,A,H,-,D,D,0,,,,,Y,Y,D,23,1,0,0,0,0,0,0,0,0,"- ","- ",37.422359466552734,-120.44541931152344,MERCED,UNINCORPORATED,-120.44538879394531,37.423118591308594
91348626,2020,2020-11-19,9460,2020-09-27,0055,021468,,7,3,9,2400,0,1,3,,1,591,SR-59,"CONE AVE",280.00,S,N,A,-,Y,,,59,,,,,,,N,2,0,1,2,A,-,09,21804,A,N,H,G,A,A,H,-,C,D,0,,Y,,,Y,,L,04,1,0,0,0,0,0,1,0,0,"- ","- ",37.283790588378906,-120.487548828125,MERCED,UNINCORPORATED,-120.48760223388672,37.283790588378906
91348767,2020,2020-11-19,9460,2020-11-06,2049,018778,,5,2,9,2400,0,1,3,,1,142,SR-140,"GURR RD",0.00,,Y,A,-,Y,,,140,,,,,,,Y,2,0,3,2,A,-,01,23152,G,N,D,C,A,A,H,-,D,A,0,,,,Y,Y,Y,A,01,2,1,0,0,0,0,0,0,0,"- ","- ",37.302509307861328,-120.55950927734375,MERCED,UNINCORPORATED,-120.55950927734375,37.302448272705078
91352504,2020,2020-11-24,9461,2020-11-18,1605,017029,,3,2,9,2400,0,3,5,,2,020,"PIONEER RD","ORTIGALITA RD",2112.00,E,N,B,-,N,,,,,,,,,,Y,2,0,1,1,A,-,08,22107,,N,F,A,A,A,H,-,A,D,0,,,,,Y,,A,01,1,0,0,0,0,0,0,0,0,"- ","- ",37.042289733886719,-120.86495971679688,MERCED,UNINCORPORATED,-120.86499786376953,37.042259216308594
91354063,2020,2020-11-25,9460,2020-11-15,1735,018778,,7,2,9,2400,0,3,5,,2,070,"MINTURN RD","HARVEY PETTIT RD",3200.00,N,N,A,-,N,,,,,,,,,,Y,2,0,1,1,A,-,01,23152,A,N,F,A,A,A,H,-,D,D,0,,,Y,,Y,Y,C,02,1,0,0,0,0,0,0,0,1,"- ","- ",37.178279876708984,-120.27458190917969,MERCED,UNINCORPORATED,-120.27447509765625,37.179763793945312
91354417,2020,2020-11-26,9460,2020-11-16,1405,019838,,1,2,9,2400,0,1,3,,2,002,"SR-99 N/B FROM 16TH STREET","ASHBY RD",885.00,N,N,A,-,Y,,,99,,,,R,,N,Y,2,0,1,1,A,-,08,22107,,N,E,J,A,A,H,-,A,D,0,,,,,Y,,A,01,1,0,0,0,0,0,0,0,0,"- ","- ",37.310859680175781,-120.51222229003906,MERCED,UNINCORPORATED,-120.51222229003906,37.310859680175781
91356101,2020,2020-12-01,9461,2020-11-28,1411,019052,,6,2,9,2400,0,1,3,,1,465,SR-165,"SANTA FE GRD",1056.00,N,N,A,-,Y,,,165,,,,,,,Y,2,0,1,2,A,-,03,22350,,N,B,C,A,A,H,-,A,D,0,,,Y,,Y,,C,02,1,0,0,0,0,0,0,0,1,"- ","- ",37.106689453125,-120.83490753173828,MERCED,UNINCORPORATED,-120.83486175537109,37.106689453125
91357372,2020,2021-01-15,9461,2020-11-26,2020,021056,,4,2,9,2400,0,1,1,,2,105,"I-5 S/B","WHITWORTH RD",528.00,S,N,A,-,Y,,,5,,,,,,S,Y,2,0,2,1,A,-,08,22107,,N,E,I,A,A,H,-,D,D,0,,,,,Y,,D,22,1,0,1,0,0,0,0,0,0,"- ","- ",37.130081176757812,-121.03256225585938,MERCED,UNINCORPORATED,-121.03254699707031,37.130088806152344
91360572,2020,2020-12-07,9460,2020-11-19,0100,020365,,4,3,9,2400,0,1,3,,2,001,"SR-99 N/B","SOUTH AVE",2640.00,S,N,A,-,Y,,,99,,,,,,N,Y,2,0,1,2,A,-,01,23152,A,N,C,C,A,A,G,-,D,D,0,,,,Y,Y,Y,D,22,1,0,0,0,0,0,0,0,0,"- ","- ",37.422119140625,-120.76553344726562,MERCED,UNINCORPORATED,-120.76552581787109,37.422122955322266
91367469,2020,2020-12-15,9460,2020-08-23,2120,021468,,7,2,9,2400,0,3,5,,2,020,"TURLOCK ROAD","OAKDALE ROAD",0.00,,Y,F,-,N,,,,,,,,,,Y,1,1,5,3,A,-,09,21802,A,N,D,C,A,A,H,-,D,A,0,,,,,Y,,A,01,3,0,2,0,0,0,0,0,0,"- ","- ",37.476978302001953,-120.64459991455078,MERCED,UNINCORPORATED,-120.64460754394531,37.476959228515625
91372252,2020,2020-12-21,9461,2020-12-13,0210,018910,,7,3,9,2400,0,1,3,,2,453,"STATE ROUTE 152 EASTBOUND","STATE ROUTE 59",1056.00,W,N,B,-,Y,,,152,,,,,,E,Y,2,0,3,2,A,-,01,23152,A,F,C,C,A,B,H,-,D,D,0,,,,,Y,Y,A,01,2,1,0,0,0,0,0,0,0,"- ","- ",37.08197021484375,-120.49640655517578,MERCED,UNINCORPORATED,-120.49642181396484,37.082000732421875
91377271,2020,2020-12-29,9461,2020-12-25,1928,021854,,5,2,9,2400,0,3,5,,2,010,"HUNT RD","COTTONWOOD RD",27.00,S,N,A,-,N,,,,,,,,,,Y,2,0,2,1,A,-,01,23152,A,N,E,I,A,A,H,-,D,B,0,,,,,Y,Y,A,01,1,1,0,0,0,0,0,0,0,"- ","- ",37.187400817871094,-120.99453735351562,MERCED,UNINCORPORATED,-120.99443054199219,37.187660217285156
91377436,2020,2020-12-30,9460,2020-12-22,0233,020156,,2,3,9,2400,0,3,5,,2,030,"OLIVE AVE","BELLEVUE RD",167.00,S,N,E,-,N,,,,,,,,,,Y,2,0,1,1,A,-,03,22350,,N,F,A,A,B,H,-,D,D,0,,,,,Y,,A,07,1,0,0,0,0,0,0,0,0,"- ","- ",37.36029052734375,-120.64389038085938,MERCED,UNINCORPORATED,-120.64377899999999,37.360272000000002
91378800,2020,2021-02-22,9461,2020-12-30,2500,017183,,3,4,9,2400,0,3,5,,2,020,"A LOBUE RD","COTTON GIN RD",5808.00,S,N,A,-,N,,,,,,,,,,Y,1,1,0,1,A,-,08,22107,,N,F,I,A,A,H,-,D,D,0,,,,,Y,,A,01,0,0,0,0,0,0,0,0,0,"- ","- ",36.937698364257812,-120.82041168212891,MERCED,UNINCORPORATED,-120.82085418701172,36.939292907714844
91380359,2020,2021-01-04,9460,2020-11-22,0816,018922,,7,1,9,2400,0,3,5,,2,070,"EAST SANDY MUSH ROAD","HEALY ROAD",5808.00,E,N,A,-,N,,,,,,,,,,Y,1,1,1,1,A,-,01,23152,A,N,F,A,A,A,H,-,A,D,0,,,,,Y,Y,A,01,1,0,0,0,0,0,0,0,0,"- ","- ",37.186378479003906,-120.41834259033203,MERCED,UNINCORPORATED,-120.41860961914062,37.185489654541016
91380379,2020,2021-01-04,9460,2020-11-03,1731,019806,,2,2,9,2400,0,3,5,,2,030,"ASHBY RD","BEACHWOOD DR",0.00,,Y,A,-,N,,,,,,,,,,Y,2,0,1,2,A,-,09,21802,A,F,B,C,A,A,H,-,B,A,0,,,Y,,Y,,A,01,1,0,0,0,0,0,0,0,1,"- ","- ",37.316631317138672,-120.52823638916016,MERCED,UNINCORPORATED,-120.52819061279297,37.316600799560547
9138069,2020,2020-09-22,2406,2020-07-09,1501,162,3,4,5,5,2406,0,0,0,,0,031,"R ST","WEST 12TH ST",0.00,,Y,A,-,N,,,,,,,,,,N,2,0,1,2,A,-,08,22107,,N,D,G,A,A,H,-,A,D,0,,Y,,,Y,,L,04,1,0,0,0,0,0,1,0,0,"- ","- ",,,MERCED,MERCED,-120.49545288085938,37.299461364746094
91385493,2020,2021-01-11,9460,2020-11-09,0445,021407,,1,3,9,2400,0,1,3,,1,591,SR-59,"LINCOLN BLVD",820.00,S,N,A,-,Y,,,59,,,,,,,Y,1,1,0,1,A,-,08,22107,,N,F,A,A,A,H,-,D,D,0,,,,,Y,,A,01,0,0,0,0,0,0,0,0,0,"- ","- ",37.146701812744141,-120.49189758300781,MERCED,UNINCORPORATED,-120.49203491210938,37.146701812744141
91390784,2020,2021-01-19,9460,2020-10-23,1902,019838,,5,2,9,2400,0,3,5,,2,040,"BELCHER AVENUE","BEACHWOOD DR",0.00,,Y,A,-,N,,,,,,,,,,Y,1,1,1,2,A,-,09,21801,A,F,D,C,A,A,H,-,D,D,0,,,Y,,Y,,A,01,0,1,0,0,0,0,0,1,0,"- ","- ",37.339000701904297,-120.52729797363281,MERCED,UNINCORPORATED,-120.52732849121094,37.3389892578125
91394333,2021,2021-01-26,9460,2021-01-16,2135,018951,,6,2,9,2400,0,2,4,,1,041,"BEACHWOOD DRIVE","SANTA FE DRIVE",0.00,,Y,A,-,N,,,,,,,,,,Y,2,0,1,2,A,-,09,21801,A,N,A,C,A,A,H,-,C,D,0,,,Y,,Y,,D,22,1,0,0,0,0,0,0,0,1,"- ","- ",37.332420349121094,-120.52768707275391,MERCED,UNINCORPORATED,-120.52763366699219,37.332279205322266
91406348,2020,2021-02-10,9460,2020-12-12,1835,020365,,6,2,9,2400,0,1,3,,1,591,SR-59,"W. SANDY MUSH RD.",0.00,,Y,B,-,Y,,,59,,,,,,,Y,1,1,5,2,A,-,12,22450,A,N,D,C,A,B,H,-,C,A,0,,,,,Y,,A,07,0,4,1,0,0,0,0,0,0,"- ","- ",37.185779571533203,-120.48821258544922,MERCED,UNINCORPORATED,-120.48822021484375,37.185779571533203
91412900,2021,2021-02-22,9461,2021-02-13,0315,018910,,6,3,9,2400,0,1,1,,2,205,"INTERSTATE 5 NORTHBOUND","CANYON ROAD",2112.00,S,N,A,-,Y,,,5,,,,,,N,Y,1,1,0,1,A,-,08,22107,,N,F,A,A,A,H,-,D,D,0,,,,,Y,Y,A,01,0,0,0,0,0,0,0,0,0,"- ","- ",36.985908508300781,-120.90248107910156,MERCED,UNINCORPORATED,-120.90251159667969,36.985885620117188
91417286,2021,2021-02-26,9460,2021-01-31,0602,019806,,7,1,9,2400,0,1,3,,2,002,"SR-99 S/B","BUHACH RD",1584.00,N,N,A,-,Y,,,99,,,,,,S,N,1,1,0,2,A,-,11,21954,A,N,G,B,E,A,D,-,D,D,0,Y,,,,Y,,N,60,0,0,0,1,0,0,0,0,0,"- ","- ",37.336139678955078,-120.58267211914062,MERCED,UNINCORPORATED,-120.58268737792969,37.336101531982422
91420010,2021,2021-03-03,9461,2021-02-25,1700,021536,,4,2,9,2400,0,3,5,,2,010,"VOLTA RD.",SR-152,1163.00,N,N,A,-,N,,,,,,,,,,Y,2,0,1,1,A,-,08,22107,,N,E,I,A,A,H,-,A,D,0,,,,,Y,,A,01,1,0,0,0,0,0,0,0,0,"- ","- ",37.057968139648438,-120.92642211914062,MERCED,UNINCORPORATED,-120.92646026611328,37.059654235839844
9142003,2020,2020-11-25,2406,2020-07-20,2007,260,2,1,5,5,2406,0,0,0,,0,020,"RT 140","MOORE CT",436.00,W,N,A,-,Y,MER,10,140,-,-,37.850,H,-,E,N,2,0,2,2,A,-,08,22107,,N,D,G,A,A,H,-,A,D,0,,Y,,,Y,Y,L,04,1,0,1,0,0,0,1,0,0,"- ","- ",37.294929504394531,-120.43090057373047,MERCED,MERCED,-120.43083953857422,37.295085906982422
91420749,2021,2021-03-04,9461,2021-02-07,1335,019052,,7,1,9,2400,0,3,5,,2,010,"HUNT ROAD","GUN CLUB ROAD",0.00,,Y,A,-,N,,,,,,,,,,Y,1,2,1,2,A,-,09,21802,A,N,D,C,A,A,H,-,A,D,0,,,Y,,Y,,C,02,1,0,0,0,0,0,0,2,0,"- ","- ",37.231269836425781,-120.99432373046875,MERCED,UNINCORPORATED,-120.99430084228516,37.231273651123047
91435447,2021,2021-03-25,9460,2021-01-07,2213,018673,,4,3,9,2400,0,2,4,,1,061,"SANTA FE AVENUE","CHILDS AVENUE",0.00,,Y,E,-,N,,,,,,,,,,Y,1,1,0,1,A,-,01,23152,A,N,E,I,A,A,H,-,C,D,0,,,,,Y,Y,A,01,0,0,0,0,0,0,0,0,0,"- ","- ",37.287979125976562,-120.31993103027344,MERCED,UNINCORPORATED,-120.31983184814453,37.287845611572266
91435489,2021,2021-03-25,9460,2021-03-11,1946,018922,,4,2,9,2400,0,3,5,,2,080,"WEST SANDY MUSH ROAD","COMBS ROAD",323.00,W,N,B,-,N,,,,,,,,,,Y,1,1,1,1,A,-,01,23152,A,N,F,A,A,A,H,-,D,D,0,,,,,Y,Y,A,01,0,1,0,0,0,0,0,0,0,"- ","- ",37.185791015625,-120.54733276367188,MERCED,UNINCORPORATED,-120.54734039306641,37.185863494873047
91437055,2021,2021-03-26,9461,2021-03-24,2028,021280,,3,2,9,2400,0,1,3,,1,465,SR-165,"WOLFSEN RD.",4752.00,S,N,A,-,N,,,165,,,,,,,Y,2,0,2,2,A,-,01,23152,A,F,A,C,A,A,H,-,D,D,0,,,,,Y,Y,A,01,1,1,0,0,0,0,0,0,0,"- ","- ",37.134380340576172,-120.83450317382812,MERCED,UNINCORPORATED,-120.83450317382812,37.134380340576172
91440163,2021,2021-03-31,9460,2021-03-19,1445,020822,,5,2,9,2400,0,3,5,,2,020,"BRADBURY RD","SR-99 S/B FROM BRADBURY RD",0.00,,Y,B,C,Y,,,,,,,,,,Y,2,0,2,2,A,-,09,21801,A,N,A,C,A,B,H,-,A,D,0,,,,,Y,,A,01,1,1,0,0,0,0,0,0,0,"- ","- ",37.448780059814453,-120.79856109619141,MERCED,UNINCORPORATED,-120.85913848876953,37.448928833007812
91446216,2021,2021-04-08,9460,2021-01-15,2253,021511,,5,3,9,2400,0,3,5,,2,030,"SANTA FE DRIVE","SPACEPORT ENTRY",2320.00,E,N,A,-,N,,,,,,,,,,Y,1,1,1,2,A,-,11,21954,A,N,G,B,E,A,H,-,D,D,0,Y,,,,Y,,N,60,0,1,0,1,0,0,0,0,0,"- ","- ",37.354949951171875,-120.56378173828125,MERCED,UNINCORPORATED,-120.564002,37.355035999999998
91452378,2021,2021-04-16,9460,2021-03-30,2016,018778,,2,2,9,2400,0,1,3,,1,143,"STATE ROUTE 140","CUNNINGHAM RD",9504.00,W,N,A,-,Y,,,140,,,,,,,N,2,0,1,2,A,-,11,21954,A,F,G,B,E,A,H,-,D,D,0,Y,,,,Y,,N,60,1,0,0,0,1,0,0,0,0,"- ","- ",37.314109802246094,-120.28041839599609,MERCED,UNINCORPORATED,-120.28041839599609,37.314113616943359
91452454,2021,2021-04-16,9461,2021-04-10,1415,020486,,6,2,9,2400,0,3,5,,2,020,"JASPER SEARS OFF HIGHWAY PARK","GONZAGA ROAD",866.00,S,N,A,-,N,,,,,,,,,,N,2,0,2,1,B,-,22,,,N,F,A,A,A,H,-,A,D,0,,,Y,,Y,,C,06,1,0,1,0,0,0,0,0,2,"- ","- ",37.053718566894531,-121.02675628662109,MERCED,UNINCORPORATED,-121.02549743652344,37.054191589355469
91466934,2021,2021-05-06,9460,2021-04-25,0024,020840,,7,3,9,2400,0,3,5,,2,020,"STEPHENS ST","SCHENDEL AVE",18.00,W,N,A,-,N,,,,,,,,,,N,2,0,1,2,A,-,12,22450,A,F,G,B,B,A,H,-,C,D,0,Y,,,,Y,Y,-,99,1,0,0,0,1,0,0,0,0,"- ","- ",37.430179595947266,-120.77616119384766,MERCED,UNINCORPORATED,-120.77619934082031,37.430126190185547
91470474,2021,2021-05-11,9461,2021-05-06,1735,021378,,4,2,9,2400,0,3,5,,2,010,"CANAL SCHOOL RD","BRAZA RD",528.00,N,N,A,-,N,,,,,,,,,,Y,2,0,1,2,A,-,08,22107,,N,A,C,A,A,H,-,A,D,0,,,,Y,Y,Y,A,01,1,0,0,0,0,0,0,0,0,"- ","- ",37.304851531982422,-121.00823974609375,MERCED,UNINCORPORATED,-121.00826263427734,37.305240631103516
91470808,2021,2021-05-27,9461,2021-05-05,0255,018910,,3,3,9,2400,0,1,3,,1,152,"STATE ROUTE 152 EASTBOUND","STATE ROUTE 33 (GONZAGA ROAD)",2112.00,E,N,A,-,Y,,,152,,,,,,E,Y,2,0,1,2,A,-,03,22350,,M,C,C,A,A,H,-,D,D,0,,,,Y,Y,,A,01,1,0,0,0,0,0,0,0,0,"- ","- ",37.05657958984375,-121.00762176513672,MERCED,UNINCORPORATED,-121.00762176513672,37.056797027587891
91471975,2021,2021-05-12,9461,2021-05-07,1900,021378,,5,2,9,2400,0,3,5,,2,010,"COTTONWOOD RD","INGOMAR RD",250.00,W,N,A,-,N,,,,,,,,,,Y,2,0,1,1,A,-,01,23152,A,N,F,A,A,A,H,-,A,D,0,,,,,Y,Y,A,01,1,0,0,0,0,0,0,0,0,"- ","- ",37.187080383300781,-120.97196960449219,MERCED,UNINCORPORATED,-120.97244262695312,37.187347412109375
91482883,2021,2021-05-27,9460,2021-05-18,2003,019005,,2,2,9,2400,0,1,3,,2,002,"SR-99 S/B","SULTANA DR.",5280.00,S,N,A,-,Y,,,99,,,,,,S,Y,2,0,1,2,A,-,03,22350,,N,C,C,A,A,H,-,D,D,0,,,Y,,Y,,C,02,1,0,0,0,0,0,0,0,1,"- ","- ",37.366298675537109,-120.66490936279297,MERCED,UNINCORPORATED,-120.6649169921875,37.366291046142578
91483355,2021,2021-05-27,9460,2021-05-16,0739,018673,,7,1,5,2406,0,1,3,,2,003,"SR-99 N/B","G STREET",275.00,N,N,A,-,Y,,,99,,,,,,N,Y,2,0,3,1,A,-,08,22107,,N,E,I,A,A,H,-,A,D,0,,,,,Y,,D,22,1,2,0,0,0,0,0,0,0,"- ","- ",37.295448303222656,-120.47882843017578,MERCED,MERCED,-120.47884368896484,37.295391082763672
91486378,2021,2021-06-01,9460,2021-05-21,1825,018951,,5,2,9,2400,0,3,5,,2,030,"EUCALYPTUS AVENUE","SULTANA DRIVE",528.00,W,N,A,-,N,,,,,,,,,,N,2,0,1,1,A,-,08,22107,,N,F,A,A,A,H,-,A,D,0,,,Y,,Y,,C,06,1,0,0,0,0,0,0,0,1,"- ","- ",37.404079437255859,-120.68948364257812,MERCED,UNINCORPORATED,-120.68793487548828,37.404018402099609
91493077,2021,2021-06-11,9461,2021-04-02,2000,020486,,5,2,9,2400,0,1,1,,2,105,"INTERSTATE 5","HENRY MILLER AVENUE",528.00,N,N,A,-,Y,,,5,,,,,,,Y,1,1,5,2,A,-,08,22107,,N,D,C,A,A,H,-,D,D,0,,,,,Y,,A,01,2,1,2,0,0,0,0,0,0,"- ","- ",37.103061676025391,-121.01290130615234,MERCED,UNINCORPORATED,-121.01291656494141,37.103046417236328
91501568,2020,2021-06-21,9460,2020-11-29,2105,019838,,7,2,9,2400,0,3,5,,2,040,"WALNUT AVENUE","CENTRAL AVENUE",615.00,W,N,A,-,N,,,,,,,,,,Y,1,1,2,2,A,-,01,23152,A,N,A,C,A,A,H,-,D,D,0,,,,,Y,Y,A,01,2,0,0,0,0,0,0,0,0,"- ","- ",37.389301300048828,-120.61509704589844,MERCED,UNINCORPORATED,-120.65201568603516,37.389350891113281
91508894,2021,2021-06-29,9460,2021-05-02,0042,021407,,7,3,9,2400,0,3,5,,2,030,"OLIVE AVE","CRESSEY WAY",1584.00,S,N,A,-,N,,,,,,,,,,Y,1,1,0,2,A,-,01,23152,A,N,A,C,A,A,H,-,D,D,0,,,,Y,Y,Y,A,01,0,0,0,0,0,0,0,0,0,"- ","- ",37.366199493408203,-120.66300201416016,MERCED,UNINCORPORATED,-120.66342163085938,37.366352081298828
91511328,2021,2021-07-01,9461,2021-06-25,2120,020486,,5,2,9,2400,0,3,5,,2,010,"SPARKS ROAD","TAGLIO ROAD",300.00,S,N,A,-,N,,,,,,,,,,N,2,0,3,1,A,-,08,22107,,N,F,A,A,A,B,-,D,D,0,,,Y,,Y,,C,06,1,0,2,0,0,0,0,0,3,"- ","- ",37.21630859375,-121.08595275878906,MERCED,UNINCORPORATED,-121.08509826660156,37.217029571533203
91511999,2021,2021-07-02,9460,2021-04-13,2320,020099,,2,3,9,2400,0,3,5,,2,030,"BEACHWOOD DR","ASHBY RD",0.00,,Y,A,-,N,,,,,,,,,,Y,1,1,0,1,A,-,01,23152,G,N,F,A,A,A,H,-,C,A,0,,,Y,,Y,Y,C,02,0,0,0,0,0,0,0,1,0,"- ","- ",37.316619873046875,-120.52813720703125,MERCED,UNINCORPORATED,-120.52819061279297,37.316600799560547
91512081,2021,2021-07-02,9460,2021-06-19,1650,019838,,6,2,9,2400,0,1,3,,1,590,SR-59,"BREEZE AVE",550.00,S,N,A,-,N,,,59,,,,,,,N,2,0,1,2,A,-,11,21954,A,F,G,B,D,A,H,-,A,D,0,Y,,,,Y,,N,60,1,0,0,0,1,0,0,0,0,"- ","- ",37.366600036621094,-120.50325012207031,MERCED,UNINCORPORATED,-120.50326538085938,37.366600036621094
91517210,2021,2021-07-12,9460,2021-06-27,2223,020967,,7,3,9,2400,0,1,3,,1,165,SR-165,"WESTSIDE BLVD",0.00,,Y,A,-,Y,,,,,,,,,,Y,2,0,3,1,A,-,01,23152,A,N,E,I,A,A,H,-,D,A,0,,,,,Y,Y,A,01,1,2,0,0,0,0,0,0,0,"- ","- ",37.360450744628906,-120.84873199462891,MERCED,UNINCORPORATED,-120.84867095947266,37.360450744628906
91517740,2021,2021-07-12,9461,2021-05-13,0929,018910,,4,1,9,2400,0,2,4,,1,410,"TURNER ISLAND ROAD","HENRY MILLER AVENUE",4224.00,N,N,A,-,N,,,,,,,,,,Y,1,1,0,1,A,-,08,22107,,N,F,A,A,A,H,-,A,D,0,,,,,Y,,A,01,0,0,0,0,0,0,0,0,0,"- ","- ",37.110279083251953,-120.70748138427734,MERCED,UNINCORPORATED,-120.70744323730469,37.109550476074219
91523154,2021,2021-07-19,9460,2021-05-07,0340,020156,,5,3,9,2400,0,1,3,,1,591,SR-59,"FURTADO RD",280.00,S,N,A,-,Y,,,59,,,,,,,Y,1,1,0,1,A,-,01,23152,A,N,E,I,A,A,H,-,D,D,0,,,,,Y,Y,D,22,0,0,0,0,0,0,0,0,0,"- ","- ",37.163070678710938,-120.49204254150391,MERCED,UNINCORPORATED,-120.49195861816406,37.163070678710938
91528662,2021,2021-07-26,9460,2021-04-19,1615,018603,,1,2,9,2400,0,3,5,,2,020,"CORTEZ AVENUE","NORTH AVENUE",0.00,,Y,A,-,N,,,,,,,,,,Y,1,1,1,2,A,-,09,21801,A,N,D,C,A,A,H,-,A,D,0,,,Y,,Y,,B,07,0,1,0,0,0,0,0,1,0,"- ","- ",37.441009521484375,-120.74009704589844,MERCED,UNINCORPORATED,-120.74011993408203,37.441009521484375
91530109,2021,2021-07-27,9460,2021-07-22,2036,018922,,4,2,9,2400,0,1,3,,2,003,"SR-99 N/B FROM CHILDS AVENUE","CHILDS AVENUE",25.00,S,N,A,-,Y,,,99,,,,R,,N,N,2,0,1,2,A,-,11,21954,A,N,G,B,D,A,H,-,B,A,0,Y,,,,Y,,N,60,1,0,0,0,1,0,0,0,0,"- ","- ",37.287998199462891,-120.45496368408203,MERCED,UNINCORPORATED,-120.45496368408203,37.287998199462891
91537852,2021,2021-08-05,9460,2021-07-20,0117,020365,,2,3,9,2400,0,1,3,,2,001,"SR-99 S/B","COLLIER ROAD",1056.00,N,N,A,-,Y,,,99,,,,,,S,Y,2,0,3,3,A,-,01,23152,A,F,G,C,E,A,H,-,D,D,0,Y,,,,Y,Y,A,01,2,1,0,0,1,0,0,0,0,"- ","- ",37.415008544921875,-120.75792694091797,MERCED,UNINCORPORATED,-120.75792694091797,37.415016174316406