CASE_ID,ACCIDENT_YEAR,PROC_DATE,JURIS,COLLISION_DATE,COLLISION_TIME,OFFICER_ID,REPORTING_DISTRICT,DAY_OF_WEEK,CHP_SHIFT,POPULATION,CNTY_CITY_LOC,SPECIAL_COND,BEAT_TYPE,CHP_BEAT_TYPE,CITY_DIVISION_LAPD,CHP_BEAT_CLASS,BEAT_NUMBER,PRIMARY_RD,SECONDARY_RD,DISTANCE,DIRECTION,INTERSECTION,WEATHER_1,WEATHER_2,STATE_HWY_IND,CALTRANS_COUNTY,CALTRANS_DISTRICT,STATE_ROUTE,ROUTE_SUFFIX,POSTMILE_PREFIX,POSTMILE,LOCATION_TYPE,RAMP_INTERSECTION,SIDE_OF_HWY,TOW_AWAY,COLLISION_SEVERITY,NUMBER_KILLED,NUMBER_INJURED,PARTY_COUNT,PRIMARY_COLL_FACTOR,PCF_CODE_OF_VIOL,PCF_VIOL_CATEGORY,PCF_VIOLATION,PCF_VIOL_SUBSECTION,HIT_AND_RUN,TYPE_OF_COLLISION,MVIW,PED_ACTION,ROAD_SURFACE,ROAD_COND_1,ROAD_COND_2,LIGHTING,CONTROL_DEVICE,CHP_ROAD_TYPE,PEDESTRIAN_ACCIDENT,BICYCLE_ACCIDENT,MOTORCYCLE_ACCIDENT,TRUCK_ACCIDENT,NOT_PRIVATE_PROPERTY,ALCOHOL_INVOLVED,STWD_VEHTYPE_AT_FAULT,CHP_VEHTYPE_AT_FAULT,COUNT_SEVERE_INJ,COUNT_VISIBLE_INJ,COUNT_COMPLAINT_PAIN,COUNT_PED_KILLED,COUNT_PED_INJURED,COUNT_BICYCLIST_KILLED,COUNT_BICYCLIST_INJURED,COUNT_MC_KILLED,COUNT_MC_INJURED,PRIMARY_RAMP,SECONDARY_RAMP,LATITUDE,LONGITUDE,COUNTY,CITY,POINT_X,POINT_Y
91549221,2021,2021-08-19,9460,2021-08-06,0640,016323,,5,1,9,2400,0,1,3,,2,002,"STATE ROUTE 99 SOUTHBOUND","APPLEGATE ROAD",300.00,S,N,A,-,Y,,,,,,,,,,Y,2,0,1,5,A,-,03,22350,,N,C,C,A,A,D,-,A,D,0,,,,Y,Y,,F,26,1,0,0,0,0,0,0,0,0,"- ","- ",37.344570159912109,-120.61325073242188,MERCED,UNINCORPORATED,-120.61238861083984,37.344173431396484
91550087,2021,2021-08-20,9461,2021-07-03,0445,018910,,6,3,9,2400,0,2,4,,1,115,"HENRY MILLER AVENUE","JOHNSON ROAD",2112.00,E,N,A,-,N,,,,,,,,,,Y,1,1,0,3,C,-,18,,,N,E,J,A,A,H,-,D,D,0,,,,,Y,,-,"- ",0,0,0,0,0,0,0,0,0,"- ","- ",37.099960327148438,-120.85888671875,MERCED,UNINCORPORATED,-120.85778045654297,37.100017547607422
91552058,2021,2021-08-23,9461,2021-08-15,1155,020486,,7,1,9,2400,0,1,1,,2,105,"INTERSTATE 5","ALLEN ROAD",422.00,S,N,A,-,Y,,,5,,,,,,,Y,2,0,1,1,A,-,08,22107,,N,F,0,A,A,H,-,A,D,0,,,,,Y,,D,22,1,0,0,0,0,0,0,0,0,"- ","- ",37.176971435546875,-121.06273651123047,MERCED,UNINCORPORATED,-121.06275177001953,37.176963806152344
91553909,2021,2021-08-25,9460,2021-05-12,0445,021320,,3,3,9,2400,0,3,5,,2,030,"OLIVE AVE.","ARENA WAY",528.00,N,N,A,-,N,,,,,,,,,,Y,1,1,0,2,A,-,11,21954,A,N,G,B,D,A,H,-,D,D,0,Y,,,,Y,,N,60,0,0,0,1,0,0,0,0,0,"- ","- ",37.370700836181641,-120.67505645751953,MERCED,UNINCORPORATED,-120.67713928222656,37.396690368652344
91557282,2021,2021-08-27,9460,2021-08-23,0657,016476,,1,1,9,2400,0,3,5,,2,020,"SCHENDEL AVENUE","MIMOSA AVENUE",0.00,,Y,A,-,N,,,,,,,,,,N,2,0,1,2,A,-,10,21950,A,N,G,B,B,A,H,-,A,D,0,Y,,,,Y,,D,22,1,0,0,0,1,0,0,0,0,"- ","- ",37.426639556884766,-120.78472900390625,MERCED,UNINCORPORATED,-120.7843017578125,37.426795959472656
91561085,2021,2021-09-02,9460,2021-08-24,2204,020365,,2,3,9,2400,0,1,3,,1,165,"CAMPBELL ST",SR-165,201.00,E,N,A,-,N,,,,,,,,,,Y,2,0,1,1,A,-,01,23152,A,N,E,I,A,A,H,-,C,D,0,,,Y,,Y,Y,C,02,1,0,0,0,0,0,0,0,1,"- ","- ",37.402141571044922,-120.84935760498047,MERCED,UNINCORPORATED,-120.84947967529297,37.402072906494141
91561217,2021,2021-09-02,9460,2021-08-19,0305,020365,,4,3,9,2400,0,3,5,,2,030,"WALNUT AVE","CRESSEY WAY",545.00,E,N,A,-,N,,,,,,,,,,Y,2,0,1,3,A,-,03,22350,,N,C,C,A,A,H,-,D,D,0,,,,,Y,,A,01,1,0,0,0,0,0,0,0,0,"- ","- ",37.389369964599609,-120.66712951660156,MERCED,UNINCORPORATED,-120.66606140136719,37.389358520507812
91565581,2021,2021-09-08,9460,2021-08-20,1550,017343,,5,2,9,2400,0,3,5,,2,040,"MERCED FALLS ROAD","HORNITOS ROAD",5280.00,W,N,A,-,N,,,,,,,,,,Y,2,0,1,1,A,-,08,22107,,N,E,I,A,A,H,-,A,D,0,,,,,Y,,A,01,1,0,0,0,0,0,0,0,0,"- ","- ",37.535568237304688,-120.32807922363281,MERCED,UNINCORPORATED,-120.32965850830078,37.524921417236328
91570732,2021,2021-09-15,9461,2021-09-11,2000,021056,,6,2,9,2400,0,3,5,,2,050,"LEXINGTON AVE S/B","GLOBE AVE",528.00,N,N,A,-,N,,,,,,,,,,Y,2,0,1,2,A,-,01,23152,A,F,C,C,A,A,H,-,D,D,0,,,Y,,Y,Y,A,01,1,0,0,0,0,0,0,0,1,"- ","- ",36.970878601074219,-120.65379333496094,MERCED,UNINCORPORATED,-120.65379333496094,36.969528198242188
91577127,2021,2021-09-22,9461,2021-09-11,2220,021280,,6,3,9,2400,0,1,3,,1,503,SR-33,"CHRISTIAN AVE.",19.00,S,N,A,-,N,,,,,,,,,,N,2,0,1,2,A,-,11,21954,A,N,G,B,D,A,H,-,C,D,0,Y,,,,Y,,N,60,1,0,0,0,1,0,0,0,0,"- ","- ",34.974441528320312,-120.63562774658203,MERCED,UNINCORPORATED,-120.63562774658203,36.974536895751953
91580550,2021,2021-09-27,9461,2021-08-12,0743,020101,,4,1,9,2400,0,1,3,,1,152,"SR-152 EASTBOUND","UPPER COTTONWOOD CREEK WILDLIFE AREA ENTRANCE",2112.00,W,N,A,-,Y,,,152,,,,,,E,Y,1,1,0,1,A,-,08,22107,,N,F,I,A,A,H,-,A,D,0,,,,,Y,,A,01,0,0,0,0,0,0,0,0,0,"- ","- ",37.084640502929688,-121.18662261962891,MERCED,UNINCORPORATED,-121.18662261962891,37.084651947021484
9158298,2020,2020-10-26,2406,2020-07-19,1717,283,2,7,5,5,2406,0,0,0,,0,020,"WEST 16TH ST","MARTIN LUTHER KING JR WY",0.00,,Y,A,-,N,,,,,,,,,,Y,2,0,1,2,A,-,12,21453,A,F,D,D,A,A,H,-,A,A,0,,,,,Y,,A,01,1,0,0,0,0,0,0,0,0,"- ","- ",,,MERCED,MERCED,-120.48092651367188,37.299320220947266
91592869,2021,2021-10-11,9460,2021-09-30,1740,020822,,4,2,9,2400,0,1,3,,2,002,"ONRAMP: SR-99 S/B FROM ATWATER MERCED EXPRESSWAY","ATWATER MERCED EXPRESSWAY",31.00,S,N,A,-,Y,,,99,,,,R,,S,Y,2,0,2,1,A,-,08,22107,,N,E,I,A,A,H,-,A,D,0,,,,,Y,,A,01,1,0,1,0,0,0,0,0,0,"- ","- ",37.331218719482422,-120.568359375,MERCED,UNINCORPORATED,-120.568359375,37.331218719482422
91596126,2021,2021-10-14,9460,2021-10-02,0137,019105,,6,3,9,2400,0,3,5,,2,020,"ASHBY ROAD","MILES COURT",1056.00,E,N,A,-,N,,,,,,,,,,Y,2,0,1,1,A,-,01,23152,A,N,F,A,A,A,H,-,D,D,0,,,,,Y,Y,A,01,1,0,0,0,0,0,0,0,0,"- ","- ",37.312488555908203,-120.51351165771484,MERCED,UNINCORPORATED,-120.50904083251953,37.309139251708984
91596364,2021,2021-10-14,9461,2021-08-14,0710,020486,,6,1,9,2400,0,1,3,,1,153,"STATE HIGHWAY 152","VOLTA ROAD",0.00,,Y,A,-,Y,,,152,,,,,,,Y,1,1,2,2,A,-,09,21802,A,N,D,C,A,A,H,-,A,A,0,,,,,Y,,E,22,1,0,1,0,0,0,0,0,0,"- ","- ",37.056438446044922,-120.92655181884766,MERCED,UNINCORPORATED,-120.92655181884766,37.056461334228516
91601179,2021,2021-10-20,9460,2021-10-08,1150,018673,,5,1,9,2400,0,3,5,,2,090,"SUNSET DR","ARENA WAY",0.00,,Y,A,-,N,,,,,,,,,,N,2,0,1,2,A,-,09,21802,A,N,D,C,A,A,H,-,A,A,0,,,,,Y,,A,01,1,0,0,0,0,0,0,0,0,"- ","- ",37.338569641113281,-120.677978515625,MERCED,UNINCORPORATED,-120.67795562744141,37.338569641113281
91601215,2021,2021-10-20,9461,2021-10-09,1605,019052,,6,2,9,2400,0,3,5,,2,030,SR-33,"SHARON LN",528.00,N,N,A,-,Y,,,,,,,,,,N,2,0,1,1,C,-,18,,,M,H,A,A,A,H,-,A,D,0,,,,,Y,,-,"- ",1,0,0,0,0,0,0,0,0,"- ","- ",36.922901153564453,-120.63567352294922,MERCED,UNINCORPORATED,-120.63562774658203,36.991847991943359
91603084,2021,2021-10-21,9460,2021-10-10,1630,021407,,7,2,9,2400,0,3,5,,2,090,"FRANKLIN ROAD",SR-140,1056.00,N,N,A,-,Y,,,,,,,,,,Y,2,0,1,1,A,-,08,22107,,N,E,I,A,A,H,-,A,D,0,,,,,Y,,A,01,1,0,0,0,0,0,0,0,0,"- ","- ",37.305698394775391,-120.54100036621094,MERCED,UNINCORPORATED,-120.54106140136719,37.305568695068359
91605124,2021,2021-10-25,9460,2021-09-06,2500,016476,,1,4,9,2400,0,1,3,,2,001,"SR-99 N/B","COLLIER ROAD",70.00,N,N,A,-,Y,,,99,,,,,,N,Y,1,1,0,1,A,-,01,23152,A,N,E,I,A,A,C,D,D,D,0,,,,,Y,Y,D,22,0,0,0,0,0,0,0,0,0,"- ","- ",37.409648895263672,-120.75202178955078,MERCED,UNINCORPORATED,-120.75233459472656,37.409358978271484
91605707,2021,2021-12-16,9460,2021-10-15,1631,021407,,5,2,9,2400,0,3,5,,2,030,"ASHBY RD","BEACHWOOD DR",440.00,S,N,A,-,N,,,,,,,,,,Y,2,0,2,3,A,-,03,22350,,N,C,C,A,A,H,-,A,D,0,,,,Y,Y,Y,A,01,1,0,1,0,0,0,0,0,0,"- ","- ",37.315898895263672,-120.52629852294922,MERCED,UNINCORPORATED,-120.52681732177734,37.316093444824219
91605765,2021,2021-10-25,9460,2021-10-10,1345,019838,,7,1,9,2400,0,1,3,,1,165,"3RD AVENUE","EDMINSTER ROAD",0.00,,Y,A,-,N,,,,,,,,,,Y,2,0,1,2,A,-,01,23152,A,N,D,C,A,A,H,-,A,A,0,,,,,Y,Y,D,22,1,0,0,0,0,0,0,0,0,"- ","- ",37.327869415283203,-120.89646911621094,MERCED,UNINCORPORATED,-120.89653015136719,37.327888488769531
91606965,2021,2021-10-26,9460,2021-10-19,1040,016476,,2,1,9,2400,0,1,3,,2,001,"SR-99 N/B","COLLIER RD",2112.00,N,N,A,-,Y,,,,,,,,,,Y,2,0,1,3,A,-,03,22350,,N,C,C,A,A,D,-,A,D,0,,,,Y,Y,,D,22,1,0,0,0,0,0,0,0,0,"- ","- ",37.408168792724609,-120.75276184082031,MERCED,UNINCORPORATED,-120.75589752197266,37.413688659667969
91610720,2021,2021-10-29,9460,2021-10-21,1900,017343,,4,2,9,2400,0,3,5,,2,040,"TURLOCK ROAD","COX FERRY ROAD",16368.00,W,N,A,-,N,,,,,,,,,,Y,2,0,1,1,A,-,08,22107,,N,E,I,A,A,H,-,B,D,0,,,,,Y,,A,01,1,0,0,0,0,0,0,0,0,"- ","- ",37.491249084472656,-120.56024932861328,MERCED,UNINCORPORATED,-120.55886077880859,37.491626739501953
91610722,2021,2021-10-29,9461,2021-10-26,1854,019052,,2,2,9,2400,0,1,3,,1,452,"SR-152 W/B","DELTA RD",894.00,W,N,A,-,Y,,,152,,,,,,W,Y,2,0,3,2,A,-,03,22350,,N,C,C,A,A,H,-,D,D,0,,,,,Y,,A,01,3,0,0,0,0,0,0,0,0,"- ","- ",37.055690765380859,-120.76516723632812,MERCED,UNINCORPORATED,-120.76516723632812,37.055667877197266
91614464,2021,2021-11-03,9460,2021-10-25,1135,020365,,1,1,9,2400,0,3,5,,2,090,"SOUTHERN PACIFIC AVE","FRANKLIN ROAD",1056.00,W,N,B,-,N,,,,,,,,,,Y,2,0,2,2,A,-,05,21460,A,N,A,C,A,B,H,-,A,D,0,,,,,Y,,-,"- ",1,1,0,0,0,0,0,0,0,"- ","- ",37.322139739990234,-120.5460205078125,MERCED,UNINCORPORATED,,
91614879,2021,2021-11-03,9460,2021-10-22,0925,015305,,5,1,9,2400,0,1,3,,2,003,"STATE ROUTE 99 NORTHBOUND","PLAINSBURG ROAD",900.00,N,N,C,-,Y,,,,,,,,,,Y,2,0,5,5,A,-,08,22107,,N,G,B,E,B,H,-,A,D,0,Y,,,,Y,,A,01,4,1,0,0,4,0,0,0,0,"- ","- ",37.191909790039062,-120.33567047119141,MERCED,UNINCORPORATED,-120.33173370361328,37.189418792724609
91620331,2021,2021-11-09,9460,2021-11-05,1247,018922,,5,1,9,2400,0,1,3,,2,003,"SR-99 S/B","V STREET",1584.00,N,N,A,-,Y,,,,,,,,,,Y,2,0,1,2,C,-,18,,,N,E,J,A,A,D,-,A,D,0,,,Y,,Y,,-,"- ",1,0,0,0,0,0,0,0,1,"- ","- ",37.305370330810547,-120.50672912597656,MERCED,UNINCORPORATED,-120.50052642822266,37.303279876708984
9162542,2020,2020-11-04,2406,2020-09-18,1655,292,1,5,5,5,2406,0,0,0,,0,011,"EL REDONDO","S DRAINAGE BASIN",0.00,,Y,A,-,N,,,,,,,,,,N,2,0,1,1,A,-,08,22107,,N,F,A,A,A,G,-,A,D,0,,,,,Y,,M,96,1,0,0,0,0,0,0,0,0,"- ","- ",37.327541351318359,-120.5003662109375,MERCED,MERCED,,
91626061,2021,2021-11-16,9461,2021-11-06,0050,021854,,6,3,9,2400,0,3,5,,2,010,"I-5 S/B","TAGLIO RD.",2112.00,N,N,A,-,Y,,,5,,,,,,S,Y,2,0,2,2,A,-,08,22107,,N,A,C,A,A,H,-,D,D,0,,,,,Y,,A,01,2,0,0,0,0,0,0,0,0,"- ","- ",37.223579406738281,-121.08328247070312,MERCED,UNINCORPORATED,-121.08332061767578,37.223567962646484
91627431,2021,2021-11-17,9460,2021-05-13,2230,021530,,4,3,9,2400,0,2,4,,1,042,"SANTA FE DRIVE","CHESTNUT LANE",3.00,E,N,A,-,N,,,,,,,,,,Y,1,1,0,2,A,-,17,21200,,N,C,G,A,A,H,-,C,D,0,,Y,,,Y,,L,04,0,0,0,0,0,1,0,0,0,"- ","- ",37.3802490234375,-120.60452270507812,MERCED,UNINCORPORATED,-120.60455322265625,37.380195617675781
91630698,2021,2021-11-19,9460,2021-11-06,1345,021468,,6,1,9,2400,0,1,3,,2,002,"SR-99 N/B","E. ATWATER BOULEVARD",1056.00,S,N,A,-,Y,,,99,,,,,,N,Y,2,0,1,1,A,-,01,23152,A,N,E,I,A,A,D,-,A,D,0,,,,,Y,Y,A,07,1,0,0,0,0,0,0,0,0,"- ","- ",37.340248107910156,-120.58910369873047,MERCED,UNINCORPORATED,-120.58917999267578,37.340030670166016
9163580,2020,2020-11-12,2406,2020-09-19,0751,291,1,6,5,5,2406,0,0,0,,0,010,"MCKEE RD","EAST YOSEMITE AV",267.00,S,N,A,-,N,,,,,,,,,,Y,2,0,1,1,A,-,07,21658,A,N,E,I,A,A,H,-,A,D,0,,,,,Y,,A,01,1,0,0,0,0,0,0,0,0,"- ","- ",,,MERCED,MERCED,-120.44422912597656,37.331417083740234
91644201,2021,2021-12-06,9461,2021-12-01,1410,019052,,3,2,9,2400,0,1,3,,2,453,"SR-152 W/B","INDIANA RD",1056.00,W,N,A,-,Y,,,152,,,,,,W,Y,2,0,1,1,A,-,08,22107,,N,E,I,A,A,H,-,A,D,0,,,,,Y,,A,01,1,0,0,0,0,0,0,0,0,"- ","- ",37.048099517822266,-120.60912322998047,MERCED,UNINCORPORATED,-120.60912322998047,37.047981262207031
91644330,2021,2021-12-07,9460,2021-11-18,0045,021150,,4,3,3,2401,0,3,5,,2,030,"SR-99 N/B","BUHACH RD",2640.00,N,N,A,-,Y,,,99,,,,,,N,N,2,0,2,1,A,-,01,23152,A,N,E,J,A,A,D,-,C,D,0,,,,,Y,Y,A,01,1,1,0,0,0,0,0,0,0,"- ","- ",37.337440490722656,-120.58479309082031,MERCED,ATWATER,-120.58478546142578,37.337444305419922
91645258,2021,2021-12-07,9461,2021-11-28,1350,021056,,7,1,9,2400,0,1,3,,1,103,"SR-33 N/B","HUSMAN RD",0.00,,Y,A,-,Y,,,33,,,,,,N,Y,2,0,3,2,A,-,09,21801,A,N,D,C,A,A,H,-,A,D,0,,,,,Y,,D,22,1,2,0,0,0,0,0,0,0,"- ","- ",37.158809661865234,-121.01393127441406,MERCED,UNINCORPORATED,-121.01394653320312,37.158809661865234
91646196,2021,2021-12-08,9460,2021-11-24,1145,016476,,3,1,9,2400,0,3,5,,2,070,"LE GRAND RD","PLAINSBURG RD",2640.00,E,N,B,-,N,,,,,,,,,,Y,2,0,1,1,A,-,08,22107,,N,F,A,A,A,H,-,A,D,0,,,,,Y,,A,01,1,0,0,0,0,0,0,0,0,"- ","- ",37.229301452636719,-120.31736755371094,MERCED,UNINCORPORATED,-120.31586456298828,37.229259490966797
91651497,2021,2021-12-14,9460,2021-10-30,2050,019286,,6,2,9,2400,0,1,3,,1,165,SR-165,"BRADBURY ROAD",76.00,S,N,B,-,Y,,,165,,,,,,,Y,2,0,2,2,A,-,03,22350,,N,C,C,A,A,H,-,C,A,0,,,Y,,Y,,C,02,1,0,1,0,0,0,0,0,1,"- ","- ",37.448719024658203,-120.84909820556641,MERCED,UNINCORPORATED,-120.84912872314453,37.448722839355469
91656806,2021,2021-12-20,9461,2021-12-11,2247,021536,,6,3,9,2400,0,1,3,,1,503,"N/B SR-33","ARROYO CANAL",310.00,S,N,A,-,Y,,,33,,,,,,,Y,2,0,1,3,A,-,03,22350,,N,C,C,A,A,C,-,D,D,0,,,,,Y,,A,01,1,0,0,0,0,0,0,0,0,"- ","- ",37.035140991210938,-120.63539123535156,MERCED,UNINCORPORATED,-120.63557434082031,37.035140991210938
91657379,2021,2021-12-21,9460,2021-12-14,0845,016476,,2,1,9,2400,0,3,5,,2,010,"KELLEY RD","TURNER ROAD",3168.00,S,N,B,C,N,,,,,,,,,,Y,2,0,7,2,A,-,08,22107,,N,A,C,A,B,H,-,A,D,0,,,,,Y,,A,01,2,1,4,0,0,0,0,0,0,"- ","- ",37.362289428710938,-120.9556884765625,MERCED,UNINCORPORATED,-120.95539855957031,37.36376953125
91658716,2021,2021-12-22,9461,2021-12-15,1741,021387,,3,2,9,2400,0,3,5,,2,020,"PIONEER RD WESTBOUND","ORTIGALTA RD",6.00,E,N,A,-,N,,,,,,,,,,Y,2,0,2,2,A,-,12,22450,A,N,C,C,A,A,H,-,D,A,0,,,Y,,Y,,A,01,1,1,0,0,0,0,0,0,1,"- ","- ",37.042160034179688,-120.87214660644531,MERCED,UNINCORPORATED,-120.87220764160156,37.042179107666016
91658789,2021,2021-12-22,9460,2021-09-08,0120,021511,,3,3,9,2400,0,1,3,,2,003,"SR-99 S/B TO ATWATER BLVD","BERT CRANE RD",730.00,N,N,A,-,Y,,,99,,,,R,,S,Y,1,1,0,1,A,-,08,22107,,N,E,I,A,A,H,-,C,D,0,,,,Y,Y,,G,25,0,0,0,0,0,0,0,0,0,"- ","- ",37.355068206787109,-120.63448333740234,MERCED,UNINCORPORATED,-120.63448333740234,37.355068206787109
91667654,2021,2021-12-31,9460,2021-12-17,1700,018778,,5,2,9,2400,0,3,5,,2,060,"CHILDS AVE","PLAINSBURG RD",0.00,,Y,B,-,N,,,,,,,,,,Y,2,0,3,2,A,-,01,23152,A,F,C,C,A,A,H,-,D,A,0,,,,,Y,Y,A,01,1,1,1,0,0,0,0,0,0,"- ","- ",37.287929534912109,-120.32496643066406,MERCED,UNINCORPORATED,-120.32486724853516,37.287937164306641
91669821,2021,2022-01-04,9460,2021-12-24,2100,019838,,5,2,9,2400,0,1,3,,2,002,"SR-99 SOUTHBOUND","ATWATER BLVD.",5280.00,N,N,B,-,Y,,,99,,,,,,S,Y,2,0,2,1,A,-,08,22107,,N,F,A,A,B,D,-,C,D,0,,,,,Y,,A,07,1,0,1,0,0,0,0,0,0,"- ","- ",37.355091094970703,-120.63410949707031,MERCED,UNINCORPORATED,-120.63411712646484,37.355068206787109
91670120,2021,2022-01-04,9461,2021-12-31,1214,020351,,5,1,9,2400,0,1,1,,2,105,"I-5 SB TO SR-33","I-5 S/B",88.00,W,N,A,-,Y,,,5,,,,R,,S,Y,2,0,1,1,A,-,08,22107,,N,F,A,A,A,H,-,A,D,0,,,,,Y,,D,22,1,0,0,0,0,0,0,0,0,"- ","- ",37.106979370117188,-121.01699066162109,MERCED,UNINCORPORATED,-121.01699066162109,37.106979370117188
91677821,2021,2022-01-13,9461,2021-11-25,1900,021056,,4,2,9,2400,0,1,1,,2,105,"I-5 NORTHBOUND","COTTONWOOD ROAD",2112.00,S,N,A,-,Y,,,5,,,,,,N,Y,1,1,0,2,A,-,08,22107,,N,B,C,A,A,H,-,D,D,0,,,,,Y,Y,A,01,0,0,0,0,0,0,0,0,0,"- ","- ",37.177150726318359,-121.06282043457031,MERCED,UNINCORPORATED,-121.06285858154297,37.177127838134766
91680212,2021,2022-01-18,9460,2021-09-25,0348,020840,,6,3,9,2400,0,1,3,,2,001,"SR-99 SOUTHBOUND","WINTON PARKWAY",1830.00,N,N,A,-,Y,,,99,,,,,,S,Y,1,1,0,1,A,-,01,23152,A,N,E,I,A,A,H,-,D,D,0,,,,,Y,Y,A,01,0,0,0,0,0,0,0,0,0,"- ","- ",37.393009185791016,-120.73918151855469,MERCED,UNINCORPORATED,-120.73939514160156,37.392864227294922
91680238,2022,2022-01-18,9460,2022-01-14,0620,018422,,5,1,9,2400,0,3,5,,2,040,"OAKDALE RD.","AMSTERDAM RD.",6336.00,E,N,E,-,N,,,,,,,,,,Y,2,0,1,3,A,-,06,21751,,N,A,C,A,B,H,-,D,D,0,,,,Y,Y,,A,01,1,0,0,0,0,0,0,0,0,"- ","- ",37.421669006347656,-120.52227783203125,MERCED,UNINCORPORATED,-120.52268218994141,37.421836853027344
91681539,2021,2022-01-20,9460,2021-12-30,0355,021530,,4,3,9,2400,0,1,3,,2,002,"SR-99 S/B","BUHACH RD",300.00,N,N,B,-,N,,,99,,,,,,S,Y,2,0,1,1,A,-,01,23152,A,N,E,I,A,A,A,D,D,D,0,,,,,Y,Y,D,22,1,0,0,0,0,0,0,0,0,"- ","- ",37.334041595458984,-120.57724761962891,MERCED,UNINCORPORATED,-120.57723236083984,37.334091186523438
91684504,2022,2022-01-25,9460,2022-01-17,1638,021468,,1,2,9,2400,0,1,3,,1,165,SR-165,SR-140,0.00,,Y,B,-,Y,MER,,165,,,26.871,H,,R,Y,2,0,2,2,A,-,12,22450,A,N,D,C,A,A,H,-,B,A,0,,,,,Y,,A,01,1,0,1,0,0,0,0,0,0,"- ","- ",37.313148498535156,-120.85118865966797,MERCED,UNINCORPORATED,-120.85124206542969,37.313148498535156
91686418,2022,2022-01-27,9461,2022-01-17,0800,014933,,1,1,9,2400,0,1,3,,2,453,"SR-152 W/B","HARMON RD.",0.00,,Y,E,-,Y,MER,,152,,R,38.103,H,,L,Y,2,0,1,2,A,-,09,21802,A,N,D,C,A,B,H,-,A,A,0,,,,Y,Y,,G,25,1,0,0,0,0,0,0,0,0,"- ","- ",37.066009521484375,-120.53923034667969,MERCED,UNINCORPORATED,-120.53923034667969,37.066013336181641
91686493,2022,2022-01-27,9460,2022-01-20,1915,018778,,4,2,9,2400,0,1,3,,2,002,"SR-99 S/B","BUHACH RD",400.00,N,N,A,-,Y,MER,,99,,R,20.623,H,,L,Y,2,0,1,1,A,-,01,23152,A,M,E,J,A,A,D,-,A,A,0,,,,,Y,Y,D,22,1,0,0,0,0,0,0,0,0,"- ","- ",37.334178924560547,-120.57756042480469,MERCED,UNINCORPORATED,-120.57754516601562,37.334205627441406
91689311,2021,2022-01-31,9460,2021-10-17,0421,021468,,7,3,9,2400,0,1,3,,1,142,SR-140,"LINCOLN BLVD",5280.00,E,N,A,-,Y,,,140,,,,,,,Y,1,1,0,2,A,-,05,21202,A,N,C,G,A,A,H,-,D,D,0,,Y,,,Y,,L,04,0,0,0,0,0,1,0,0,0,"- ","- ",37.298820495605469,-120.70590209960938,MERCED,UNINCORPORATED,-120.70590209960938,37.298824310302734
91693109,2022,2022-02-03,9460,2022-01-29,1755,018778,,6,2,9,2400,0,1,3,,1,143,SR-140,"SUTTER ST",88.00,W,N,A,-,Y,MER,,140,,,43.875,H,,R,N,2,0,1,2,A,-,11,21955,,N,G,B,D,A,H,-,C,D,0,Y,,,,Y,Y,N,60,1,0,0,0,1,0,0,0,0,"- ","- ",37.29541015625,-120.32158660888672,MERCED,UNINCORPORATED,-120.32158660888672,37.295368194580078
91696753,2022,2022-02-09,9461,2022-02-06,1855,021056,,7,2,9,2400,0,2,4,,1,115,"HENRY MILLER AVE W/B","CHEROKEE RD",4752.00,E,N,A,-,N,,,,,,,,,,Y,2,0,3,2,A,-,01,23152,A,N,B,C,A,A,H,-,A,D,0,,,,,Y,Y,D,22,1,1,1,0,0,0,0,0,0,"- ","- ",37.100318908691406,-120.96141052246094,MERCED,UNINCORPORATED,-120.96226501464844,37.100330352783203
91707644,2022,2022-02-24,9460,2022-02-11,1307,015305,,5,1,9,2400,0,1,3,,1,590,"STATE ROUTE 59","SNELLING ROAD",1056.00,S,N,A,-,Y,MER,,59,,,32.031,H,,R,Y,2,0,2,1,A,-,08,22107,,N,F,A,A,A,H,-,A,D,0,,,,,Y,,A,07,1,1,0,0,0,0,0,0,0,"- ","- ",37.514888763427734,-120.45661926269531,MERCED,UNINCORPORATED,-120.45659637451172,37.514842987060547
91708208,2022,2022-02-24,9461,2022-02-01,1412,019052,,2,2,9,2400,0,1,1,,2,105,"INTERSTATE 5 NORTHBOUND OFFRAMP","STATE ROUTE 140",0.00,,Y,A,G,Y,,,,,,,,,,Y,1,2,0,2,A,-,09,21802,A,N,D,C,A,A,H,-,A,A,0,,,,Y,Y,,A,01,0,0,0,0,0,0,0,0,0,"- ","- ",37.461158752441406,-121.08657073974609,MERCED,UNINCORPORATED,-120.48873901367188,37.298480987548828