CASE_ID,ACCIDENT_YEAR,PROC_DATE,JURIS,COLLISION_DATE,COLLISION_TIME,OFFICER_ID,REPORTING_DISTRICT,DAY_OF_WEEK,CHP_SHIFT,POPULATION,CNTY_CITY_LOC,SPECIAL_COND,BEAT_TYPE,CHP_BEAT_TYPE,CITY_DIVISION_LAPD,CHP_BEAT_CLASS,BEAT_NUMBER,PRIMARY_RD,SECONDARY_RD,DISTANCE,DIRECTION,INTERSECTION,WEATHER_1,WEATHER_2,STATE_HWY_IND,CALTRANS_COUNTY,CALTRANS_DISTRICT,STATE_ROUTE,ROUTE_SUFFIX,POSTMILE_PREFIX,POSTMILE,LOCATION_TYPE,RAMP_INTERSECTION,SIDE_OF_HWY,TOW_AWAY,COLLISION_SEVERITY,NUMBER_KILLED,NUMBER_INJURED,PARTY_COUNT,PRIMARY_COLL_FACTOR,PCF_CODE_OF_VIOL,PCF_VIOL_CATEGORY,PCF_VIOLATION,PCF_VIOL_SUBSECTION,HIT_AND_RUN,TYPE_OF_COLLISION,MVIW,PED_ACTION,ROAD_SURFACE,ROAD_COND_1,ROAD_COND_2,LIGHTING,CONTROL_DEVICE,CHP_ROAD_TYPE,PEDESTRIAN_ACCIDENT,BICYCLE_ACCIDENT,MOTORCYCLE_ACCIDENT,TRUCK_ACCIDENT,NOT_PRIVATE_PROPERTY,ALCOHOL_INVOLVED,STWD_VEHTYPE_AT_FAULT,CHP_VEHTYPE_AT_FAULT,COUNT_SEVERE_INJ,COUNT_VISIBLE_INJ,COUNT_COMPLAINT_PAIN,COUNT_PED_KILLED,COUNT_PED_INJURED,COUNT_BICYCLIST_KILLED,COUNT_BICYCLIST_INJURED,COUNT_MC_KILLED,COUNT_MC_INJURED,PRIMARY_RAMP,SECONDARY_RAMP,LATITUDE,LONGITUDE,COUNTY,CITY,POINT_X,POINT_Y
91712388,2022,2022-03-01,9461,2022-02-21,1821,021832,,1,2,9,2400,0,2,4,,1,110,"COTTONWOOD ROAD","INGOMAR ROAD",300.00,W,N,A,-,N,,,,,,,,,,Y,2,0,1,1,A,-,08,22107,,N,F,I,A,A,H,-,D,D,0,,,Y,,Y,,-,"- ",1,0,0,0,0,0,0,0,1,"- ","- ",37.187370300292969,-120.97219848632812,MERCED,UNINCORPORATED,-120.97259521484375,37.187404632568359
91717025,2022,2022-03-07,9461,2022-03-04,1500,017329,,5,2,9,2400,0,3,5,,2,040,"RIVERSIDE CANAL","INDIANA RD",2640.00,E,N,B,-,N,,,,,,,,,,Y,2,0,1,1,A,-,03,22350,,N,E,I,A,A,B,-,A,D,0,,,,,Y,,A,01,1,0,0,0,0,0,0,0,0,"- ","- ",37.109470367431641,-120.59163665771484,MERCED,UNINCORPORATED,,
91720063,2022,2022-03-10,9460,2022-03-03,1930,021468,,4,2,9,2400,0,1,3,,2,001,"SR-99 N/B","WINTON PKWY",2640.00,S,N,B,-,Y,MER,,99,,R,29.869,H,,R,Y,2,0,1,2,A,-,03,22350,,N,C,C,A,A,D,-,D,D,0,,,,,Y,,A,01,1,0,0,0,0,0,0,0,0,"- ","- ",37.388980865478516,-120.72815704345703,MERCED,UNINCORPORATED,-120.72815704345703,37.388954162597656
91722043,2022,2022-03-14,9461,2022-03-05,1245,017329,,6,1,9,2400,0,1,3,,2,453,"SR-152 W/B",SR-33,311.50,E,N,B,-,Y,MER,,152,,R,32.438,H,,L,Y,2,0,4,1,A,-,08,22107,,N,E,8,A,A,H,-,A,D,0,,,,,Y,,A,08,2,2,0,0,0,0,0,0,0,"- ","- ",37.050319671630859,-120.63436126708984,MERCED,UNINCORPORATED,-120.63433837890625,37.050384521484375
91723479,2022,2022-03-15,9460,2022-03-10,0750,015305,,4,1,9,2400,0,1,3,,2,002,"STATE ROUTE 99 (SOUTHBOUND)","E. ATWATER BLVD.",251.00,S,N,A,-,Y,MER,,99,,,21.525,H,,R,Y,2,0,1,3,A,-,03,22350,,N,C,C,A,A,D,-,A,D,0,,,,Y,Y,,G,25,1,0,0,0,0,0,0,0,0,"- ","- ",37.340328216552734,-120.59230041503906,MERCED,UNINCORPORATED,-120.59230041503906,37.340465545654297
91727779,2022,2022-03-21,9460,2022-03-11,1431,019918,,5,2,9,2400,0,2,4,,1,041,"SANTA FE DRIVE","BUSINESS PARKWAY",1056.00,E,N,A,-,N,,,,,,,,,,Y,2,0,4,3,A,-,01,23152,A,N,A,C,A,A,H,-,A,D,0,,,,,Y,Y,A,01,1,3,0,0,0,0,0,0,0,"- ","- ",37.327259063720703,-120.51953125,MERCED,UNINCORPORATED,-120.5189208984375,37.326866149902344
91727825,2022,2022-03-21,9461,2022-03-14,0545,020486,,1,3,9,2400,0,3,5,,2,010,"FAHEY ROAD","CHEROKEE ROAD",1584.00,E,N,A,-,N,,,,,,,,,,Y,2,0,2,1,C,-,18,,,N,E,H,A,A,H,-,D,D,0,,,,,Y,,-,"- ",1,0,1,0,0,0,0,0,0,"- ","- ",37.122249603271484,-120.97054290771484,MERCED,UNINCORPORATED,-120.97269439697266,37.122146606445312
9172959,2022,2022-09-23,2405,2022-02-26,1115,PD59,3,6,5,3,2405,0,0,0,,0,0B3,"W PACHECO BL","I ST",1071.00,W,N,A,-,Y,MER,10,152,-,-,19.420,H,-,W,Y,2,0,1,2,A,-,03,22350,,N,B,C,A,A,H,-,A,D,0,,,Y,,Y,,C,02,1,0,0,0,0,0,0,0,1,"- ","- ",37.056529998779297,-120.86968994140625,MERCED,"LOS BANOS",-120.86904144287109,37.056854248046875
91734916,2022,2022-03-28,9461,2022-03-19,0036,021832,,6,3,9,2400,0,3,5,,2,040,"SAND SLOUGH ROAD","TURNER ISLAND ROAD",500.00,W,N,A,-,N,,,,,,,,,,Y,2,0,1,1,A,-,01,23152,A,N,E,I,A,A,H,-,D,D,0,,,,,Y,Y,A,01,1,0,0,0,0,0,0,0,0,"- ","- ",37.171531677246094,-120.70133972167969,MERCED,UNINCORPORATED,-120.70107269287109,37.171798706054688
91735167,2022,2022-03-28,9460,2022-03-20,1730,018778,,7,2,9,2400,0,1,3,,1,590,SR-59,"MONTGOMERY ST",135.00,S,N,A,-,Y,MER,,59,,,32.969,H,,R,Y,2,0,1,2,A,-,01,23152,A,M,D,C,A,A,H,-,A,D,0,,,Y,,Y,Y,C,02,1,0,0,0,0,0,0,0,1,"- ","- ",37.518909454345703,-120.44065856933594,MERCED,UNINCORPORATED,-120.44065856933594,37.518917083740234
91735268,2022,2022-03-28,9461,2022-03-21,0747,014933,,1,1,9,2400,0,1,3,,1,503,"TURNER ISLAND RD.","SHELL AVE.",2640.00,S,N,A,-,N,,,,,,,,,,Y,2,0,2,2,A,-,05,21650,,N,A,C,A,A,H,-,A,D,0,,,,,Y,,A,07,2,0,0,0,0,0,0,0,0,"- ","- ",37.075950622558594,-120.70793151855469,MERCED,UNINCORPORATED,-120.70791625976562,37.076313018798828
91735345,2022,2022-03-28,9460,2022-03-19,0135,021150,,6,3,9,2400,0,2,4,,1,041,"SANTA FE DRIVE","FRANKLIN ROAD",0.00,,Y,A,-,N,,,,,,,,,,Y,2,0,2,2,B,-,22,,,N,D,C,A,A,H,-,C,A,0,,,,,Y,,J,48,1,1,0,0,0,0,0,0,0,"- ","- ",37.34027099609375,-120.54038238525391,MERCED,UNINCORPORATED,-120.54036712646484,37.340305328369141
91735956,2022,2022-03-29,9460,2022-03-20,2203,021511,,7,3,9,2400,0,1,3,,2,003,"SR-99 S/B","CHILDS AVENUE",689.00,N,N,A,-,Y,MER,,99,,,13.258,H,,L,N,2,0,2,3,A,-,11,21954,A,N,G,B,D,A,H,-,D,D,0,Y,,,,Y,,N,60,1,0,1,0,1,0,0,0,0,"- ","- ",37.289779663085938,-120.459228515625,MERCED,UNINCORPORATED,-120.45912933349609,37.289905548095703
91737917,2022,2022-03-31,9461,2022-03-21,0910,014933,,1,1,9,2400,0,1,3,,1,452,"SR-152 W/B","DELTA RD.",0.00,,Y,A,-,Y,MER,,152,,,25.318,H,,L,Y,2,0,4,2,A,-,09,21802,A,N,D,C,A,A,H,-,A,A,0,,,,,Y,,D,22,1,3,0,0,0,0,0,0,0,"- ","- ",37.055610656738281,-120.76222229003906,MERCED,UNINCORPORATED,-120.76222229003906,37.055633544921875
91738315,2022,2022-03-31,9461,2022-03-25,2208,021832,,5,3,9,2400,0,1,1,,2,105,I-5,"COTTONWOOD ROAD",5808.00,S,N,A,-,Y,MER,,5,,,27.133,H,,R,N,2,0,1,3,C,-,18,,,N,B,C,A,A,H,-,D,D,0,,,Y,,Y,,-,"- ",1,0,0,0,0,0,0,0,1,"- ","- ",37.173839569091797,-121.06101989746094,MERCED,UNINCORPORATED,-121.06076049804688,37.173946380615234
91740112,2022,2022-04-04,9460,2022-03-12,1900,019806,,6,2,9,2400,0,1,3,,1,591,SR-59,"CONE AVE",10.00,S,N,A,-,Y,MER,,59,,,13.894,H,,R,N,2,0,1,2,A,-,11,21954,A,F,G,B,D,A,H,-,C,D,0,Y,,,,Y,Y,N,60,1,0,0,0,1,0,0,0,0,"- ","- ",37.284671783447266,-120.48755645751953,MERCED,UNINCORPORATED,-120.487548828125,37.284671783447266
91749241,2022,2022-04-15,9461,2022-03-23,1650,018910,,3,2,9,2400,0,3,5,,2,010,"WHITWORTH ROAD","TAGLIO ROAD",0.00,,Y,A,-,N,,,,,,,,,,Y,1,1,1,2,D,-,00,,,N,D,C,A,A,H,-,A,D,0,,,Y,,Y,,-,"- ",0,1,0,0,0,0,0,1,0,"- ","- ",37.216690063476562,-121.03089141845703,MERCED,UNINCORPORATED,-121.03097534179688,37.216693878173828
91750962,2022,2022-04-19,9460,2022-04-10,1155,018673,,7,1,9,2400,0,1,3,,1,143,SR-140,"CUNNINGHAM RD",0.00,,Y,A,-,Y,MER,,140,,,48.314,H,,R,N,2,0,6,2,A,-,12,22450,A,N,D,2,A,A,H,-,A,A,0,,,,,Y,,A,01,2,3,1,0,0,0,0,0,0,"- ","- ",37.327529907226562,-120.25170135498047,MERCED,UNINCORPORATED,-120.25169372558594,37.327522277832031
91752331,2022,2022-04-20,9461,2022-04-10,0349,021832,,7,3,9,2400,0,1,3,,1,503,"NB I-5","W. HERNDON AVENUE",1056.00,S,N,A,-,Y,FRE,,5,,,64.428,H,,L,Y,2,0,1,1,A,-,08,22107,,N,F,I,A,A,H,-,D,D,0,,,,,Y,,A,07,1,0,0,0,0,0,0,0,0,"- ","- ",36.833049774169922,-120.76236724853516,MERCED,UNINCORPORATED,-120.76230621337891,36.833080291748047
91754706,2022,2023-02-21,9461,2022-03-02,1435,018910,,3,2,9,2400,0,3,5,,2,010,"FAHEY ROAD","CHEROKEE ROAD",149.00,E,N,A,-,N,,,,,,,,,,Y,1,2,0,1,A,-,08,22107,,N,E,I,A,A,H,-,A,D,0,,,,,Y,,A,01,0,0,0,0,0,0,0,0,0,"- ","- ",37.122200012207031,-120.97743988037109,MERCED,UNINCORPORATED,-120.97760772705078,37.122089385986328
91754712,2022,2022-04-22,9461,2022-02-24,0630,020486,,4,1,9,2400,0,1,1,,2,105,"INTERSTATE 5","WHITWORTH ROAD",362.00,N,N,A,-,Y,MER,,5,,,23.906,H,,R,Y,1,1,0,2,A,-,08,22107,,N,C,C,A,A,H,-,B,D,0,,,,Y,Y,,A,01,0,0,0,0,0,0,0,0,0,"- ","- ",37.132709503173828,-121.03382110595703,MERCED,UNINCORPORATED,-121.03382873535156,37.132705688476562
91757925,2022,2022-04-27,9460,2022-04-16,1500,019838,,6,2,9,2400,0,3,5,,2,040,"OLIVE AVENUE","WINTON WAY",1056.00,W,N,A,-,N,,,,,,,,,,N,2,0,1,2,B,-,22,,,N,F,A,A,A,H,-,A,D,0,,,Y,,Y,,-,"- ",1,0,0,0,0,0,0,0,0,"- ","- ",37.396648406982422,-120.61708831787109,MERCED,UNINCORPORATED,-120.61603546142578,37.349227905273438
91763221,2022,2022-05-03,9461,2022-04-09,0144,021832,,6,3,9,2400,0,1,3,,1,152,"SR-152 E/B","ROMERO VISITOR CENTER ACCESS ROAD",0.00,,Y,A,-,Y,MER,,152,,R,7.992,H,,R,N,2,0,1,2,A,-,09,21804,A,F,D,C,A,A,H,-,D,A,0,,,,,Y,Y,-,"- ",1,0,0,0,0,0,0,0,0,"- ","- ",37.083709716796875,-121.10173034667969,MERCED,UNINCORPORATED,-121.10173034667969,37.083717346191406
91773840,2022,2022-05-17,9460,2022-05-08,1459,019838,,7,2,9,2400,0,3,5,,2,030,"CENTRAL AVENUE","WALNUT AVENUE",0.00,,Y,A,-,N,,,,,,,,,,Y,2,0,4,2,A,-,12,22450,A,N,D,C,A,A,H,-,A,A,0,,,,,Y,,D,22,2,1,1,0,0,0,0,0,0,"- ","- ",37.389350891113281,-120.64990234375,MERCED,UNINCORPORATED,-120.64990234375,37.389347076416016
91776798,2022,2022-05-20,9460,2022-05-19,1055,016917,,4,1,9,2400,0,1,3,,1,141,"SR-140 W/B","VAN CLIEF RD",0.00,,Y,A,-,Y,MER,,140,,,17.228,H,,L,Y,2,0,1,2,A,-,03,22350,,N,C,C,A,A,H,-,A,D,0,,,,,Y,,A,01,1,0,0,0,0,0,0,0,0,"- ","- ",37.313018798828125,-120.83303833007812,MERCED,UNINCORPORATED,-120.83303833007812,37.313014984130859
91781718,2022,2022-05-26,9460,2022-05-17,1820,019106,,2,2,9,2400,0,3,5,,2,090,"LONGVIEW AVENUE","GROVE AVENUE",8.00,W,N,A,-,N,,,,,,,,,,Y,2,0,1,1,A,-,08,22107,,N,F,A,A,A,H,-,A,D,0,,,Y,,Y,Y,C,02,1,0,0,0,0,0,0,0,1,"- ","- ",37.353038787841797,-120.64148712158203,MERCED,UNINCORPORATED,-120.64148712158203,37.353050231933594
91785336,2022,2022-05-31,9461,2022-05-27,1638,021312,,5,2,9,2400,0,1,3,,1,103,"SR-33 N/B","HENRY MILLER AVENUE",0.00,,Y,A,-,Y,MER,,33,,R,16.255,H,,R,Y,2,0,2,2,A,-,09,21802,A,N,D,C,A,A,H,-,A,D,0,,,,,Y,,D,22,1,0,1,0,0,0,0,0,0,"- ","- ",37.100639343261719,-121.01582336425781,MERCED,UNINCORPORATED,-121.01577758789062,37.100639343261719
91794176,2022,2022-06-13,9460,2022-06-09,1438,019918,,4,2,9,2400,0,3,5,,2,020,"EL CAPITAN WAY","CORTEZ AVENUE",4224.00,E,N,A,-,N,,,,,,,,,,Y,2,0,1,1,A,-,08,22107,,N,E,I,A,A,H,-,A,D,0,,,,,Y,,D,22,1,0,0,0,0,0,0,0,0,"- ","- ",37.433788299560547,-120.72643280029297,MERCED,UNINCORPORATED,-120.72572326660156,37.433677673339844
91794621,2022,2022-06-14,9460,2022-05-05,1345,019286,,4,1,5,2406,0,1,3,,2,003,"SR-99 N/B","CHILDS AVENUE",1584.00,S,N,A,-,Y,MER,,99,,R,12.603,H,,R,Y,2,0,1,1,A,-,08,22107,,N,E,8,A,A,D,-,A,D,0,,,,Y,Y,,G,27,1,0,0,0,0,0,0,0,0,"- ","- ",37.282848358154297,-120.449951171875,MERCED,MERCED,-120.44998931884766,37.282817840576172
91794664,2022,2022-06-14,9461,2022-06-06,1702,019052,,1,2,9,2400,0,2,4,,1,415,"HENRY MILLER AVE","BAKER RD",5808.00,W,N,A,-,N,,,,,,,,,,Y,2,0,1,1,A,-,01,23152,A,N,F,I,A,A,H,-,A,A,0,,,,,Y,Y,A,01,1,0,0,0,0,0,0,0,0,"- ","- ",37.099311828613281,-120.79588317871094,MERCED,UNINCORPORATED,-120.79521942138672,37.099269866943359
91804302,2022,2022-06-27,9460,2022-06-20,2025,021320,,1,2,9,2400,0,2,4,,1,071,"SANTA FE AVE","DUMP YARD ROAD",26400.00,N,N,A,-,N,,,,,,,,,,N,2,0,1,1,A,-,08,22107,,N,E,I,A,A,H,-,A,D,0,,,,,Y,,A,01,1,0,0,0,0,0,0,0,0,"- ","- ",37.241539001464844,-120.26203918457031,MERCED,UNINCORPORATED,-120.31983184814453,37.287849426269531
91804322,2022,2022-06-27,9461,2022-06-22,1728,021619,,3,2,2,2403,0,1,1,,2,105,"I-5 NORTHBOUND TO SR-140",SR-140,400.00,S,N,A,-,Y,,,,,,,,,,N,2,0,1,2,A,-,08,22107,,N,B,E,A,A,H,-,A,D,0,,,,Y,Y,,A,01,1,0,0,0,0,0,0,0,0,"- ","- ",37.245281219482422,-121.08727264404297,MERCED,GUSTINE,-121.08867645263672,37.246028900146484
91809396,2022,2022-07-18,9461,2022-06-23,1125,020486,,4,1,9,2400,0,1,1,,2,105,"INTERSTATE 5","STATE HIGHWAY 33",300.00,W,N,A,-,Y,MER,,5,,,21.998,H,,R,N,2,0,1,2,A,-,03,22350,,N,G,B,E,A,H,-,A,D,0,Y,,,Y,Y,,F,25,1,0,0,0,1,0,0,0,0,"- ","- ",37.108570098876953,-121.01702880859375,MERCED,UNINCORPORATED,-121.01729583740234,37.108432769775391
91809817,2022,2022-07-04,9461,2022-07-02,2120,018910,,6,2,9,2400,0,1,3,,1,103,"STATE ROUTE 33","HUSMAN ROAD",0.00,,Y,A,-,Y,MER,,33,,,20.434,H,,R,Y,2,0,4,2,A,-,12,22450,A,N,D,C,A,A,H,-,D,A,0,,,Y,,Y,,C,06,3,1,0,0,0,0,0,0,2,"- ","- ",37.158729553222656,-121.01402282714844,MERCED,UNINCORPORATED,-121.01395416259766,37.158729553222656
91810016,2022,2022-07-05,9460,2022-05-31,2025,017343,,2,2,9,2400,0,3,5,,2,050,"MERCED FALLS ROAD",SR-59,6072.00,E,N,A,-,N,,,,,,,,,,Y,1,1,0,2,A,-,01,23152,F,N,A,C,A,A,H,-,A,D,0,,,Y,,Y,,A,07,0,0,0,0,0,0,0,1,0,"- ","- ",37.522239685058594,-120.40841674804688,MERCED,UNINCORPORATED,-120.41668701171875,37.522552490234375
91811498,2022,2022-07-06,9460,2022-06-24,1930,019838,,5,2,9,2400,0,3,5,,2,050,"TURLOCK ROAD","COX FERRY ROAD",5280.00,W,N,A,-,N,,,,,,,,,,Y,2,0,4,1,A,-,01,23152,A,N,F,A,A,A,H,-,A,D,0,,,,,Y,Y,D,22,1,3,0,0,0,0,0,0,0,"- ","- ",37.492290496826172,-120.52361297607422,MERCED,UNINCORPORATED,-120.52097320556641,37.492927551269531
91811576,2022,2022-07-06,9461,2022-06-01,1619,019052,,3,2,9,2400,0,1,3,,1,503,"STATE ROUTE 33","CYPRESS AVENUE",0.00,,Y,A,-,Y,MER,,33,,,3.900,H,,R,Y,1,2,1,1,A,-,01,23152,A,N,E,I,A,A,H,-,A,D,0,,,,,Y,Y,A,01,1,0,0,0,0,0,0,0,0,"- ","- ",37.0252685546875,-120.63552856445312,MERCED,UNINCORPORATED,-120.6356201171875,37.0252685546875
91815350,2022,2022-07-12,9460,2022-07-01,1423,018292,,5,2,9,2400,0,1,3,,1,165,SR-165,"GEER AVENUE",0.00,,Y,A,-,Y,MER,,165,,,32.865,H,,R,Y,2,0,1,2,A,-,09,21801,A,N,D,C,A,A,H,-,A,D,0,,,Y,,Y,,I,09,1,0,0,0,0,0,0,0,1,"- ","- ",37.397018432617188,-120.85024261474609,MERCED,UNINCORPORATED,-120.85021209716797,37.397018432617188
9181698,2020,2020-12-18,2406,2020-10-13,1015,291,3,2,5,5,2406,0,0,0,,0,031,"V ST","WARDROBE AV",0.00,,Y,A,-,N,,,,,,,,,,Y,2,0,4,4,A,-,06,21750,A,N,D,C,F,A,H,-,A,D,0,Y,,,,Y,,J,41,1,2,1,0,1,0,0,0,0,"- ","- ",,,MERCED,MERCED,-120.50502014160156,37.295448303222656
91819246,2022,2022-07-18,9460,2022-07-08,1931,019806,,5,2,9,2400,0,3,5,,2,040,"CALIFORNIA AVE","MYRTLE AVE",0.00,,Y,A,-,N,,,,,,,,,,N,2,0,1,2,A,-,08,22107,,N,A,C,A,A,H,-,A,D,0,,,Y,,Y,,A,01,1,0,0,0,0,0,0,0,1,"- ","- ",37.393028259277344,-120.60887145996094,MERCED,UNINCORPORATED,-120.60884094238281,37.393039703369141
91819784,2022,2022-07-18,9461,2022-07-11,1856,019052,,1,2,9,2400,0,1,3,,1,452,SR-152,"ARROYA AVE",475.00,W,N,A,-,Y,MER,,152,,,30.229,H,,R,Y,2,0,3,2,A,-,01,23152,A,N,C,C,A,A,H,-,A,D,0,,,,,Y,Y,A,07,2,0,1,0,0,0,0,0,0,"- ","- ",37.054111480712891,-120.67343139648438,MERCED,UNINCORPORATED,-120.67343139648438,37.054096221923828
91822302,2022,2022-07-21,9460,2022-07-17,1957,019918,,7,2,9,2400,0,1,3,,2,002,"SR-99 N/B","ATWATER BLVD",500.00,S,N,A,-,Y,MER,,99,,,22.999,H,,R,Y,2,0,1,1,A,-,08,22107,,N,F,A,A,A,H,-,A,D,0,,,Y,,Y,,C,02,1,0,0,0,0,0,0,0,1,"- ","- ",37.346038818359375,-120.61723327636719,MERCED,UNINCORPORATED,-120.61717224121094,37.346141815185547
91823303,2022,2022-07-22,9460,2022-07-12,1920,019838,,2,2,9,2400,0,3,5,,2,080,"GURR ROAD","BAILEY RD",1056.00,S,N,A,-,N,,,,,,,,,,Y,2,0,1,2,A,-,01,23152,A,N,A,C,A,A,H,-,A,D,0,,,,Y,Y,Y,D,22,1,0,0,0,0,0,0,0,0,"- ","- ",37.285209655761719,-120.5670166015625,MERCED,UNINCORPORATED,-120.56100463867188,37.285484313964844
91825878,2022,2022-07-27,9461,2022-07-22,1930,018910,,5,2,9,2400,0,2,4,,1,115,"HENRY MILLER AVENUE","JOHNSON ROAD",211.00,W,N,A,-,N,,,,,,,,,,Y,2,0,1,2,A,-,05,21650,,N,B,C,A,A,H,-,B,D,0,,,,,Y,,A,01,1,0,0,0,0,0,0,0,0,"- ","- ",37.099960327148438,-120.86508178710938,MERCED,UNINCORPORATED,-120.86574554443359,37.099994659423828
91825987,2022,2022-07-27,9461,2022-07-25,2217,021280,,1,3,9,2400,0,1,1,,2,105,"I-5 N/B","DELTA-MENDOTA CANAL",1056.00,N,N,A,-,Y,MER,,5,,,19.685,H,,R,Y,2,0,2,1,A,-,01,23152,A,N,F,A,A,A,H,-,D,D,0,,,,,Y,Y,A,01,2,0,0,0,0,0,0,0,0,"- ","- ",37.080921173095703,-120.992919921875,MERCED,UNINCORPORATED,-120.99298095703125,37.080879211425781
91828911,2022,2022-07-29,9461,2022-07-28,1210,020486,,4,1,9,2400,0,1,3,,1,152,"STATE HIGHWAY 152","BASALT ROAD",1056.00,W,N,A,-,Y,MER,,152,,R,10.707,H,,R,N,2,0,1,1,A,-,08,22107,,N,F,A,A,A,H,-,A,D,0,,,,,Y,,-,"- ",1,0,0,0,0,0,0,0,0,"- ","- ",37.062889099121094,-121.06046295166016,MERCED,UNINCORPORATED,-121.0606689453125,37.062679290771484
91835011,2022,2022-08-08,9460,2022-07-27,2139,021150,,3,2,9,2400,0,1,3,,1,591,SR-165,"BRADBURY RD",1056.00,S,N,A,-,Y,MER,,165,,,36.236,H,,R,Y,2,0,2,2,A,-,21,22106,,N,D,C,A,A,H,-,C,D,0,,,Y,,Y,,D,22,1,1,0,0,0,0,0,0,1,"- ","- ",37.445888519287109,-120.84912872314453,MERCED,UNINCORPORATED,-120.84918975830078,37.445892333984375
91835260,2022,2022-08-08,9460,2022-07-29,1736,018292,,5,2,9,2400,0,3,5,,2,010,"3RD AVE.","MCCULLAGH RD.",0.00,,Y,A,-,N,,,,,,,,,,Y,2,0,3,2,A,-,09,21801,A,N,D,C,A,A,H,-,A,D,0,,,,,Y,,D,22,1,0,2,0,0,0,0,0,0,"- ","- ",37.327800750732422,-120.87838745117188,MERCED,UNINCORPORATED,-120.87837982177734,37.327831268310547
91837077,2022,2022-08-10,9460,2022-08-01,0454,019005,,1,3,9,2400,0,1,3,,1,142,"SR-140 W/B","GURR RD.",0.00,,Y,B,-,Y,MER,,140,,,32.520,H,,L,Y,2,0,2,2,A,-,09,21801,A,N,D,C,A,A,H,-,D,D,0,,,,,Y,Y,A,01,2,0,0,0,0,0,0,0,0,"- ","- ",37.302509307861328,-120.55947875976562,MERCED,UNINCORPORATED,-120.55947875976562,37.302486419677734
91840270,2022,2022-08-15,9460,2022-08-03,1253,015305,,3,1,9,2400,0,2,4,,1,042,"SANTA FE DRIVE","PALM AVE",1150.00,E,N,A,-,N,,,,,,,,,,Y,2,0,1,2,A,-,05,21650,,N,A,C,A,A,H,-,A,D,0,,,,,Y,,D,22,1,0,0,0,0,0,0,0,0,"- ","- ",37.417381286621094,-120.6636962890625,MERCED,UNINCORPORATED,-120.66243743896484,37.416309356689453
91840601,2022,2022-08-15,9460,2022-06-22,1235,016476,,3,1,9,2400,0,3,5,,2,030,"ASHBY ROAD","COOPER AVENUE",0.00,,Y,B,-,N,,,,,,,,,,Y,1,1,2,2,A,-,03,22350,,N,D,C,A,A,H,-,A,A,0,,,,,Y,,A,01,0,2,0,0,0,0,0,0,0,"- ","- ",37.313709259033203,-120.51911926269531,MERCED,UNINCORPORATED,-120.51927185058594,37.313667297363281
91842389,2022,2022-08-17,9461,2022-08-12,2315,021660,,5,3,9,2400,0,1,3,,2,453,"SR-152 E/B","PALM AVE.",528.00,W,N,A,-,Y,MER,,152,,R,33.265,H,,R,Y,2,0,1,1,A,-,08,22107,,N,F,A,A,A,H,-,D,D,0,,,,,Y,,A,01,1,0,0,0,0,0,0,0,0,"- ","- ",37.047660827636719,-120.61966705322266,MERCED,UNINCORPORATED,-120.61967468261719,37.047565460205078
91842709,2022,2022-08-17,9460,2022-08-13,1435,019806,,6,2,9,2400,0,2,4,,1,041,"SANTA FE DR","FRANKLIN RD",335.00,W,N,A,-,N,,,,,,,,,,Y,2,0,6,4,A,-,03,22350,,N,C,C,A,A,H,-,A,A,0,,,,,Y,,A,01,1,0,5,0,0,0,0,0,0,"- ","- ",37.340850830078125,-120.54134368896484,MERCED,UNINCORPORATED,-120.54128265380859,37.340873718261719
91847475,2022,2022-08-24,9460,2022-08-03,2110,019806,,3,2,9,2400,0,1,3,,1,591,SR-59,"MISSION AVENUE",0.00,,Y,A,-,Y,MER,,59,,,13.131,H,,R,Y,1,1,4,2,A,-,12,22450,A,N,D,2,A,A,H,-,D,A,0,,,,,Y,,A,01,0,1,3,0,0,0,0,0,0,"- ","- ",37.273738861083984,-120.48790740966797,MERCED,UNINCORPORATED,-120.48784637451172,37.273738861083984
91848821,2022,2022-08-25,9460,2022-08-04,1840,018292,,4,2,9,2400,0,3,5,,2,010,"RIVER ROAD","BLOW ROAD",1795.00,W,N,A,-,N,,,,,,,,,,Y,1,1,0,1,A,-,01,23152,A,N,E,I,A,A,H,-,A,D,0,,,,,Y,Y,D,22,0,0,0,0,0,0,0,0,0,"- ","- ",37.346401214599609,-120.94754028320312,MERCED,UNINCORPORATED,-120.94809722900391,37.346321105957031