CASE_ID,ACCIDENT_YEAR,PROC_DATE,JURIS,COLLISION_DATE,COLLISION_TIME,OFFICER_ID,REPORTING_DISTRICT,DAY_OF_WEEK,CHP_SHIFT,POPULATION,CNTY_CITY_LOC,SPECIAL_COND,BEAT_TYPE,CHP_BEAT_TYPE,CITY_DIVISION_LAPD,CHP_BEAT_CLASS,BEAT_NUMBER,PRIMARY_RD,SECONDARY_RD,DISTANCE,DIRECTION,INTERSECTION,WEATHER_1,WEATHER_2,STATE_HWY_IND,CALTRANS_COUNTY,CALTRANS_DISTRICT,STATE_ROUTE,ROUTE_SUFFIX,POSTMILE_PREFIX,POSTMILE,LOCATION_TYPE,RAMP_INTERSECTION,SIDE_OF_HWY,TOW_AWAY,COLLISION_SEVERITY,NUMBER_KILLED,NUMBER_INJURED,PARTY_COUNT,PRIMARY_COLL_FACTOR,PCF_CODE_OF_VIOL,PCF_VIOL_CATEGORY,PCF_VIOLATION,PCF_VIOL_SUBSECTION,HIT_AND_RUN,TYPE_OF_COLLISION,MVIW,PED_ACTION,ROAD_SURFACE,ROAD_COND_1,ROAD_COND_2,LIGHTING,CONTROL_DEVICE,CHP_ROAD_TYPE,PEDESTRIAN_ACCIDENT,BICYCLE_ACCIDENT,MOTORCYCLE_ACCIDENT,TRUCK_ACCIDENT,NOT_PRIVATE_PROPERTY,ALCOHOL_INVOLVED,STWD_VEHTYPE_AT_FAULT,CHP_VEHTYPE_AT_FAULT,COUNT_SEVERE_INJ,COUNT_VISIBLE_INJ,COUNT_COMPLAINT_PAIN,COUNT_PED_KILLED,COUNT_PED_INJURED,COUNT_BICYCLIST_KILLED,COUNT_BICYCLIST_INJURED,COUNT_MC_KILLED,COUNT_MC_INJURED,PRIMARY_RAMP,SECONDARY_RAMP,LATITUDE,LONGITUDE,COUNTY,CITY,POINT_X,POINT_Y
9185035,2020,2020-12-31,2406,2020-11-05,1741,256,2,4,5,5,2406,0,0,0,,0,021,"WEST 16TH ST","N ST",10.00,W,N,A,-,N,,,,,,,,,,Y,2,0,1,2,A,-,10,21950,,N,G,B,B,A,H,-,C,D,0,Y,,,,Y,,A,01,1,0,0,0,1,0,0,0,0,"- ","- ",,,MERCED,MERCED,-120.48699188232422,37.301551818847656
9185081,2020,2021-02-02,2406,2020-11-02,1258,129,CENTR,1,5,5,2406,0,0,0,,0,020,"CANAL ST","WEST 14TH ST",15.00,S,N,A,-,N,,,,,,,,,,N,2,0,1,2,A,-,11,21954,A,N,G,B,D,A,H,-,A,A,0,Y,,,,Y,,N,60,1,0,0,0,1,0,0,0,0,"- ","- ",,,MERCED,MERCED,-120.48529815673828,37.2979736328125
91851166,2022,2022-08-29,9461,2022-02-25,1253,014933,,5,1,9,2400,0,1,3,,1,452,"SR-152  (WESTBOUND)","COZZI ROAD",271.00,W,N,A,-,Y,MER,,152,,,29.304,H,,L,Y,1,1,4,2,A,-,03,22350,,N,C,C,A,A,H,-,A,D,0,,,,,Y,,A,07,2,2,0,0,0,0,0,0,0,"- ","- ",37.054599761962891,-120.69020080566406,MERCED,UNINCORPORATED,-120.69020080566406,37.054611206054688
91851965,2022,2022-08-29,9460,2022-08-20,1400,019838,,6,2,9,2400,0,3,5,,2,040,"OAKDALE ROAD","EAST AVENUE",200.00,E,N,A,-,N,,,,,,,,,,N,2,0,1,1,A,-,03,22350,,N,F,A,A,A,B,-,A,D,0,,,Y,,Y,,C,02,1,0,0,0,0,0,0,0,1,"- ","- ",37.491340637207031,-120.65721130371094,MERCED,UNINCORPORATED,-120.65705108642578,37.491172790527344
91853117,2022,2022-08-30,9460,2022-08-20,1345,021320,,6,1,9,2400,0,1,3,,1,165,SR-165,"WILLIAMS AVE.",0.00,,Y,A,-,Y,MER,,165,,,32.370,H,,R,Y,2,0,1,2,A,-,09,21802,A,N,D,C,A,A,H,-,A,A,0,,,,Y,Y,,D,22,1,0,0,0,0,0,0,0,0,"- ","- ",37.389839172363281,-120.85037994384766,MERCED,UNINCORPORATED,-120.85030364990234,37.389839172363281
91853650,2022,2022-08-30,9460,2022-07-15,2150,020840,,5,2,9,2400,0,3,5,,2,010,"RIVER ROAD","BLOW ROAD",1584.00,W,N,A,-,N,,,,,,,,,,N,1,1,0,1,A,-,01,23152,A,N,E,I,A,A,H,-,D,D,0,,,,,Y,Y,-,"- ",0,0,0,0,0,0,0,0,0,"- ","- ",37.346378326416016,-120.94770050048828,MERCED,UNINCORPORATED,-120.94736480712891,37.346321105957031
91857828,2022,2022-09-06,9460,2022-08-30,0836,018966,,2,1,5,2406,0,1,3,,2,003,"SR-99 S/B","O ST",10.00,N,N,A,-,Y,MER,,99,,,15.160,H,,L,Y,2,0,1,2,A,-,08,22107,,N,B,2,A,A,D,-,A,D,0,,,,Y,Y,,G,25,1,0,0,0,0,0,0,0,0,"- ","- ",37.299278259277344,-120.49024200439453,MERCED,MERCED,-120.49024963378906,37.299270629882812
91857948,2022,2022-09-06,9460,2022-08-28,2300,021530,,7,3,9,2400,0,3,5,,2,020,"SANTA FE AVE","LYNWOOD ROAD",2640.00,N,N,A,-,N,,,,,,,,,,Y,2,0,1,1,A,-,08,22107,,N,E,J,A,A,H,-,C,D,0,,,,,Y,,D,22,1,0,0,0,0,0,0,0,0,"- ","- ",37.482231140136719,-120.75160980224609,MERCED,UNINCORPORATED,-120.75090026855469,37.48193359375
91860234,2022,2022-09-08,9461,2022-09-03,1530,021536,,6,2,9,2400,0,1,1,,2,206,"I-5 N/B","LAGUNA SECA CREEK",3700.00,S,N,A,-,Y,MER,,5,,,2.188,H,,R,Y,2,0,1,1,A,-,08,22107,,N,E,I,A,A,H,-,A,D,0,,,,,Y,,D,22,1,0,0,0,0,0,0,0,0,"- ","- ",36.882911682128906,-120.79598236083984,MERCED,UNINCORPORATED,-120.79615020751953,36.882835388183594
91865751,2022,2022-09-15,9461,2022-09-09,1905,018910,,5,2,9,2400,0,1,3,,1,152,"STATE ROUTE 152 WESTBOUND","HILLDALE AVENUE",40.00,E,N,A,-,Y,MER,,152,,,12.281,H,,L,Y,2,0,4,2,A,-,01,23152,A,N,A,C,A,A,H,-,B,D,0,,,,,Y,Y,A,01,4,0,0,0,0,0,0,0,0,"- ","- ",37.056900024414062,-120.99813079833984,MERCED,UNINCORPORATED,-120.99813079833984,37.056968688964844
91871359,2022,2022-09-22,9460,2022-09-15,1939,018778,,4,2,9,2400,0,3,5,,2,070,"HARVEY PETTIT RD","MINTURN RD",6336.00,W,N,A,-,N,,,,,,,,,,Y,2,0,1,1,A,-,08,22107,,N,E,I,A,A,H,-,D,D,0,,,,,Y,,A,01,1,0,0,0,0,0,0,0,0,"- ","- ",37.171108245849609,-120.29582977294922,MERCED,UNINCORPORATED,-120.29625701904297,37.170989990234375
9187163,2020,2021-01-13,2406,2020-10-21,1310,129,SOUTH,3,5,5,2406,0,0,0,,0,030,"WEST CHILDS AV","M ST",0.00,,Y,A,-,N,,,,,,,,,,Y,2,0,3,2,A,-,09,21802,A,N,D,C,A,A,H,-,A,A,0,,,,,Y,,A,01,1,0,2,0,0,0,0,0,0,"- ","- ",,,MERCED,MERCED,-120.49272918701172,37.288249969482422
91874289,2022,2022-09-27,9460,2022-06-21,0410,021530,,2,3,9,2400,0,1,3,,1,591,"SR-59 S/B","FURTADO ROAD",793.00,N,N,A,-,Y,MER,,59,,,5.633,H,,L,Y,1,2,1,4,A,-,05,21460,B,M,A,C,A,A,H,-,D,D,0,,,,Y,Y,,G,25,0,1,0,0,0,0,0,0,0,"- ","- ",37.165481567382812,-120.49183654785156,MERCED,UNINCORPORATED,-120.491943359375,37.165481567382812
91875671,2022,2022-09-28,9460,2022-09-23,1312,015398,,5,1,9,2400,0,2,4,,1,101,"WESTSIDE BLVD.","ROBIN AVE.",390.00,E,N,A,-,N,,,,,,,,,,Y,2,0,1,2,A,-,05,21650,,N,C,C,A,A,H,-,A,D,0,,,,,Y,,A,07,1,0,0,0,0,0,0,0,0,"- ","- ",37.360458374023438,-120.74054718017578,MERCED,UNINCORPORATED,-120.74057006835938,37.360458374023438
91880464,2022,2022-10-03,9461,2022-09-24,1615,021056,,6,2,9,2400,0,3,5,,2,020,"ORTIGALITA RD S/B","PIONEER RD",0.00,,Y,A,-,N,,,,,,,,,,Y,2,0,3,2,A,-,01,23152,F,N,D,C,A,A,H,-,A,A,0,,,,,Y,,A,01,1,0,2,0,0,0,0,0,0,"- ","- ",37.042190551757812,-120.87216949462891,MERCED,UNINCORPORATED,-120.87223052978516,37.042182922363281
91884132,2022,2022-12-05,9461,2022-09-28,0945,020101,,3,1,9,2400,0,1,3,,1,153,"STATE ROUTE 152","VOLTA ROAD",0.00,,Y,A,-,Y,MER,,152,,,16.235,H,,R,Y,1,1,2,2,A,-,09,21802,B,N,D,2,A,A,H,-,A,A,0,,,,,Y,,A,07,0,1,1,0,0,0,0,0,0,"- ","- ",37.056671142578125,-120.92655181884766,MERCED,UNINCORPORATED,-120.92654418945312,37.056465148925781
91887343,2022,2022-10-11,9461,2022-10-09,0250,021785,,7,3,9,2400,0,1,3,,1,465,SR-165,"CORRAL ROAD",5280.00,N,N,A,-,Y,MER,,165,,,17.561,H,,R,Y,2,0,1,1,A,-,08,22107,,N,F,A,A,A,H,-,D,D,0,,,,,Y,,A,08,1,0,0,0,0,0,0,0,0,"- ","- ",37.181171417236328,-120.83467102050781,MERCED,UNINCORPORATED,-120.83467864990234,37.181167602539062
91888768,2022,2022-10-12,9461,2022-10-08,0315,021785,,6,3,9,2400,0,2,4,,1,415,"HENRY MILLER AVENUE","DELTA RD",15.00,W,N,A,-,N,,,,,,,,,,Y,2,0,2,2,A,-,08,22107,,N,B,C,A,A,H,-,D,D,0,,,,,Y,,A,01,1,1,0,0,0,0,0,0,0,"- ","- ",37.098770141601562,-120.76229095458984,MERCED,UNINCORPORATED,-120.76222229003906,37.098739624023438
91889517,2022,2022-10-13,9461,2022-08-26,0516,021660,,5,3,9,2400,0,1,3,,1,153,"STATE ROUTE 152","VOLTA ROAD",0.00,,Y,A,-,Y,MER,,152,,,16.237,H,,R,Y,1,1,0,2,A,-,09,21801,A,N,D,C,A,A,H,-,C,D,0,,,Y,Y,Y,,G,25,0,0,0,0,0,0,0,1,0,"- ","- ",37.056709289550781,-120.92649841308594,MERCED,UNINCORPORATED,-120.92649841308594,37.056465148925781
91891701,2022,2022-10-17,9461,2022-10-09,2225,021660,,7,3,9,2400,0,1,1,,2,205,"I-5 N/B",SR-152,1584.00,S,N,A,-,Y,MER,,5,,,17.218,H,,R,Y,2,0,2,1,A,-,08,22107,,N,E,I,A,A,H,-,D,D,0,,,,,Y,,A,01,1,1,0,0,0,0,0,0,0,"- ","- ",37.052650451660156,-120.96556091308594,MERCED,UNINCORPORATED,-120.96560668945312,37.052623748779297
91892146,2021,2022-10-19,9460,2021-06-25,2140,020156,,5,2,9,2400,0,2,4,,1,041,"SANTA FE DRIVE","SPACEPORT ENTRY",65.00,E,N,A,-,N,,,,,,,,,,Y,1,2,1,2,A,-,01,23152,A,N,C,C,A,A,H,-,C,A,0,,,,,Y,Y,A,01,0,1,0,0,0,0,0,0,0,"- ","- ",37.358768463134766,-120.56993865966797,MERCED,UNINCORPORATED,,
91896039,2022,2022-10-21,9460,2022-10-11,1904,021537,,2,2,9,2400,0,3,5,,2,030,"ASHBY RD","COOPER AVE",1637.00,N,N,A,-,N,,,,,,,,,,N,2,0,1,2,A,-,11,21954,A,N,G,B,E,A,H,-,D,D,0,Y,,,,Y,,N,60,1,0,0,0,1,0,0,0,0,"- ","- ",37.315299987792969,-120.52461242675781,MERCED,UNINCORPORATED,-120.52451324462891,37.315242767333984
91905444,2022,2022-10-31,9460,2022-10-21,1615,021468,,5,2,9,2400,0,3,5,,2,090,"CAMBRIDGE DR","ELLIOTT AVE",55.00,S,N,A,-,N,,,,,,,,,,N,2,0,1,2,A,-,01,23152,A,N,D,G,A,A,H,-,A,D,0,,Y,,,Y,,L,04,1,0,0,0,0,0,1,0,0,"- ","- ",37.32025146484375,-120.58480072021484,MERCED,UNINCORPORATED,-120.58474731445312,37.320247650146484
91911625,2022,2022-11-07,9461,2022-10-30,2045,021056,,7,2,9,2400,0,1,1,,2,206,"I-5 S/B","NEES AVE",14256.00,N,N,A,-,Y,MER,,5,,,2.407,H,,L,Y,2,0,2,2,A,-,01,23152,A,N,B,C,A,A,H,-,D,D,0,,,,,Y,Y,D,22,2,0,0,0,0,0,0,0,0,"- ","- ",36.885608673095703,-120.79834747314453,MERCED,UNINCORPORATED,-120.79843902587891,36.885570526123047
91911791,2022,2022-11-07,9460,2022-11-01,1700,017343,,2,2,9,2400,0,1,3,,1,590,SR-59,"YOUD ROAD",3960.00,S,N,A,-,Y,MER,,59,,,25.836,H,,R,Y,2,0,1,1,A,-,03,22350,,N,E,I,A,B,H,-,A,D,0,,,,,Y,,D,22,1,0,0,0,0,0,0,0,0,"- ","- ",37.4527587890625,-120.49787902832031,MERCED,UNINCORPORATED,-120.49797058105469,37.452816009521484
91917949,2022,2022-11-15,9460,2022-11-06,1229,018922,,7,1,9,2400,0,2,4,,1,041,"SANTA FE DRIVE","AVENUE 2",0.00,,Y,B,-,N,,,,,,,,,,Y,2,0,3,2,A,-,09,21801,A,N,A,C,A,A,H,-,A,D,0,,,,,Y,,A,01,1,1,1,0,0,0,0,0,0,"- ","- ",37.349590301513672,-120.55545043945312,MERCED,UNINCORPORATED,-120.55543518066406,37.349674224853516
9192235,2020,2021-01-26,2405,2020-05-02,1640,PD133,1,6,5,3,2405,0,0,0,,0,0B3,"W PACHECO BL","ARIZONA AV",0.00,,Y,A,-,Y,MER,10,152,-,-,20.028,I,5,W,Y,2,0,1,2,A,-,09,21801,A,N,D,C,A,A,H,-,A,D,0,,,Y,,Y,,A,01,1,0,0,0,0,0,0,0,1,"- ","- ",37.057121276855469,-120.85759735107422,MERCED,"LOS BANOS",-120.85762786865234,37.056880950927734
9192239,2020,2021-01-26,2405,2020-05-14,1700,PD19,2,4,5,3,2405,0,0,0,,0,0B2,"MERCEY SPRINGS RD","G ST",0.00,,-,A,-,Y,MER,10,165,-,-,9.020,I,5,S,Y,2,0,1,2,A,-,08,22107,,N,A,C,A,A,H,-,A,D,0,,,Y,,Y,,C,02,1,0,0,0,0,0,0,0,1,"- ","- ",37.060108184814453,-120.83529663085938,MERCED,"LOS BANOS",-120.83530426025391,37.060153961181641
91925251,2022,2022-11-23,9461,2022-10-26,1918,018910,,3,2,9,2400,0,2,4,,1,115,"HENRY MILLER AVENUE","JOHNSON ROAD",1584.00,E,N,A,-,N,,,,,,,,,,N,1,1,0,2,A,-,05,21202,A,N,C,G,A,A,H,-,D,D,0,,Y,,,Y,,L,04,0,0,0,0,0,1,0,0,0,"- ","- ",37.100028991699219,-120.85894775390625,MERCED,UNINCORPORATED,-120.85958862304688,37.100009918212891
91931332,2022,2023-01-24,9460,2022-11-23,1300,019806,,3,1,9,2400,0,2,4,,1,051,"SNELLING RD","YOUD RD",2112.00,N,N,A,-,N,,,,,,,,,,Y,2,0,1,1,A,-,08,22107,,N,E,I,A,A,H,-,A,D,0,,,,,Y,,A,07,1,0,0,0,0,0,0,0,0,"- ","- ",37.484500885009766,-120.44612121582031,MERCED,UNINCORPORATED,,
91931406,2022,2022-12-01,9460,2022-11-25,0938,018922,,5,1,9,2400,0,3,5,,2,050,"E. NORTH BEAR CREEK DRIVE","MONTANA AVENUE",528.00,E,N,A,-,N,,,,,,,,,,Y,2,0,3,1,A,-,08,22107,,N,E,I,A,A,H,-,A,D,0,,,,,Y,,A,01,1,2,0,0,0,0,0,0,0,"- ","- ",37.307640075683594,-120.45793914794922,MERCED,UNINCORPORATED,-120.45803070068359,37.307647705078125
91934328,2022,2022-12-05,9460,2022-11-23,1639,021468,,3,2,9,2400,0,3,5,,2,040,"SANTA FE DR","OLIVE AVE",0.00,,Y,A,-,N,,,,,,,,,,Y,2,0,3,2,A,-,03,22350,,N,C,C,A,A,H,-,A,D,0,,,,,Y,,A,01,1,2,0,0,0,0,0,0,0,"- ","- ",37.396888732910156,-120.63130950927734,MERCED,UNINCORPORATED,-120.63134002685547,37.396900177001953
91944789,2022,2022-12-16,9461,2022-12-13,2111,018910,,2,2,9,2400,0,1,1,,2,105,"INTERSTATE 5 SOUTHBOUND","CANAL ROAD UNDER-CROSSING (BN 39-165L)",1056.00,S,N,A,-,Y,MER,,5,,,19.818,H,,L,Y,2,0,1,1,A,-,01,23152,A,N,F,A,A,A,H,-,D,D,0,,,,,Y,Y,A,07,1,0,0,0,0,0,0,0,0,"- ","- ",37.082340240478516,-120.99474334716797,MERCED,UNINCORPORATED,-120.99482727050781,37.082286834716797
9194874,2020,2021-01-21,2406,2020-11-16,1150,129,NORTH,1,5,5,2406,0,0,0,,0,011,"LOUGHBOROUGH DR","MEADOWS AV",0.00,,Y,A,-,N,,,,,,,,,,Y,2,0,2,3,A,-,12,22450,A,N,D,C,A,A,H,-,A,A,0,,,,,Y,,A,01,1,0,1,0,0,0,0,0,0,"- ","- ",,,MERCED,MERCED,-120.49031066894531,37.323398590087891
91956488,2022,2022-12-30,9460,2022-12-22,1905,020365,,4,2,9,2400,0,1,3,,2,002,"SR-99 S/B","WESTSIDE BLVD.",5280.00,S,N,A,-,Y,MER,,99,,,24.176,H,,L,Y,2,0,2,3,A,-,03,22350,,M,C,C,A,A,H,-,D,D,0,,,,,Y,,A,01,1,1,0,0,0,0,0,0,0,"- ","- ",37.355289459228516,-120.63472747802734,MERCED,UNINCORPORATED,-120.63473510742188,37.355278015136719
91963807,2022,2023-01-09,9460,2022-12-24,0800,019286,,6,1,9,2400,0,1,3,,1,591,SR-59,"CHAMBERLAIN ROAD",528.00,N,N,E,-,Y,MER,,59,,,5.150,H,,R,Y,2,0,2,2,A,-,03,22350,,N,C,C,A,B,H,-,A,D,0,,,,,Y,,A,01,1,1,0,0,0,0,0,0,0,"- ","- ",37.158588409423828,-120.49196624755859,MERCED,UNINCORPORATED,-120.49197387695312,37.158588409423828
91969130,2022,2023-01-16,9461,2022-11-23,1555,021056,,3,2,9,2400,0,1,3,,1,265,"STATE ROUTE 165","MERVEL AVENUE",528.00,S,N,A,-,Y,MER,,165,,,2.716,H,,R,Y,1,1,0,2,A,-,03,22350,,N,C,C,A,A,H,-,A,D,0,,,Y,,Y,,C,02,0,0,0,0,0,0,0,1,0,"- ","- ",36.968948364257812,-120.83751678466797,MERCED,UNINCORPORATED,-120.83753204345703,36.968948364257812
91970045,2022,2023-01-17,9461,2022-11-01,1305,017329,,2,1,9,2400,0,1,3,,1,103,"STATE ROUTE 33","INTERSTATE 5 NORTHBOUND TO STATE ROUTE 33 OFF RAMP",110.00,S,N,B,-,Y,MER,,33,,,16.769,H,,R,N,1,1,0,2,A,-,11,21954,A,N,G,B,F,A,H,-,A,A,0,Y,,,Y,Y,Y,N,60,0,0,0,1,0,0,0,0,0,"- ","- ",37.108139038085938,-121.01570892333984,MERCED,UNINCORPORATED,-121.01573181152344,37.108139038085938
91970232,2022,2023-02-28,9461,2022-10-15,2340,021660,,6,3,9,2400,0,2,4,,1,115,"HENRY MILLER AVENUE","CHEROKEE ROAD",2640.00,E,N,A,-,N,,,,,,,,,,Y,1,1,0,2,A,-,08,22107,,N,D,C,A,A,H,-,E,D,0,,,,Y,Y,,G,25,0,0,0,0,0,0,0,0,0,"- ","- ",37.100399017333984,-120.96772766113281,MERCED,UNINCORPORATED,-120.96950531005859,37.100376129150391
91971156,2023,2023-01-18,9460,2023-01-05,1400,017343,,4,2,9,2400,0,3,5,,2,090,"ROSE AVENUE","HULL ROAD",0.00,,Y,C,-,N,,,,,,,,,,Y,2,0,2,2,A,-,12,22450,A,N,D,C,A,B,H,-,A,A,0,,,,,Y,,D,22,1,1,0,0,0,0,0,0,0,"- ","- ",37.32379150390625,-120.62380981445312,MERCED,UNINCORPORATED,-120.62381744384766,37.323810577392578
91976057,2021,2023-01-24,9460,2021-11-19,0450,020099,,5,3,9,2400,0,1,3,,1,591,"STATE ROUTE 59","MCNAMARA ROAD",5280.00,N,N,E,-,Y,,,59,,,,,,,N,1,1,0,3,A,-,03,22350,,F,C,2,A,B,H,-,D,D,0,,,,,Y,Y,A,01,0,0,0,0,0,0,0,0,0,"- ","- ",37.240871429443359,-120.48802185058594,MERCED,UNINCORPORATED,-120.48804473876953,37.240871429443359
91982068,2023,2023-01-30,9460,2023-01-27,"709 ",015398,,5,1,9,2400,0,2,4,,1,101,"WESTSIDE BLVD.",SR-165,0.00,,Y,E,-,N,,,,,,,,,,N,2,0,1,1,A,-,12,22450,A,N,E,I,A,B,H,-,D,A,0,,,,,Y,Y,D,22,1,0,0,0,0,0,0,0,0,"- ","- ",37.360469818115234,-120.84873962402344,MERCED,UNINCORPORATED,-120.84867095947266,37.360450744628906
91989789,2022,2023-02-08,9461,2022-11-19,2215,021854,,6,3,9,2400,0,3,5,,2,010,"BADGER FLAT ROAD","STATE ROUTE- 152 (PACHECO BOULEVARD)",1584.00,N,N,A,-,N,,,,,,,,,,Y,1,1,0,1,A,-,08,22107,,N,E,I,A,A,H,-,D,D,0,,,,,Y,,A,01,0,0,0,0,0,0,0,0,0,"- ","- ",37.061988830566406,-120.87776184082031,MERCED,UNINCORPORATED,-120.87841796875,37.056770324707031
91991113,2023,2023-02-09,9460,2023-01-19,1039,018922,,4,1,9,2400,0,3,5,,2,080,"GURR ROAD","SHIPPEE ROAD",1742.00,S,N,B,-,N,,,,,,,,,,Y,1,1,1,2,A,-,05,21650,,N,B,C,A,A,H,-,A,D,0,,,,,Y,,A,01,0,0,1,0,0,0,0,0,0,"- ","- ",37.225330352783203,-120.56063842773438,MERCED,UNINCORPORATED,-120.56066131591797,37.224815368652344
91999204,2023,2023-02-21,9461,2023-02-15,1509,021811,,3,2,9,2400,0,1,3,,1,152,"SR-152 E/B","DINOSAUR POINT ROAD",5280.00,E,N,A,-,Y,MER,,152," ",R,0.663,H,,R,Y,2,0,2,1,A,-,01,23152,A,N,E,I,A,A,H,-,A,D,0,,,,,Y,Y,A,07,1,0,1,0,0,0,0,0,0,"- ","- ",37.075958251953125,-121.20847320556641,MERCED,UNINCORPORATED,-121.20843505859375,37.075931549072266
92003745,2023,2023-02-27,9460,2023-02-18,2235,021704,,6,3,9,2400,0,3,5,,2,010,"COLUMBUS AVE","AUGUST AVE",340.00,N,N,A,-,N,,,,,,,,,,Y,2,0,3,1,A,-,08,22107,,N,E,I,A,A,H,-,D,D,0,,,,,Y,,A,07,1,1,1,0,0,0,0,0,0,"- ","- ",37.419811248779297,-120.86811065673828,MERCED,UNINCORPORATED,-120.86815643310547,37.419822692871094
92016614,2023,2023-03-13,9460,2023-02-10,2005,021320,,5,2,9,2400,0,3,5,,2,030,"OLIVE AVENUE","VINE AVENUE",528.00,S,N,A,-,N,,,,,,,,,,Y,1,1,1,2,A,-,11,21954,A,N,G,B,D,A,H,-,D,D,0,Y,,,,Y,,N,60,0,1,0,1,0,0,0,0,0,"- ","- ",37.354900360107422,-120.63024139404297,MERCED,UNINCORPORATED,-120.63169097900391,37.396591186523438
92017364,2023,2023-03-14,9460,2023-03-03,1930,018778,,5,2,9,2400,0,1,3,,1,591,SR-59,"DICKENSON FERRY RD",0.00,,Y,A,-,Y,MER,,59," "," ",13.129,H,,R,Y,2,0,6,2,A,-,12,22450,A,N,D,C,A,A,H,-,D,A,0,,,,,Y,,A,07,3,2,1,0,0,0,0,0,0,"- ","- ",37.273708343505859,-120.48790740966797,MERCED,UNINCORPORATED,-120.48784637451172,37.273712158203125
92018920,2023,2023-03-15,9460,2023-03-12,"316 ",021474,,7,3,9,2400,0,2,4,,1,071,"SR-99 S/B","MISSION AVE",3590.00,S,N,A,-,Y,MER,,99," ",R,11.032,H,,L,Y,2,0,1,2,A,-,00,21960,A,N,B,B,E,A,H,-,D,D,0,Y,,,,Y,,N,60,1,0,0,0,1,0,0,0,0,"- ","- ",37.266639709472656,-120.43051910400391,MERCED,UNINCORPORATED,-120.43050384521484,37.266651153564453
92022796,2023,2023-03-20,9460,2023-03-11,1730,019530,,6,2,9,2400,0,2,4,,1,041,"SANTA FE DR","BEACHWOOD DR",1109.00,S,N,B,-,N,,,,,,,,,,N,2,0,1,1,A,-,03,22350,,N,F,A,A,B,H,-,A,D,0,,,Y,,Y,,C,02,1,0,0,0,0,0,0,0,1,"- ","- ",37.330360412597656,-120.52454376220703,MERCED,UNINCORPORATED,-120.52462005615234,37.330413818359375
9203204,2020,2021-01-05,2405,2020-05-09,2015,PD47,5,6,5,3,2405,0,0,0,,0,B41,"BIRCHWOOD AV","PINEWOOD CT",22.00,W,N,A,-,N,,,,,,,,,,N,2,0,1,2,A,-,03,22350,,N,D,C,A,A,H,-,B,A,0,,,Y,,Y,,C,02,1,0,0,0,0,0,0,0,1,"- ","- ",37.07904052734375,-120.84610748291016,MERCED,"LOS BANOS",-120.84619903564453,37.079029083251953
9203205,2020,2021-01-05,2405,2020-05-11,1318,PD21,2,1,5,3,2405,0,0,0,,0,0B2,"7TH ST","I ST",158.00,N,N,A,-,N,,,,,,,,,,Y,2,0,1,2,A,-,"- ",,,N,H,G,A,A,H,-,A,D,0,,Y,,,Y,,L,04,1,0,0,0,0,0,1,0,0,"- ","- ",37.060970306396484,-120.84562683105469,MERCED,"LOS BANOS",-120.84620666503906,37.060646057128906
9203351,2020,2021-01-12,2406,2020-11-07,1804,270,1,6,5,5,2406,0,0,0,,0,011,"WEST 16TH ST","ASHBY RD",0.00,,Y,A,-,N,,,,,,,,,,N,2,0,3,2,A,-,09,21802,A,N,D,C,A,A,H,-,C,D,0,,,,,Y,,A,01,1,1,1,0,0,0,0,0,0,"- ","- ",,,MERCED,MERCED,-120.50972747802734,37.309349060058594
92047723,2023,2023-04-18,9460,2023-04-13,1558,020365,,4,2,9,2400,0,1,3,,1,142,SR-140,"QUINLEY AVE",1471.00,E,N,A,-,Y,MER,,140," "," ",30.717,H,,R,Y,2,0,2,1,A,-,08,22107,,N,E,8,A,A,H,-,A,D,0,,,,,Y,,A,07,2,0,0,0,0,0,0,0,0,"- ","- ",37.302101135253906,-120.59194946289062,MERCED,UNINCORPORATED,-120.59194946289062,37.302169799804688
92047908,2023,2023-04-18,9460,2023-04-14,1550,019838,,5,2,9,2400,0,1,3,,1,591,SR-59,"RAHILLY ROAD",0.00,,Y,A,-,N,,,,,,,,,,Y,2,0,2,2,A,-,09,21802,A,N,D,C,A,A,H,-,A,D,0,,,,,Y,,A,01,1,1,0,0,0,0,0,0,0,"- ","- ",37.2147216796875,-120.48800659179688,MERCED,UNINCORPORATED,-120.48800659179688,37.2147216796875
92053191,2023,2023-04-25,9460,2023-04-15,1229,019530,,6,1,3,2401,0,1,3,,2,002,"SR99 NORTHBOUND","N APPLEGATE ROAD",2429.00,S,N,A,-,Y,MER,,99," "," ",22.300,H,,R,Y,2,0,3,3,A,-,03,22350,,N,C,C,A,A,H,-,A,D,0,,,Y,,Y,,C,02,1,2,0,0,0,0,0,0,3,"- ","- ",37.342071533203125,-120.60574340820312,MERCED,ATWATER,-120.60578918457031,37.341983795166016