CASE_ID,ACCIDENT_YEAR,PROC_DATE,JURIS,COLLISION_DATE,COLLISION_TIME,OFFICER_ID,REPORTING_DISTRICT,DAY_OF_WEEK,CHP_SHIFT,POPULATION,CNTY_CITY_LOC,SPECIAL_COND,BEAT_TYPE,CHP_BEAT_TYPE,CITY_DIVISION_LAPD,CHP_BEAT_CLASS,BEAT_NUMBER,PRIMARY_RD,SECONDARY_RD,DISTANCE,DIRECTION,INTERSECTION,WEATHER_1,WEATHER_2,STATE_HWY_IND,CALTRANS_COUNTY,CALTRANS_DISTRICT,STATE_ROUTE,ROUTE_SUFFIX,POSTMILE_PREFIX,POSTMILE,LOCATION_TYPE,RAMP_INTERSECTION,SIDE_OF_HWY,TOW_AWAY,COLLISION_SEVERITY,NUMBER_KILLED,NUMBER_INJURED,PARTY_COUNT,PRIMARY_COLL_FACTOR,PCF_CODE_OF_VIOL,PCF_VIOL_CATEGORY,PCF_VIOLATION,PCF_VIOL_SUBSECTION,HIT_AND_RUN,TYPE_OF_COLLISION,MVIW,PED_ACTION,ROAD_SURFACE,ROAD_COND_1,ROAD_COND_2,LIGHTING,CONTROL_DEVICE,CHP_ROAD_TYPE,PEDESTRIAN_ACCIDENT,BICYCLE_ACCIDENT,MOTORCYCLE_ACCIDENT,TRUCK_ACCIDENT,NOT_PRIVATE_PROPERTY,ALCOHOL_INVOLVED,STWD_VEHTYPE_AT_FAULT,CHP_VEHTYPE_AT_FAULT,COUNT_SEVERE_INJ,COUNT_VISIBLE_INJ,COUNT_COMPLAINT_PAIN,COUNT_PED_KILLED,COUNT_PED_INJURED,COUNT_BICYCLIST_KILLED,COUNT_BICYCLIST_INJURED,COUNT_MC_KILLED,COUNT_MC_INJURED,PRIMARY_RAMP,SECONDARY_RAMP,LATITUDE,LONGITUDE,COUNTY,CITY,POINT_X,POINT_Y
92056722,2023,2023-04-28,9461,2023-04-19,2155,021811,,3,2,9,2400,0,1,3,,1,141,SR-140,"SAN JUAQUIN RIVER",528.00,W,N,A,-,Y,MER,,140," "," ",11.689,H,,R,N,2,0,1,2,A,-,11,21954,A,N,G,B,E,A,H,-,D,D,0,Y,,,,Y,,N,60,1,0,0,0,1,0,0,0,0,"- ","- ",37.308650970458984,-120.93212890625,MERCED,UNINCORPORATED,-120.93216705322266,37.308673858642578
92058993,2023,2023-05-02,9460,2023-04-23,"620 ",018422,,7,1,9,2400,0,2,4,,1,041,"SANTA FE DR.","FRANKLIN RD.",792.00,W,N,A,-,N,,,,,,,,,,N,2,0,1,1,C,-,18,,,N,F,A,A,A,H,-,A,D,0,,Y,,,Y,,-,"- ",1,0,0,0,0,0,1,0,0,"- ","- ",37.341621398925781,-120.54271697998047,MERCED,UNINCORPORATED,-120.54251861572266,37.341648101806641
92060166,2023,2023-05-03,9460,2023-04-26,1855,018603,,3,2,9,2400,0,3,5,,2,020,"LETTEAU AVE","JENNIFER CT",130.00,E,N,A,-,N,,,,,,,,,,Y,2,0,3,2,A,-,03,22350,,N,C,C,A,A,H,-,A,A,0,,,,,Y,,A,07,1,0,2,0,0,0,0,0,0,"- ","- ",37.434028625488281,-120.78456878662109,MERCED,UNINCORPORATED,-120.78445434570312,37.434055328369141
9206193,2021,2021-10-07,2405,2021-01-15,0540,PD36,3,5,5,3,2405,0,0,0,,0,0B3,"WEST I ST","PACHECO BL",239.00,S,N,A,-,N,,,,,,,,,,N,2,0,1,2,A,-,11,21954,A,N,G,B,D,A,H,-,C,A,0,Y,,,,Y,,N,60,1,0,0,0,1,0,0,0,0,"- ","- ",37.056880950927734,-120.86528778076172,MERCED,"LOS BANOS",-120.8656005859375,37.056293487548828
92062160,2023,2023-05-05,9460,2023-04-28,2320,021662,,5,3,9,2400,0,3,5,,2,040,"OAKDALE ROAD","BUHACH RD",260.00,S,N,A,-,N,,,,,,,,,,Y,2,0,1,1,A,-,01,23152,A,N,E,I,A,A,H,-,D,D,0,,,,,Y,Y,A,01,1,0,0,0,0,0,0,0,0,"- ","- ",37.439910888671875,-120.5750732421875,MERCED,UNINCORPORATED,-120.57584381103516,37.439830780029297
92062689,2023,2023-05-05,9461,2023-04-27,1823,017029,,4,2,9,2400,0,3,5,,2,020,"SUNSET AVE.","ORTIGALITA RD",1056.00,W,N,A,-,N,,,,,,,,,,Y,2,0,1,1,A,-,01,23152,A,N,F,A,A,A,H,-,A,D,0,,,,,Y,Y,A,07,1,0,0,0,0,0,0,0,0,"- ","- ",37.027660369873047,-120.87624359130859,MERCED,UNINCORPORATED,-120.87626647949219,37.027606964111328
92064177,2023,2023-05-08,9460,2023-04-27,1820,018603,,4,2,9,2400,0,3,5,,2,020,"EAST AVE","NEWPORT RD",0.00,,Y,A,-,N,,,,,,,,,,Y,2,0,3,2,A,-,05,21752,D,N,D,C,A,A,H,-,A,D,0,,,Y,,Y,,C,02,2,0,1,0,0,0,0,0,2,"- ","- ",37.491939544677734,-120.70297241210938,MERCED,UNINCORPORATED,-120.70307922363281,37.491893768310547
9206780,2020,2021-02-22,2406,2020-11-22,0047,252,2,7,5,5,2406,0,0,0,,0,020,"MOTEL DR","PINE ST",156.00,S,N,A,-,N,,,,,,,,,,Y,2,0,2,1,A,-,03,22350,,N,E,I,A,A,H,-,C,A,0,,,,,Y,,A,01,1,0,1,0,0,0,0,0,0,"- ","- ",,,MERCED,MERCED,-120.46482849121094,37.293331146240234
92073737,2023,2023-06-29,9461,2023-05-10,"955 ",020101,,3,1,9,2400,0,2,4,,1,115,"HENRY MILLER AVE.","CHEROKEE RD.",2640.00,E,N,A,-,N,,,,,,,,,,Y,2,0,1,1,A,-,08,22107,,N,B,I,A,A,H,-,A,D,0,,,,,Y,,A,01,1,0,0,0,0,0,0,0,0,"- ","- ",37.100288391113281,-120.96726989746094,MERCED,UNINCORPORATED,-120.96950531005859,37.100376129150391
92076296,2023,2023-06-12,9461,2023-05-12,"345 ",021536,,5,3,9,2400,0,1,3,,1,152,"E/B SR-152","UPPER COTTONWOOD CREEK",0.00,,Y,A,-,Y,MER,,152," ",R,2.478,H,,R,Y,2,0,2,2,A,-,09,21801,A,N,D,D,A,A,H,-,D,D,0,,,,,Y,Y,D,22,2,0,0,0,0,0,0,0,0,"- ","- ",37.085311889648438,-121.18013000488281,MERCED,UNINCORPORATED,-121.18012237548828,37.085285186767578
9207971,2020,2021-01-26,2405,2020-03-24,1146,PD16,2,2,5,3,2405,0,0,0,,0,0B2,"PARK WARREN DR","CANAL FARM LN",0.00,,Y,A,-,N,,,,,,,,,,Y,2,0,1,1,A,-,03,22350,,N,E,I,A,A,H,-,A,B,0,,,Y,,Y,,-,"- ",1,0,0,0,0,0,0,0,1,"- ","- ",37.058559417724609,-120.82219696044922,MERCED,"LOS BANOS",-120.82228088378906,37.058788299560547
92082684,2023,2023-05-31,9460,2023-05-19,1010,018869,,5,1,9,2400,0,3,5,,2,050,"HORNITOS ROAD","MERCED FALLS ROAD",700.00,E,N,A,-,N,,,,,,,,,,Y,2,0,1,1,A,-,08,22107,,N,F,A,A,A,H,-,A,D,0,,,Y,,Y,,C,02,1,0,0,0,0,0,0,0,1,"- ","- ",37.525390625,-120.32733917236328,MERCED,UNINCORPORATED,-120.32731628417969,37.525371551513672
92086910,2023,2023-06-06,9461,2023-06-03,"645 ",017329,,6,1,9,2400,0,1,3,,2,453,"SR-152 E/B","INDIANA AVE.",0.00,,Y,A,-,Y,MER,,152," ",R,34.641,H,,R,Y,2,0,3,2,A,-,09,21802,A,N,D,C,A,A,H,-,A,A,0,,,,,Y,,A,01,1,2,0,0,0,0,0,0,0,"- ","- ",37.047611236572266,-120.5947265625,MERCED,UNINCORPORATED,-120.59473419189453,37.047622680664062
92088477,2023,2023-06-07,9460,2023-06-02,2107,021320,,5,2,9,2400,0,3,5,,2,020,SR-165,"RIVER ROAD",0.20,N,N,A,-,Y,MER,,165," "," ",30.570,H,,R,Y,2,0,1,2,A,-,03,22350,,N,A,C,A,A,H,-,D,D,0,,,,Y,Y,,G,25,1,0,0,0,0,0,0,0,0,"- ","- ",37.364818572998047,-120.85424041748047,MERCED,UNINCORPORATED,-120.85424041748047,37.364822387695312
92097700,2023,2023-06-20,9461,2023-06-13,1458,021811,,2,2,9,2400,0,1,3,,1,152,"SR-152 WB TO SR-33",SR-33,400.00,E,N,A,-,Y,MER,,152," "," ",11.356,H,,L,Y,2,0,1,2,A,-,03,22350,,N,C,C,A,A,H,-,A,A,0,,,,Y,Y,,A,07,1,0,0,0,0,0,0,0,0,"- ","- ",37.057231903076172,-121.014892578125,MERCED,UNINCORPORATED,-121.014892578125,37.0570068359375
92098758,2023,2023-06-21,9460,2023-06-12,1715,018603,,1,2,9,2400,0,1,3,,1,165,"SR-165 N/B","BRADBURY RD",780.00,S,N,A,-,Y,MER,,165," "," ",36.279,H,,R,Y,2,0,3,4,A,-,03,22350,,N,C,C,A,A,H,-,A,D,0,,,,,Y,,A,07,1,0,2,0,0,0,0,0,0,"- ","- ",37.446521759033203,-120.84913635253906,MERCED,UNINCORPORATED,-120.84917449951172,37.446521759033203
92098921,2023,2023-06-21,9460,2023-06-16,1030,016476,,5,1,9,2400,0,3,5,,2,030,"CAMPBELL BLVD","LIBERTY AVE",350.00,N,N,A,-,N,,,,,,,,,,Y,2,0,1,1,A,-,01,23152,A,N,F,0,A,A,H,-,A,D,0,,,,,Y,Y,A,01,1,0,0,0,0,0,0,0,0,"- ","- ",37.375579833984375,-120.67945861816406,MERCED,UNINCORPORATED,-120.6795654296875,37.375576019287109
92099858,2023,2023-06-22,9460,2023-06-20,1201,015398,,2,1,9,2400,0,1,3,,2,001,"SR-99 N/B","GRIFFITH RD.",1162.00,N,N,A,-,Y,MER,,99," ",R,36.923,H,,R,Y,2,0,1,1,A,-,08,22107,,N,E,I,A,A,H,-,A,D,0,,,,,Y,,D,22,1,0,0,0,0,0,0,0,0,"- ","- ",37.460960388183594,-120.81604766845703,MERCED,UNINCORPORATED,-120.81603240966797,37.460987091064453
92100025,2023,2023-06-22,9460,2023-06-21,1127,015398,,3,1,9,2400,0,3,5,,2,010,"TURNER AVE.","VERDE AVE.",1109.00,W,N,A,-,N,,,,,,,,,,Y,2,0,1,1,A,-,08,22107,,N,E,I,A,A,H,-,A,D,0,,,,,Y,,A,01,1,0,0,0,0,0,0,0,0,"- ","- ",37.371780395507812,-120.86390686035156,MERCED,UNINCORPORATED,-120.86359405517578,37.371799468994141
9210497,2020,2021-02-05,2401,2020-12-23,2135,723,,3,5,3,2401,0,0,0,,0,003,"E JUNIPER",BUHACH,0.00,,Y,A,-,N,,,,,,,,,,Y,2,0,1,4,A,-,07,21658,A,M,A,C,A,A,H,-,C,D,0,,,,,Y,Y,A,81,1,0,0,0,0,0,0,0,0,"- ","- ",37.349689483642578,-120.58602142333984,MERCED,ATWATER,-120.57685089111328,37.349521636962891
92107191,2023,2023-06-30,9460,2023-06-24,2100,018778,,6,2,9,2400,0,3,5,,2,070,"MARIPOSA WAY","HEALY RD",1584.00,E,N,A,-,Y,,,,,,,,,,N,2,0,1,1,A,-,03,22350,,N,F,A,A,A,E,-,D,D,0,,,Y,,Y,,C,02,1,0,0,0,0,0,0,0,1,"- ","- ",37.250759124755859,-120.42890930175781,MERCED,UNINCORPORATED,-120.42881011962891,37.250705718994141
92110871,2023,2023-07-06,9460,2023-06-25,1635,021320,,7,2,9,2400,0,1,3,,2,001,"SR-99 S/B","COLLIER ROAD",2112.00,N,N,A,-,Y,MER,,99," ",R,32.580,H,,L,Y,2,0,2,2,A,-,03,22350,,N,C,C,A,A,H,-,A,D,0,,,Y,,Y,,C,02,2,0,0,0,0,0,0,0,2,"- ","- ",37.416358947753906,-120.75939178466797,MERCED,UNINCORPORATED,-120.75941467285156,37.416339874267578
9211447,2020,2021-01-14,2406,2020-09-20,0749,129,,7,5,5,2406,0,0,0,,0,020,"G ST","22ND ST",0.00,W,N,A,-,N,,,,,,,,,,N,1,1,0,2,C,-,18,,,F,G,B,E,A,H,-,C,D,0,Y,,,,Y,,-,"- ",0,0,0,1,0,0,0,0,0,"- ","- ",,,MERCED,MERCED,-120.47296905517578,37.303680419921875
9211643,2020,2022-06-18,2406,2020-12-05,0406,256,1,6,5,5,2406,0,0,0,,0,010,"N PARSONS AV","N E BEAR CREEK DR",5.00,S,N,A,-,N,,,,,,,,,,Y,1,1,3,1,A,-,01,23152,A,N,E,I,A,A,H,-,C,A,0,,,,,Y,Y,A,08,1,1,1,0,0,0,0,0,0,"- ","- ",,,MERCED,MERCED,-120.45140075683594,37.310009002685547
9211759,2020,2022-06-11,2406,2020-08-18,0449,201,NORTH,2,5,5,2406,0,0,0,,0,010,"DUNN RD","GARDNER RD",254.00,W,N,A,-,N,,,,,,,,,,Y,1,1,0,1,A,-,03,22350,,N,E,I,A,A,H,-,C,A,0,,,,,Y,,A,07,0,0,0,0,0,0,0,0,0,"- ","- ",,,MERCED,MERCED,-120.45174407958984,37.339393615722656
9211781,2021,2021-04-01,2406,2021-01-30,0732,291,2,6,5,5,2406,0,0,0,,0,020,"GLEN AV","EAST 23RD ST",60.00,S,N,A,-,N,,,,,,,,,,Y,1,1,0,2,A,-,11,21954,A,N,G,B,D,A,H,-,A,D,0,Y,,,,Y,,N,60,0,0,0,1,0,0,0,0,0,"- ","- ",,,MERCED,MERCED,-120.46294403076172,37.300979614257812
92124557,2023,2023-07-24,9461,2023-07-16,"50  ",021837,,7,3,9,2400,0,3,5,,2,020,"ORTIGALITA RD.","ALMOND DR.",2640.00,S,N,A,-,N,,,,,,,,,,Y,2,0,1,1,A,-,01,23152,A,M,F,A,A,A,H,-,D,D,0,,,,,Y,Y,A,07,1,0,0,0,0,0,0,0,0,"- ","- ",36.992881774902344,-120.87362670898438,MERCED,UNINCORPORATED,-120.87344360351562,36.984039306640625
92125242,2023,2023-07-25,9461,2023-07-16,2155,021837,,7,2,9,2400,0,2,4,,1,110,"H STREET","OVERLAND ROAD",0.00,,Y,A,-,N,,,,,,,,,,Y,2,0,4,2,A,-,09,21801,A,N,D,C,A,A,H,-,D,A,0,,,,,Y,,D,22,1,1,2,0,0,0,0,0,0,"- ","- ",37.073070526123047,-120.87132263183594,MERCED,UNINCORPORATED,-120.87123870849609,37.073005676269531
92125448,2023,2023-07-25,9460,2023-07-17,1720,019530,,1,2,9,2400,0,1,3,,2,001,"KELLY ROAD","TURNER AVENUE",3432.00,S,N,A,-,N,,,,,,,,,,N,2,0,1,1,A,-,08,22107,,N,E,I,A,A,H,-,A,D,0,,,Y,,Y,,C,02,1,0,0,0,0,0,0,0,1,"- ","- ",37.362911224365234,-120.95536041259766,MERCED,UNINCORPORATED,,
92127715,2023,2023-07-27,9461,2023-07-15,2328,021854,,6,3,9,2400,0,3,5,,2,010,"CANAL SCHOOL RD.","INYO AVE.",125.00,S,N,A,-,N,,,,,,,,,,Y,2,0,3,2,A,-,01,23152,A,N,A,C,A,A,H,-,D,D,0,,,,,Y,Y,A,01,2,1,0,0,0,0,0,0,0,"- ","- ",37.310829162597656,-121.00834655761719,MERCED,UNINCORPORATED,-121.00834655761719,37.310665130615234
92138531,2023,2023-08-08,9461,2023-07-29,1835,021811,,6,2,9,2400,0,1,3,,1,103,SR-33,"HENERY MILLER AVE.",0.00,,Y,A,-,Y,MER,,33," ",R,16.253,H,,R,Y,2,0,1,2,A,-,09,21801,A,N,D,C,A,A,H,-,A,D,0,,,Y,,Y,,A,07,1,0,0,0,0,0,0,0,1,"- ","- ",37.100620269775391,-121.01576995849609,MERCED,UNINCORPORATED,-121.01577758789062,37.100620269775391
92139630,2023,2023-08-09,9460,2023-06-15,2309,020840,,4,3,9,2400,0,3,5,,2,050,"EAST NORTH BEAR CREEK DRIVE","PARSONS AVENUE",45.00,W,N,A,-,N,,,,,,,,,,N,1,1,0,1,A,-,01,23152,A,N,E,8,A,A,H,-,C,D,0,,,,,Y,Y,A,01,0,0,0,0,0,0,0,0,0,"- ","- ",37.310081481933594,-120.45160675048828,MERCED,UNINCORPORATED,-120.45155334472656,37.310012817382812
92143300,2023,2023-08-14,9460,2023-07-20,1040,018922,,4,1,9,2400,0,1,3,,2,002,SR-99,"FRANKLIN ROAD",5808.00,S,N,A,-,Y,MER,,99," "," ",17.307,H,,R,Y,1,1,1,2,C,-,18,,,N,H,J,A,A,D,E,A,D,0,,,,Y,Y,,-,"- ",0,0,1,0,0,0,0,0,0,"- ","- ",37.314468383789062,-120.52310180664062,MERCED,UNINCORPORATED,-120.52308654785156,37.314495086669922
92143392,2023,2023-08-14,9461,2023-08-05,"542 ",020101,,6,3,9,2400,0,1,1,,2,205,"I-5 S/B","CANYON RD",10.00,S,N,A,-,Y,MER,,5," "," ",11.992,H,,L,Y,2,0,5,3,A,-,03,22350,,N,C,D,A,A,H,-,B,D,0,,,,,Y,,A,07,1,0,4,0,0,0,0,0,0,"- ","- ",36.992221832275391,-120.90849304199219,MERCED,UNINCORPORATED,-120.90854644775391,36.9921875
92143973,2023,2023-08-15,9461,2023-08-04,"405 ",020486,,5,3,9,2400,0,1,1,,2,105,"INTERSTATE 5","STATE HIGHWAY 152",7920.00,N,N,A,-,Y,MER,,5," "," ",19.160,H,,R,N,2,0,1,1,A,-,08,22107,,N,E,I,A,A,H,-,D,D,0,,,,,Y,,A,01,1,0,0,0,0,0,0,0,0,"- ","- ",37.07489013671875,-120.98710632324219,MERCED,UNINCORPORATED,-120.98715209960938,37.074863433837891
92147370,2023,2023-08-18,9461,2023-08-10,1705,021785,,4,2,9,2400,0,3,5,,2,010,"FENTEM RD","PRINCE RD",153.00,E,N,A,-,N,,,,,,,,,,Y,2,0,2,1,A,-,08,22107,,N,E,I,A,A,H,-,A,D,0,,,,,Y,,A,01,1,1,0,0,0,0,0,0,0,"- ","- ",37.26007080078125,-121.02115631103516,MERCED,UNINCORPORATED,-121.02117156982422,37.260101318359375
92149005,2023,2023-08-21,9461,2023-08-12,"40  ",021837,,6,3,9,2400,0,3,5,,2,010,"CANAL SCHOOL ROAD","SANCHES ROAD",85.00,N,N,A,-,N,,,,,,,,,,Y,2,0,2,2,A,-,08,22107,,N,A,C,A,A,H,-,D,D,0,,,,Y,Y,,A,01,1,1,0,0,0,0,0,0,0,"- ","- ",37.296821594238281,-121.00834655761719,MERCED,UNINCORPORATED,-121.00833129882812,37.2967529296875
92154175,2023,2023-08-25,9460,2023-08-18,"605 ",015398,,5,1,9,2400,0,1,3,,2,001,"SR-99 S/B","WINTON PKWY.",3696.00,N,N,A,-,Y,MER,,99," ",R,31.080,H,,L,Y,2,0,1,3,A,-,08,22107,,F,B,B,E,A,H,-,B,D,0,Y,,,,Y,Y,-,99,1,0,0,0,1,0,0,0,0,"- ","- ",37.399120330810547,-120.74288940429688,MERCED,UNINCORPORATED,-120.74289703369141,37.399116516113281
92156360,2023,2023-08-28,9461,2023-08-01,1755,019052,,2,2,9,2400,0,2,4,,1,410,"TURNER ISLAND ROAD","HENRY MILLER AVENUE",3696.00,N,N,B,-,N,,,,,,,,,,Y,1,1,0,1,A,-,08,22107,,N,F,A,A,A,H,-,A,D,0,,,,,Y,,A,01,0,0,0,0,0,0,0,0,0,"- ","- ",37.108619689941406,-120.70729827880859,MERCED,UNINCORPORATED,-120.70745849609375,37.108100891113281
92157357,2023,2023-08-29,9460,2023-08-18,1657,019806,,5,2,9,2400,0,1,3,,1,140,SR-140,SR-165,755.00,W,N,A,-,Y,MER,,140," "," ",16.076,H,,R,Y,2,0,3,3,A,-,03,22350,,F,C,C,A,A,H,-,A,D,0,,,,,Y,,D,22,1,2,0,0,0,0,0,0,0,"- ","- ",37.313190460205078,-120.85391235351562,MERCED,UNINCORPORATED,-120.85391235351562,37.313182830810547
92157366,2023,2023-08-29,9460,2023-08-05,2358,021511,,6,3,9,2400,0,1,3,,2,003,"SR-99 N/B","PLAINSBURG ROAD",3168.00,N,N,A,-,Y,MER,,99," ",R,4.011,H,,R,N,1,1,0,1,A,-,08,22107,,N,E,I,A,A,H,-,D,D,0,,,,,Y,,D,22,0,0,0,0,0,0,0,0,0,"- ","- ",37.195518493652344,-120.34039306640625,MERCED,UNINCORPORATED,-120.34046936035156,37.195446014404297
92157775,2023,2023-08-29,9461,2023-07-06,"850 ",018910,,4,1,9,2400,0,2,4,,1,110,"INGOMAR GRADE","COTTONWOOD ROAD",1056.00,S,N,A,-,N,,,,,,,,,,Y,1,1,0,2,A,-,08,22107,,N,A,C,A,A,H,-,A,D,0,,,,Y,Y,,A,01,0,0,0,0,0,0,0,0,0,"- ","- ",37.183910369873047,-120.97015380859375,MERCED,UNINCORPORATED,,
92161018,2023,2023-09-01,9461,2023-07-12,1220,018670,,3,1,9,2400,0,1,3,,1,452,"STATE ROUTE 152","DELTA ROAD",0.00,,Y,A,-,Y,MER,,152," "," ",25.326,H,,L,Y,1,1,1,2,A,-,09,21802,A,N,D,2,A,A,H,-,A,A,0,,,,,Y,,-,"- ",0,1,0,0,0,0,0,0,0,"- ","- ",37.055709838867188,-120.76207733154297,MERCED,UNINCORPORATED,-120.7620849609375,37.055633544921875
92163520,2023,2023-09-06,9460,2023-08-28,1805,017343,,1,2,9,2400,0,3,5,,2,040,"SANTA FE DRIVE","JONES ROAD",0.00,,Y,A,-,N,,,,,,,,,,Y,2,0,1,2,A,-,09,21801,A,N,D,C,A,A,H,-,A,D,0,,,Y,,Y,,A,01,1,0,0,0,0,0,0,0,1,"- ","- ",37.391429901123047,-120.62251281738281,MERCED,UNINCORPORATED,-120.62248992919922,37.391365051269531
92168053,2023,2023-09-12,9461,2023-06-24,1349,021785,,6,1,9,2400,0,1,3,,1,103,"STATE ROUTE 33","HULEN ROAD",527.00,S,N,A,-,Y,MER,,33," "," ",19.803,H,,R,Y,1,1,2,4,A,-,06,21751,,F,A,C,A,A,H,-,A,D,0,,,,,Y,,-,99,0,0,2,0,0,0,0,0,0,"- ","- ",37.149871826171875,-121.0142822265625,MERCED,UNINCORPORATED,-121.01426696777344,37.149868011474609
92169396,2023,2025-03-18,9460,2023-08-06,1508,019838,,7,2,9,2400,0,1,3,,1,590,SR-59,"TURLOCK ROAD",5280.00,S,N,A,-,N,,,,,,,,,,N,1,1,0,1,A,-,08,22107,,N,E,I,A,A,H,-,A,D,0,,,,,Y,,A,01,0,0,0,0,0,0,0,0,0,"- ","- ",37.476940155029297,-120.50298309326172,MERCED,UNINCORPORATED,-120.50308227539062,37.476940155029297
92173991,2023,2023-12-20,9460,2023-09-17,"456 ",021537,,7,3,9,2400,0,1,3,,1,591,"SR-59 S/B","CHILDS AVE",470.00,S,N,A,-,N,,,,,,,,,,Y,2,0,1,1,A,-,08,22107,,N,E,8,A,A,H,-,D,D,0,,,,,Y,,A,01,1,0,0,0,0,0,0,0,0,"- ","- ",37.286670684814453,-120.48751831054688,MERCED,UNINCORPORATED,-120.487548828125,37.286670684814453
92178988,2023,2023-12-06,9460,2023-09-16,2012,019806,,6,2,9,2400,0,1,3,,1,590,SR-59,"TURLOCK RD",3168.00,N,N,A,-,Y,MER,,59," ",R,29.326,H,,R,Y,2,0,4,3,A,-,01,23152,A,N,C,2,A,A,H,-,D,D,0,,,,,Y,Y,D,22,3,1,0,0,0,0,0,0,0,"- ","- ",37.496341705322266,-120.49295806884766,MERCED,UNINCORPORATED,-120.49295806884766,37.496334075927734
92182372,2023,2023-09-28,9461,2023-07-20,2145,021126,,4,2,9,2400,0,1,3,,1,503,"STATE ROUTE 33","CHRISTIAN AVENUE",1056.00,S,N,A,-,Y,MER,,33," ",R,0.220,H,,R,Y,1,2,0,2,A,-,08,22107,,N,A,C,A,A,H,-,C,D,0,,,,,Y,,A,01,0,0,0,0,0,0,0,0,0,"- ","- ",36.972381591796875,-120.63567352294922,MERCED,UNINCORPORATED,-120.63562774658203,36.972381591796875
92207138,2023,2023-10-24,9461,2023-10-15,"314 ",021837,,7,3,9,2400,0,1,3,,1,152,"SR-152 E/B","MORAGA ROAD",250.00,W,N,A,-,Y,MER,,152," "," ",14.307,H,,R,Y,2,0,2,2,A,-,07,21658,A,N,C,C,A,A,H,-,D,D,0,,,,,Y,,A,07,1,1,0,0,0,0,0,0,0,"- ","- ",37.05657958984375,-120.96131896972656,MERCED,UNINCORPORATED,-120.96131896972656,37.056591033935547
92207664,2023,2023-10-24,9460,2023-10-22,1645,019838,,7,2,9,2400,0,3,5,,2,090,"APPLEGATE ROAD","ATWATER JORDAN ROAD",450.00,N,N,A,-,N,,,,,,,,,,Y,2,0,1,2,A,-,03,22350,,N,C,C,A,A,H,-,A,D,0,,,Y,,Y,,C,02,1,0,0,0,0,0,0,0,1,"- ","- ",37.332431793212891,-120.61456298828125,MERCED,UNINCORPORATED,-120.61447906494141,37.3323974609375
92208474,2023,2024-03-14,9460,2023-10-17,"440 ",021704,,2,3,9,2400,0,2,4,,1,101,"WESTSIDE BLVD","WASHINGTON BLVD",0.00,,Y,A,-,N,,,,,,,,,,Y,2,0,6,2,A,-,03,22350,,N,D,C,A,A,H,-,D,A,0,,,,,Y,,D,22,2,3,1,0,0,0,0,0,0,"- ","- ",37.360511779785156,-120.76007080078125,MERCED,UNINCORPORATED,-120.76004028320312,37.360458374023438
9221588,2020,2021-03-01,2405,2020-08-02,0122,PD44,1,7,5,3,2405,0,0,0,,0,0B1,"W PACHECO BL","ORTIGALITA RD",804.00,W,N,A,-,Y,MER,10,152,-,-,19.090,H,-,W,N,2,0,3,1,A,-,08,22107,,N,E,I,A,A,H,-,C,A,0,,,,,Y,,A,01,2,1,0,0,0,0,0,0,0,"- ","- ",37.056808471679688,-120.87184906005859,MERCED,"LOS BANOS",-120.87466430664062,37.056755065917969
92221658,2023,2023-10-27,9460,2023-10-19,"808 ",015398,,4,1,9,2400,0,1,3,,2,002,"SR-99 N/B","LIBERTY AVE.",15.00,N,N,A,-,Y,MER,,99," "," ",27.142,H,,R,Y,2,0,1,1,A,-,08,22107,,N,E,I,A,A,H,-,A,D,0,,,,,Y,,D,22,1,0,0,0,0,0,0,0,0,"- ","- ",37.374118804931641,-120.68195343017578,MERCED,UNINCORPORATED,-120.68199157714844,37.374046325683594
92224565,2023,2023-10-31,9460,2023-10-25,2040,021474,,3,2,9,2400,0,1,3,,2,002,"SR-99 N/B","APPLEGATE RD",422.00,S,N,A,-,Y,MER,,99," "," ",22.673,H,,R,Y,2,0,1,2,A,-,03,22350,,N,C,C,A,A,H,-,D,D,0,,,,,Y,Y,A,07,1,0,0,0,0,0,0,0,0,"- ","- ",37.344158172607422,-120.61190795898438,MERCED,UNINCORPORATED,-120.61187744140625,37.344211578369141
9222808,2021,2021-03-18,2406,2021-01-01,0212,294,1,5,5,5,2406,0,0,0,,0,010,"G ST","BELLEVUE RD",0.00,,Y,A,-,N,,,,,,,,,,Y,2,0,3,1,A,-,01,23152,A,N,F,J,A,A,H,-,C,A,0,,,,,Y,Y,A,01,2,1,0,0,0,0,0,0,0,"- ","- ",,,MERCED,MERCED,-120.46868133544922,37.361095428466797