CASE_ID,ACCIDENT_YEAR,PROC_DATE,JURIS,COLLISION_DATE,COLLISION_TIME,OFFICER_ID,REPORTING_DISTRICT,DAY_OF_WEEK,CHP_SHIFT,POPULATION,CNTY_CITY_LOC,SPECIAL_COND,BEAT_TYPE,CHP_BEAT_TYPE,CITY_DIVISION_LAPD,CHP_BEAT_CLASS,BEAT_NUMBER,PRIMARY_RD,SECONDARY_RD,DISTANCE,DIRECTION,INTERSECTION,WEATHER_1,WEATHER_2,STATE_HWY_IND,CALTRANS_COUNTY,CALTRANS_DISTRICT,STATE_ROUTE,ROUTE_SUFFIX,POSTMILE_PREFIX,POSTMILE,LOCATION_TYPE,RAMP_INTERSECTION,SIDE_OF_HWY,TOW_AWAY,COLLISION_SEVERITY,NUMBER_KILLED,NUMBER_INJURED,PARTY_COUNT,PRIMARY_COLL_FACTOR,PCF_CODE_OF_VIOL,PCF_VIOL_CATEGORY,PCF_VIOLATION,PCF_VIOL_SUBSECTION,HIT_AND_RUN,TYPE_OF_COLLISION,MVIW,PED_ACTION,ROAD_SURFACE,ROAD_COND_1,ROAD_COND_2,LIGHTING,CONTROL_DEVICE,CHP_ROAD_TYPE,PEDESTRIAN_ACCIDENT,BICYCLE_ACCIDENT,MOTORCYCLE_ACCIDENT,TRUCK_ACCIDENT,NOT_PRIVATE_PROPERTY,ALCOHOL_INVOLVED,STWD_VEHTYPE_AT_FAULT,CHP_VEHTYPE_AT_FAULT,COUNT_SEVERE_INJ,COUNT_VISIBLE_INJ,COUNT_COMPLAINT_PAIN,COUNT_PED_KILLED,COUNT_PED_INJURED,COUNT_BICYCLIST_KILLED,COUNT_BICYCLIST_INJURED,COUNT_MC_KILLED,COUNT_MC_INJURED,PRIMARY_RAMP,SECONDARY_RAMP,LATITUDE,LONGITUDE,COUNTY,CITY,POINT_X,POINT_Y
9222816,2021,2021-03-18,2406,2021-01-16,1131,298,2,6,5,5,2406,0,0,0,,0,021,"WEST 16TH ST","P ST",0.00,,Y,A,-,N,,,,,,,,,,Y,2,0,2,2,A,-,09,21804,A,N,D,C,A,A,H,-,A,D,0,,,,,Y,,A,07,1,0,1,0,0,0,0,0,0,"- ","- ",,,MERCED,MERCED,-120.48996734619141,37.302642822265625
92228762,2023,2023-11-06,9460,2023-10-25,1911,021856,,3,2,9,2400,0,2,4,,1,091,SR-140,"ESTATES DRIVE",11.00,W,N,A,-,Y,MER,,140," "," ",17.971,H,,R,Y,2,0,2,2,A,-,01,23153,A,N,D,2,A,A,H,-,D,D,0,,,,,Y,Y,D,22,1,1,0,0,0,0,0,0,0,"- ","- ",37.312919616699219,-120.81964111328125,MERCED,UNINCORPORATED,-120.81964111328125,37.312931060791016
92236577,2022,2023-11-15,9460,2022-12-05,1740,018778,,1,2,9,2400,0,1,3,,1,165,"STATE ROUTE 165 (LANDER AVENUE)","AMERICAN AVENUE",495.00,N,N,A,-,Y,MER,,165,,,33.960,H,,R,Y,1,1,1,3,A,-,03,22350,,N,C,C,A,A,H,-,C,D,0,,,,Y,Y,,F,26,0,0,1,0,0,0,0,0,0,"- ","- ",37.412891387939453,-120.85001373291016,MERCED,UNINCORPORATED,-120.84998321533203,37.412891387939453
92244841,2023,2023-11-27,9460,2023-11-12,2335,021856,,7,3,9,2400,0,1,3,,2,002,"SR-99 S/B","LIBERTY AVE",5280.00,N,N,A,-,Y,,,,,,,,,,N,2,0,1,2,A,-,00,21960,A,N,G,B,E,A,H,-,D,D,0,Y,,,Y,Y,,N,60,1,0,0,0,1,0,0,0,0,"- ","- ",,,MERCED,UNINCORPORATED,,
92247656,2023,2023-11-29,9461,2023-11-22,2137,019052,,3,2,9,2400,0,1,3,,1,465,SR-165,"SANTA FE GRADE",6864.00,N,N,B,-,Y,MER,,165," "," ",13.322,H,,R,Y,2,0,2,1,A,-,06,21751,,N,E,I,A,A,H,-,D,D,0,,,,,Y,,D,22,1,1,0,0,0,0,0,0,0,"- ","- ",37.122798919677734,-120.83499145507812,MERCED,UNINCORPORATED,-120.83482360839844,37.122798919677734
9225392,2020,2021-03-08,2405,2020-06-03,2140,PD48,6,3,5,3,2405,0,0,0,,0,0B2,"STONEWOOD DR","WILLMOTT RD",33.00,N,N,A,-,N,,,,,,,,,,Y,2,0,4,2,A,-,03,22350,A,N,A,C,A,A,H,-,C,A,0,,,,,Y,Y,A,01,1,3,0,0,0,0,0,0,0,"- ","- ",37.079181671142578,-120.83789825439453,MERCED,"LOS BANOS",-120.84059906005859,37.069282531738281
9225408,2020,2021-03-05,2405,2020-09-24,0739,PD39,1,4,5,3,2405,0,0,0,,0,0B1,"4TH ST","E PACHECO BL",0.00,,Y,A,-,Y,MER,10,152,-,-,20.289,I,5,E,Y,2,0,2,2,A,-,12,21453,A,N,D,C,A,A,H,-,A,A,0,,,,,Y,,A,01,1,1,0,0,0,0,0,0,0,"- ","- ",37.056880950927734,-120.85312652587891,MERCED,"LOS BANOS",-120.85343170166016,37.056884765625
92256156,2023,2023-12-07,9461,2023-12-01,2115,021811,,5,2,9,2400,0,1,1,,2,205,"I-5 N/B","BILLY WRIGHT RD",11.00,N,N,A,-,Y,MER,,5," "," ",16.642,H,,R,Y,2,0,1,1,A,-,01,23152,A,N,E,I,A,A,H,-,D,D,0,,,,,Y,Y,A,07,1,0,0,0,0,0,0,0,0,"- ","- ",37.046051025390625,-120.95929718017578,MERCED,UNINCORPORATED,-120.95925903320312,37.046077728271484
92257501,2023,2023-12-08,9460,2023-09-16,1847,019838,,6,2,9,2400,0,3,5,,2,030,"WALNUT AVENUE","VINE AVENUE",0.00,,Y,A,-,N,,,,,,,,,,Y,1,1,2,3,A,-,03,22350,,N,C,C,A,A,H,-,A,A,0,,,Y,,Y,,C,02,1,1,0,0,0,0,0,1,2,"- ","- ",37.389408111572266,-120.63169860839844,MERCED,UNINCORPORATED,-120.63166046142578,37.389347076416016
92267184,2023,2023-12-20,9460,2023-12-15,1215,019106,,5,1,9,2400,0,1,3,,1,591,SR-59,"FURTADO ROAD",2376.00,N,N,B,-,Y,MER,,59," "," ",5.984,H,,R,Y,2,0,1,1,A,-,08,22107,,N,F,A,A,A,H,-,A,D,0,,,,,Y,,A,07,1,0,0,0,0,0,0,0,0,"- ","- ",37.170619964599609,-120.49195861816406,MERCED,UNINCORPORATED,-120.49192047119141,37.170619964599609
92277812,2023,2024-01-03,9460,2023-11-23,"415 ",021704,,4,3,9,2400,0,1,3,,2,002,"SR-99 SOUTHBOUND","WESTSIDE BOULEVARD",2112.00,N,N,A,-,Y,MER,,99," "," ",25.550,H,,L,Y,1,2,3,2,A,-,01,23152,A,N,A,C,A,A,H,-,D,D,0,,,,,Y,Y,-,"- ",3,0,0,0,0,0,0,0,0,"- ","- ",37.363441467285156,-120.65704345703125,MERCED,UNINCORPORATED,-120.65702819824219,37.363460540771484
9227895,2021,2021-03-24,2406,2021-02-26,2125,129,1,5,5,5,2406,0,0,0,,0,011,"COOPER AV","N RT 59",2640.00,W,N,A,-,N,,,,,,,,,,N,2,0,1,2,A,-,11,21954,A,N,G,B,E,-,H,-,C,D,0,Y,,,,Y,,N,60,1,0,0,0,1,0,0,0,0,"- ","- ",,,MERCED,MERCED,-120.51420593261719,37.316329956054688
92283218,2023,2024-01-09,9461,2023-10-22,2320,020486,,7,3,9,2400,0,1,3,,1,152,"STATE HIGHWAY 152 TO STATE HIGHWAY 33","STATE HIGHWAY 33",528.00,E,N,A,-,Y,MER,,152," "," ",11.505,H,,R,Y,1,1,0,2,A,-,03,22350,,N,F,0,A,A,D,-,C,D,0,,,Y,,Y,,C,02,0,0,0,0,0,0,0,1,0,"- ","- ",37.057018280029297,-121.01219177246094,MERCED,UNINCORPORATED,-121.01219940185547,37.056797027587891
92290446,2023,2024-01-18,9460,2023-11-14,1928,019806,,2,2,9,2400,0,1,3,,1,142,"STATE ROUTE-140","LINCOLN BOULEVARD",5165.00,E,N,A,-,Y,MER,,140," "," ",24.404,H,,R,Y,1,1,2,2,A,-,05,21650,,N,A,C,A,A,H,-,D,D,0,,,,Y,Y,,A,01,1,0,1,0,0,0,0,0,0,"- ","- ",37.298820495605469,-120.7064208984375,MERCED,UNINCORPORATED,-120.7064208984375,37.298831939697266
92315469,2024,2024-02-15,9461,2024-02-08,"826 ",021280,,4,1,9,2400,0,1,3,,1,152,"SR-152 W/B","ROMERO VISITOR CENTER ENTRANCE",4752.00,W,N,A,-,Y,MER,,152," ",R,7.277,H,,L,Y,2,0,1,2,A,-,01,23152,A,N,E,8,A,A,H,-,A,D,0,,,,,Y,Y,A,07,1,0,0,0,0,0,0,0,0,"- ","- ",37.087989807128906,-121.11344909667969,MERCED,UNINCORPORATED,-121.11341857910156,37.088024139404297
92321437,2024,2024-02-23,9460,2024-02-16,1559,019806,,5,2,9,2400,0,1,3,,1,590,SR-59,"SNELLING RD",1373.00,N,N,B,-,Y,MER,,59," "," ",32.519,H,,R,Y,2,0,3,2,A,-,05,21650,,N,A,C,A,A,H,-,A,D,0,,,Y,,Y,,A,07,3,0,0,0,0,0,0,0,2,"- ","- ",37.516689300537109,-120.44815826416016,MERCED,UNINCORPORATED,-120.44815826416016,37.516685485839844
92330528,2023,2024-03-05,9460,2023-10-15,"623 ",019806,,7,1,9,2400,0,1,3,,2,003,"SR-99 S/B","PLAINSBURG ROAD",6336.00,S,N,E,-,Y,MER,,99," ",R,2.144,H,,L,N,1,1,0,3,A,-,11,21954,A,F,G,B,E,A,H,-,D,D,0,Y,,,Y,Y,,G,25,0,0,0,1,0,0,0,0,0,"- ","- ",37.176349639892578,-120.31655120849609,MERCED,UNINCORPORATED,-120.31654357910156,37.176357269287109
92331280,2023,2024-03-06,9460,2023-12-28,"445 ",021150,,4,3,9,2400,0,1,3,,2,002,"SR-99 S/B","ATWATER-MERCED EXPRESSWAY",1584.00,S,N,B,-,Y,MER,,99," ",R,19.623,H,,L,N,1,1,1,1,A,-,08,22107,,N,F,A,A,B,H,-,D,D,0,,,,,Y,,A,01,1,0,0,0,0,0,0,0,0,"- ","- ",37.328201293945312,-120.56143188476562,MERCED,UNINCORPORATED,-120.56136322021484,37.328304290771484
92360844,2024,2024-04-10,9460,2024-04-01,2140,021150,,1,2,9,2400,0,1,3,,1,165,SR-165,SR-140,0.00,,Y,A,-,Y,MER,,165," "," ",26.868,H,,R,N,2,0,8,2,A,-,12,22450,A,N,D,C,A,A,H,-,C,A,0,,,,,Y,,A,01,3,1,4,0,0,0,0,0,0,"- ","- ",37.3131103515625,-120.85128021240234,MERCED,UNINCORPORATED,-120.85123443603516,37.3131103515625
92364499,2024,2024-04-15,9460,2024-02-10,1231,021856,,6,1,9,2400,0,3,5,,2,090,"ELLIOTT AVENUE","GURR ROAD",1256.00,W,N,A,-,N,,,,,,,,,,Y,1,1,0,1,A,-,08,22107,,N,E,I,A,A,H,-,A,D,0,,,,,Y,,-,"- ",0,0,0,0,0,0,0,0,0,"- ","- ",37.320571899414062,-120.56205749511719,MERCED,UNINCORPORATED,-120.56341552734375,37.320590972900391
92368080,2024,2024-04-18,9460,2024-04-06,"735 ",019286,,6,1,9,2400,0,1,3,,2,001,"SR-99 S/B","EL CAPITAN WAY",600.00,S,N,A,-,Y,MER,,99," ",R,33.949,H,,L,Y,2,0,2,2,A,-,08,22107,,N,E,8,A,A,C,-,A,D,0,,,Y,,Y,,A,01,1,1,0,0,0,0,0,0,1,"- ","- ",37.432041168212891,-120.77732086181641,MERCED,UNINCORPORATED,-120.77726745605469,37.432079315185547
92375916,2024,2024-04-26,9460,2024-04-20,1437,018922,,6,2,9,2400,0,3,5,,2,040,"HORNITOS ROAD","MERCED FALLS ROAD",1056.00,E,N,A,-,N,,,,,,,,,,N,2,0,2,2,A,-,05,21650,,N,B,C,A,A,H,-,A,D,0,,,Y,,Y,,C,02,1,1,0,0,0,0,0,0,2,"- ","- ",37.525478363037109,-120.32631683349609,MERCED,UNINCORPORATED,-120.32610321044922,37.525402069091797
92386277,2024,2024-05-09,9461,2024-04-27,1025,018910,,6,1,9,2400,0,1,3,,1,153,"STATE ROUTE 152 EASTBOUND","COLLEGE ENTRANCE",0.00,,Y,A,-,Y,MER,,152," "," ",17.998,H,,R,N,2,0,1,1,D,-,00,,,N,F,A,A,A,H,-,A,D,0,,,Y,,Y,,-,"- ",1,0,0,0,0,0,0,0,1,"- ","- ",37.056739807128906,-120.89423370361328,MERCED,UNINCORPORATED,-120.89422607421875,37.056655883789062
92389147,2024,2024-05-14,9460,2024-05-11,1808,021537,,6,2,9,2400,0,2,4,,1,101,"WESTSIDE BLVD","HOWARD RD",2587.00,W,N,A,-,N,,,,,,,,,,Y,2,0,2,1,A,-,08,22107,,N,E,I,A,A,H,-,A,D,0,,,,,Y,,A,07,2,0,0,0,0,0,0,0,0,"- ","- ",37.360561370849609,-120.7872314453125,MERCED,UNINCORPORATED,-120.78708648681641,37.360446929931641
92396941,2024,2024-06-27,9460,2024-05-12,"612 ",020840,,7,1,9,2400,0,1,3,,2,001,"SR 99 NB TO COLLIER ROAD","COLLIER ROAD",1100.00,S,N,A,-,Y,MER,,99," ",R,32.162,H,,L,N,2,0,1,1,A,-,01,23152,A,N,F,A,A,A,H,-,A,D,0,,,,,Y,Y,A,01,1,0,0,0,0,0,0,0,0,"- ","- ",37.411590576171875,-120.75472259521484,MERCED,UNINCORPORATED,-120.75460815429688,37.411647796630859
92405659,2023,2024-12-06,9461,2023-10-19,"740 ",020101,,4,1,9,2400,0,2,4,,1,115,"HENRY MILLER AVENUE","JOHNSON ROAD",314.00,W,N,A,-,N,,,,,,,,,,Y,1,1,1,2,A,-,05,21460,A,N,A,C,A,A,H,-,A,D,0,,,,,Y,,A,07,0,0,1,0,0,0,0,0,0,"- ","- ",37.099990844726562,-120.86611938476562,MERCED,UNINCORPORATED,-120.86609649658203,37.099994659423828
92405936,2024,2024-06-04,9460,2024-05-24,1745,022406,,5,2,9,2400,0,3,5,,2,010,"GRIFFITH AVE","BLOSS AVE",470.00,S,N,A,-,N,,,,,,,,,,Y,2,0,1,1,A,-,08,22107,,N,E,I,A,A,H,-,A,D,0,,,Y,,Y,,C,02,1,0,0,0,0,0,0,0,1,"- ","- ",37.402698516845703,-120.81369018554688,MERCED,UNINCORPORATED,-120.81357574462891,37.402759552001953
92410802,2024,2024-06-10,9461,2024-05-20,1435,021785,,1,2,9,2400,0,1,1,,2,105,"I-5 S/B","COTTONWOOD RD",1320.00,N,N,A,-,Y,MER,,5," "," ",28.428,H,,L,N,2,0,7,2,A,-,03,22350,,N,C,2,A,A,H,-,A,D,0,,,,,Y,,A,01,1,3,3,0,0,0,0,0,0,"- ","- ",37.190589904785156,-121.07202911376953,MERCED,UNINCORPORATED,-121.07207489013672,37.190570831298828
92414272,2024,2024-06-13,9460,2024-06-05,2218,022162,,3,3,9,2400,0,1,3,,1,140,"SR-140 E/B","GURR ROAD",0.00,,Y,A,-,Y,MER,,140," "," ",32.520,H,,R,N,2,0,2,2,A,-,01,23152,A,F,D,C,A,A,H,-,D,A,0,,,,,Y,Y,A,01,1,1,0,0,0,0,0,0,0,"- ","- ",37.302471160888672,-120.55947113037109,MERCED,UNINCORPORATED,-120.55947113037109,37.302486419677734
92427228,2024,2024-07-01,9461,2024-06-20,1340,021785,,4,1,9,2400,0,1,3,,1,153,"SR-152 E/B","VOLTA RD",2640.00,W,N,A,-,Y,MER,,152," "," ",15.698,H,,R,Y,2,0,3,2,A,-,08,22107,,N,B,C,A,A,H,-,A,D,0,,,,Y,Y,,G,25,2,0,1,0,0,0,0,0,0,"- ","- ",37.056411743164062,-120.93630218505859,MERCED,UNINCORPORATED,-120.93629455566406,37.05645751953125
92436095,2024,2024-07-11,9461,2024-07-08,2026,019052,,1,2,9,2400,0,1,3,,1,452,"SR-152 W/B","HILLYER RD",1584.00,E,N,A,-,Y,MER,,152," "," ",24.657,H,,L,Y,2,0,4,2,A,-,01,23152,A,N,C,C,A,A,H,-,B,D,0,,,,,Y,Y,A,01,1,2,1,0,0,0,0,0,0,"- ","- ",37.055908203125,-120.77422332763672,MERCED,UNINCORPORATED,-120.77422332763672,37.055824279785156
92441207,2024,2024-07-18,9460,2024-07-09,1352,021537,,2,1,9,2400,0,3,5,,2,090,"DWIGHT WAY","LONGVIEW AVE",0.00,,Y,A,-,N,,,,,,,,,,Y,2,0,2,2,A,-,12,22450,A,N,D,C,A,A,H,-,A,A,0,,,,,Y,,A,01,1,0,1,0,0,0,0,0,0,"- ","- ",37.35321044921875,-120.70564270019531,MERCED,UNINCORPORATED,-120.70562744140625,37.353202819824219
92442347,2024,2024-07-18,9460,2024-07-11,1857,022162,,4,2,9,2400,0,1,3,,2,003,"SR-99 N/B",SR-140,30.00,N,N,A,-,Y,MER,,140," "," ",35.820,H,,R,N,2,0,1,2,A,-,11,21954,A,N,G,B,D,A,H,-,A,B,0,Y,,,,Y,,N,60,1,0,0,0,1,0,0,0,0,"- ","- ",37.295299530029297,-120.467529296875,MERCED,UNINCORPORATED,-120.46749114990234,37.295188903808594
9244321,2021,2021-04-05,2406,2021-02-13,0159,283,1,6,5,5,2406,0,0,0,,0,011,"SANTIAGO AV","ESPLANADE DR",0.00,,Y,A,-,N,,,,,,,,,,N,2,0,1,1,A,-,03,22350,,N,E,A,A,A,H,-,C,D,0,,,Y,,Y,Y,C,02,1,0,0,0,0,0,0,0,1,"- ","- ",,,MERCED,MERCED,-120.50389862060547,37.331272125244141
92443613,2024,2024-07-19,9461,2024-07-11,2225,020486,,4,3,9,2400,0,2,4,,1,110,"INGOMAR GRADE","SYLVESTER ROAD",1584.00,W,N,A,-,N,,,,,,,,,,Y,2,0,1,1,A,-,08,22107,,N,E,I,A,A,H,-,D,D,0,,,,,Y,,A,01,1,0,0,0,0,0,0,0,0,"- ","- ",37.093521118164062,-120.91542816162109,MERCED,UNINCORPORATED,-120.91413879394531,37.0927734375
9245203,2021,2021-04-15,2406,2021-03-05,1958,283,2,5,5,5,2406,0,0,0,,0,020,"GLEN AVE","19TH ST",145.00,N,N,A,-,N,,,,,,,,,,Y,2,0,1,2,A,-,21,22106,,N,D,C,A,A,H,-,C,D,0,,,Y,,Y,,A,01,1,0,0,0,0,0,0,0,1,"- ","- ",,,MERCED,MERCED,-120.46495056152344,37.297489166259766
9249141,2021,2021-04-30,2406,2021-03-30,1517,162,3,2,5,5,2406,0,0,0,,0,030,"MARTIN LUTHER KING JR WY","WEST 12TH ST",8.00,S,N,A,-,Y,MER,10,59,-,-,14.650,I,5,S,N,2,0,1,2,A,-,06,21755,A,N,G,B,B,A,H,-,A,A,0,Y,,,,Y,Y,D,22,1,0,0,0,1,0,0,0,0,"- ","- ",,,MERCED,MERCED,-120.48339080810547,37.295032501220703
9250049,2021,2021-04-28,2401,2021-03-13,0411,723,4,6,5,3,2401,0,0,0,,0,004,"WINTON AV","ATWATER BL",0.00,,Y,A,-,N,,,,,,,,,,N,2,0,2,2,A,-,12,21453,A,F,H,G,A,A,H,-,C,A,0,,Y,,,Y,,L,04,1,0,1,0,0,0,1,0,0,"- ","- ",37.348049163818359,-120.61239624023438,MERCED,ATWATER,-120.61197662353516,37.346950531005859
9250051,2021,2021-04-28,2401,2021-03-18,0545,727,4,4,5,3,2401,0,0,0,,0,004,"ATWATER BL","WEDEL AV",250.00,E,N,A,-,N,,,,,,,,,,N,2,0,1,3,A,-,09,21801,A,N,D,C,A,A,H,-,C,A,0,,,,,Y,,A,01,1,0,0,0,0,0,0,0,0,"- ","- ",37.352100372314453,-120.6259765625,MERCED,ATWATER,-120.62783050537109,37.352588653564453
9250053,2021,2021-04-28,2401,2021-03-25,1000,718,2,4,5,3,2401,0,0,0,,0,002,"SANTA FE DR","PGE POLE #4207",0.00,,Y,A,-,N,,,,,,,,,,Y,2,0,1,1,A,-,07,21658,A,N,F,A,A,A,H,-,A,D,0,,,,,Y,,A,01,1,0,0,0,0,0,0,0,0,"- ","- ",,,MERCED,ATWATER,,
9251714,2021,2021-04-27,2406,2021-03-07,1704,290,2,7,5,5,2406,0,0,0,,0,020,"H ST","21ST ST",0.00,,Y,A,-,N,,,,,,,,,,N,2,0,1,2,A,-,08,22107,,N,D,G,A,A,H,-,A,A,0,,Y,,,Y,,A,01,1,0,0,0,0,0,1,0,0,"- ","- ",,,MERCED,MERCED,-120.47503662109375,37.303199768066406
9253554,2021,2021-05-12,2406,2021-04-08,0330,162,2,4,5,5,2406,0,0,0,,0,021,"WEST 16TH ST","O ST",160.00,W,N,A,-,N,,,,,,,,,,Y,2,0,1,2,A,-,03,22350,,N,G,B,C,A,H,-,C,D,0,Y,,,,Y,,A,01,1,0,0,0,1,0,0,0,0,"- ","- ",,,MERCED,MERCED,-120.48897552490234,37.302268981933594
9253556,2021,2021-05-14,2406,2021-04-04,1542,253,2,7,5,5,2406,0,0,0,,0,020,"G ST","23RD ST",0.00,,Y,A,-,N,,,,,,,,,,N,2,0,1,2,A,-,09,21802,B,N,D,G,A,A,H,-,A,A,0,,Y,,,Y,,A,08,1,0,0,0,0,0,1,0,0,"- ","- ",,,MERCED,MERCED,-120.47245025634766,37.304641723632812
9255340,2021,2021-05-11,2406,2021-04-27,1336,129,CENTR,2,5,5,2406,0,0,0,,0,021,"G ST","21ST ST",0.00,,Y,A,-,N,,,,,,,,,,Y,2,0,3,2,A,-,01,23152,A,N,D,C,A,A,H,-,A,A,0,,,,,Y,Y,A,01,1,2,0,0,0,0,0,0,0,"- ","- ",,,MERCED,MERCED,-120.47355651855469,37.302696228027344
9255345,2021,2021-05-11,2406,2021-04-27,0939,129,CENTR,2,5,5,2406,0,0,0,,0,021,"M ST","W NORTH BEAR CREEK DR",18.00,S,N,A,-,N,,,,,,,,,,Y,2,0,4,2,A,-,12,21453,A,N,D,C,A,A,H,-,A,A,0,,,,,Y,,A,01,1,2,1,0,0,0,0,0,0,"- ","- ",,,MERCED,MERCED,-120.478679,37.313377000000003
9255964,2021,2021-05-17,2406,2021-04-26,0759,129,SOUTH,1,5,5,2406,0,0,0,,0,030,"RT 59","WEST 12TH ST",0.00,,Y,A,-,Y,MER,10,59,-,-,14.650,I,5,N,N,2,0,1,2,A,-,09,21802,A,N,D,G,A,A,H,-,A,A,0,,Y,,,Y,,L,04,1,0,0,0,0,0,1,0,0,"- ","- ",,,MERCED,MERCED,-120.48339080810547,37.295032501220703
9256486,2021,2021-08-12,2406,2021-02-19,0519,,1,5,5,5,2406,0,0,0,,0,010,"G ST","E DONNA DR",0.00,S,N,A,-,N,,,,,,,,,,N,1,1,0,2,A,-,11,21954,A,N,G,B,E,A,H,-,C,D,0,Y,,,,Y,,N,60,0,0,0,1,0,0,0,0,0,"- ","- ",,,MERCED,MERCED,-120.46913146972656,37.329868316650391
9261640,2021,2021-05-10,2406,2021-04-18,1649,250,3,7,5,5,2406,0,0,0,,0,030,"MARTIN LUTHER KING JR WY","12TH ST",0.00,,Y,A,-,N,,,,,,,,,,N,2,0,1,2,A,-,08,22107,,F,G,B,B,A,H,-,A,D,0,Y,,,,Y,,D,22,1,0,0,0,1,0,0,0,0,"- ","- ",,,MERCED,MERCED,-120.48339080810547,37.295028686523438
9263254,2021,2021-06-09,2406,2021-05-13,1635,256,3,4,5,5,2406,0,0,0,,0,031,"RT 140","SYDNEY LN",0.00,,Y,A,-,Y,MER,10,140,-,-,35.228,I,5,E,Y,2,0,2,2,A,-,09,21801,A,N,A,C,A,A,H,-,A,A,0,,,,,Y,,A,07,1,1,0,0,0,0,0,0,0,"- ","- ",,,MERCED,MERCED,-120.51044464111328,37.302719116210938
9273648,2021,2021-06-21,2406,2021-05-12,1545,300,3,3,5,5,2406,0,0,0,,0,030,"G ST","CONE AV",0.00,,Y,A,-,N,,,,,,,,,,N,2,0,1,2,A,-,12,22450,A,N,D,C,A,A,H,-,A,A,0,,,Y,,Y,,C,02,1,0,0,0,0,0,0,0,1,"- ","- ",,,MERCED,MERCED,-120.48210144042969,37.284488677978516
9274815,2021,2021-07-13,2406,2021-05-18,2153,303,2,2,5,5,2406,0,0,0,,0,021,"WEST 16TH ST","Q ST",14.00,S,N,A,-,N,,,,,,,,,,N,2,0,1,2,A,-,03,22350,,N,G,B,D,A,H,-,C,D,0,Y,,,,Y,,D,22,1,0,0,0,1,0,0,0,0,"- ","- ",,,MERCED,MERCED,-120.49141693115234,37.303173065185547
9275365,2021,2021-07-15,2406,2021-06-18,1821,283,2,5,5,5,2406,0,0,0,,0,020,"E SANTA FE AV","5TH AV",10.00,W,N,A,-,N,,,,,,,,,,Y,2,0,2,1,A,-,08,22107,,N,E,I,A,A,H,-,A,D,0,,,,,Y,,A,01,1,1,0,0,0,0,0,0,0,"- ","- ",,,MERCED,MERCED,-120.46780395507812,37.304901123046875
9283868,2021,2021-07-20,2406,2021-06-27,0302,289,,7,5,5,2406,0,0,0,,0,1-10,"W CARDELLA RD","BANCROFT DR",138.00,E,N,A,-,N,,,,,,,,,,Y,2,0,1,1,A,-,07,21658,A,N,E,I,A,A,H,-,C,D,0,,,,,Y,,A,08,1,0,0,0,0,0,0,0,0,"- ","- ",,,MERCED,MERCED,-120.47273254394531,37.346832275390625
9283927,2021,2021-06-23,2406,2021-05-27,2039,300,2,4,5,5,2406,0,0,0,,0,020,"GLEN AV","EAST 27TH ST",0.00,,Y,A,-,N,,,,,,,,,,N,2,0,1,2,A,-,01,23152,A,N,D,C,A,A,H,-,D,D,0,,,Y,,Y,Y,C,02,1,0,0,0,0,0,0,0,1,"- ","- ",,,MERCED,MERCED,-120.46053314208984,37.305233001708984
9286235,2021,2021-07-15,2406,2021-05-23,1601,265,2,7,5,5,2406,0,0,0,,0,020,"RT 140","E CAMPUS PKWY",50.00,W,N,A,-,Y,MER,10,140,-,-,38.250,H,-,W,Y,2,0,4,2,A,-,12,21453,,N,B,C,A,A,H,-,A,A,0,,,,,Y,,A,07,1,3,0,0,0,0,0,0,0,"- ","- ",,,MERCED,MERCED,-120.42356872558594,37.295074462890625
92898311,2024,2024-07-30,9460,2024-07-27,2101,022406,,6,2,9,2400,0,1,3,,2,003,"ASHBY RD","BEACHWOOD DR",0.00,,Y,A,-,N,,,,,,,,,,Y,2,0,5,2,A,-,01,23152,A,F,C,2,A,A,H,-,D,D,0,,,,,Y,Y,D,22,1,1,3,0,0,0,0,0,0,"- ","- ",37.316539764404297,-120.52805328369141,MERCED,UNINCORPORATED,-120.52819061279297,37.316600799560547
9293377,2021,2021-08-04,2404,2021-02-11,1810,X42,,4,5,3,2404,0,0,0,,0,,"CAMPBELL AV","N MAIN ST",0.00,,Y,C,-,N,,,,,,,,,,Y,2,0,1,2,A,-,09,21802,A,N,D,C,A,B,H,-,C,A,0,,,,,Y,,A,07,1,0,0,0,0,0,0,0,0,"- ","- ",37.388580322265625,-120.72176361083984,MERCED,LIVINGSTON,-120.72174835205078,37.388572692871094
9293378,2021,2021-08-04,2404,2021-02-11,0550,X48,,4,5,3,2404,0,0,0,,0,,"CAMPBELL AV","STEFANI AV",152.00,E,N,A,-,N,,,,,,,,,,N,2,0,1,2,A,-,11,21956,A,F,G,B,E,A,H,-,D,D,0,Y,,,,Y,,N,60,1,0,0,0,1,0,0,0,0,"- ","- ",37.389091491699219,-120.72306060791016,MERCED,LIVINGSTON,-120.72327423095703,37.389019012451172
9295871,2021,2021-08-06,2406,2021-06-09,0144,294,3,3,5,5,2406,0,0,0,,0,030,"MARTIN LUTHER KING JR WY","WEST 13TH ST",120.00,N,N,A,-,Y,MER,10,99,-,-,14.786,R,4,S,N,2,0,1,2,A,-,"- ",,,F,G,B,E,A,H,-,C,D,0,Y,,,,Y,,A,01,1,0,0,0,1,0,0,0,0,"- ","- ",,,MERCED,MERCED,-120.48408508300781,37.2969970703125