CASE_ID,ACCIDENT_YEAR,PROC_DATE,JURIS,COLLISION_DATE,COLLISION_TIME,OFFICER_ID,REPORTING_DISTRICT,DAY_OF_WEEK,CHP_SHIFT,POPULATION,CNTY_CITY_LOC,SPECIAL_COND,BEAT_TYPE,CHP_BEAT_TYPE,CITY_DIVISION_LAPD,CHP_BEAT_CLASS,BEAT_NUMBER,PRIMARY_RD,SECONDARY_RD,DISTANCE,DIRECTION,INTERSECTION,WEATHER_1,WEATHER_2,STATE_HWY_IND,CALTRANS_COUNTY,CALTRANS_DISTRICT,STATE_ROUTE,ROUTE_SUFFIX,POSTMILE_PREFIX,POSTMILE,LOCATION_TYPE,RAMP_INTERSECTION,SIDE_OF_HWY,TOW_AWAY,COLLISION_SEVERITY,NUMBER_KILLED,NUMBER_INJURED,PARTY_COUNT,PRIMARY_COLL_FACTOR,PCF_CODE_OF_VIOL,PCF_VIOL_CATEGORY,PCF_VIOLATION,PCF_VIOL_SUBSECTION,HIT_AND_RUN,TYPE_OF_COLLISION,MVIW,PED_ACTION,ROAD_SURFACE,ROAD_COND_1,ROAD_COND_2,LIGHTING,CONTROL_DEVICE,CHP_ROAD_TYPE,PEDESTRIAN_ACCIDENT,BICYCLE_ACCIDENT,MOTORCYCLE_ACCIDENT,TRUCK_ACCIDENT,NOT_PRIVATE_PROPERTY,ALCOHOL_INVOLVED,STWD_VEHTYPE_AT_FAULT,CHP_VEHTYPE_AT_FAULT,COUNT_SEVERE_INJ,COUNT_VISIBLE_INJ,COUNT_COMPLAINT_PAIN,COUNT_PED_KILLED,COUNT_PED_INJURED,COUNT_BICYCLIST_KILLED,COUNT_BICYCLIST_INJURED,COUNT_MC_KILLED,COUNT_MC_INJURED,PRIMARY_RAMP,SECONDARY_RAMP,LATITUDE,LONGITUDE,COUNTY,CITY,POINT_X,POINT_Y
9318335,2021,2021-09-27,2401,2021-08-07,0337,732,2,6,5,3,2401,0,0,0,,0,002,"SANTA FE DR","WALLACE RD",763.00,E,N,A,-,N,,,,,,,,,,Y,2,0,2,2,A,-,07,21658,A,N,A,C,A,A,H,-,D,D,0,,,,,Y,Y,A,07,2,0,0,0,0,0,0,0,0,"- ","- ",37.371360778808594,-120.59033203125,MERCED,ATWATER,-120.58821868896484,37.370044708251953
9320109,2021,2023-06-17,2406,2021-05-29,0231,283,1,6,5,5,2406,0,0,0,,0,010,"W DONNA DR","SNOWBIRD CT",0.00,,Y,A,-,N,,,,,,,,,,Y,1,1,0,1,A,-,01,23152,A,N,E,I,A,A,H,-,C,D,0,,,Y,,Y,Y,C,02,0,0,0,0,0,0,0,1,0,"- ","- ",,,MERCED,MERCED,-120.47245025634766,37.329669952392578
9320115,2021,2023-06-17,2406,2021-07-28,0209,283,3,3,5,5,2406,0,0,0,,0,031,"WEST CHILDS AV","N ST",183.00,W,N,A,-,N,,,,,,,,,,N,1,1,0,2,A,-,11,21954,A,N,G,B,E,A,H,-,C,D,0,Y,,,,Y,,N,60,0,0,0,1,0,0,0,0,0,"- ","- ",,,MERCED,MERCED,-120.49524688720703,37.288230895996094
9320399,2021,2022-03-23,2402,2021-11-30,1750,S3,,2,5,2,2402,0,0,0,,0,,"RT 33","OLIVE ST",102.00,S,N,A,-,Y,MER,10,33,-,-,1.270,H,-,N,N,1,1,0,2,A,-,00,21954,,N,G,B,E,A,H,-,C,D,0,Y,,,,Y,Y,N,60,0,0,0,1,0,0,0,0,0,"- ","- ",,,MERCED,"DOS PALOS",-120.63558197021484,36.987266540527344
9320485,2021,2023-06-17,2406,2021-11-26,1742,283,2,5,5,5,2406,0,0,0,,0,020,"E YOSEMITE PKWY","ALMOND AV",0.00,,Y,A,-,N,,,,,,,,,,Y,1,1,0,2,A,-,03,22350,,N,G,B,B,A,H,-,C,D,0,Y,,,,Y,Y,A,01,0,0,0,1,0,0,0,0,0,"- ","- ",,,MERCED,MERCED,-120.46148681640625,37.29522705078125
9320489,2022,2022-03-10,2401,2022-01-19,1846,734,1,3,5,3,2401,0,0,0,,0,001,"WINTON WAY","FAY DR",0.00,,Y,A,-,N,,,,,,,,,,N,1,1,0,3,A,-,11,21954,A,F,G,B,D,A,H,-,C,A,0,Y,,,,Y,,N,60,0,0,0,1,0,0,0,0,0,"- ","- ",37.358451843261719,-120.61383056640625,MERCED,ATWATER,-120.61383819580078,37.358451843261719
9320898,2022,2022-07-20,2405,2022-01-16,1823,PD143,2,7,5,3,2405,0,0,0,,0,0B2,"RT 165","WILLMOTT AV",0.00,S,N,B,-,Y,MER,10,165,-,-,9.610,H,-,N,N,1,1,0,3,A,-,11,21954,A,N,G,B,E,A,H,-,D,A,0,Y,,,,Y,Y,N,60,0,0,0,1,0,0,0,0,0,"- ","- ",37.069198608398438,-120.83509063720703,MERCED,"LOS BANOS",-120.83516693115234,37.068866729736328
9321175,2022,2023-03-14,2406,2022-08-22,1618,129,CENTR,1,5,5,2406,0,0,0,,0,021,"M ST","W. 25TH ST",0.00,,Y,A,-,N,,,,,,,,,,Y,1,1,0,2,A,-,09,21802,A,N,F,A,A,A,H,-,A,A,0,,,Y,,Y,,A,08,0,0,0,0,0,0,0,1,0,"- ","- ",,,MERCED,MERCED,-120.48028564453125,37.309951782226562
9324190,2021,2021-09-24,2406,2021-08-16,1807,291,1,1,5,5,2406,0,0,0,,0,011,"MEADOWS AV","OLIVEWOOD DR",12.00,S,N,A,-,N,,,,,,,,,,N,2,0,1,2,A,-,00,21959,A,N,G,B,D,A,H,-,A,D,0,Y,,,,Y,,N,60,1,0,0,0,1,0,0,0,0,"- ","- ",,,MERCED,MERCED,-120.49058532714844,37.318321228027344
9327635,2020,2021-09-17,2405,2020-12-15,0555,PD21,6,2,5,3,2405,0,0,0,,0,B4/2,OVERLAND,"RT 165",290.00,E,N,A,-,N,,,,,,,,,,N,2,0,1,2,A,-,11,21954,A,N,G,B,D,A,H,-,C,D,0,Y,,,,Y,,N,60,1,0,0,0,1,0,0,0,0,"- ","- ",37.078609466552734,-120.83495330810547,MERCED,"LOS BANOS",-120.834002,37.073760999999998
9339367,2021,2021-10-11,2406,2021-09-18,0156,286,2,6,5,5,2406,0,0,0,,0,020,"MARTIN LUTHER KING JR WY","WEST 14TH ST",0.00,,Y,A,-,Y,MER,10,99,-,-,14.551,R,4,N,Y,2,0,2,2,A,-,01,23152,A,N,D,G,A,A,H,-,C,A,0,,Y,,,Y,Y,A,01,1,1,0,0,0,0,1,0,0,"- ","- ",,,MERCED,MERCED,-120.48009490966797,37.295711517333984
9347808,2021,2021-11-02,2406,2021-09-28,1751,265,3,2,5,5,2406,0,0,0,,0,030,"G ST","CHILDS AV",16.00,N,N,A,-,N,,,,,,,,,,Y,2,0,5,2,A,-,12,21453,,N,B,C,A,A,H,-,A,A,0,,,,,Y,Y,-,"- ",5,0,0,0,0,0,0,0,0,"- ","- ",,,MERCED,MERCED,-120.48188018798828,37.288211822509766
9351792,2021,2021-12-23,2406,2021-11-20,0225,303,1,6,5,5,2406,0,0,0,,0,010,"G ST","EL PORTAL DR",310.00,N,N,A,-,N,,,,,,,,,,N,2,0,1,2,A,-,11,21954,A,F,G,B,D,A,H,-,C,D,0,Y,,,,Y,Y,N,60,1,0,0,0,1,0,0,0,0,"- ","- ",,,MERCED,MERCED,-120.46916961669922,37.327560424804688
9354586,2021,2021-10-26,2405,2021-05-25,0427,PD143,2,2,5,3,2405,0,0,0,,0,0B2,"SAN LUIS RD","WARD RD",48.00,W,N,A,-,N,,,,,,,,,,N,2,0,1,2,A,-,11,21954,A,N,G,B,D,A,H,-,C,A,0,Y,,,,Y,,N,60,1,0,0,0,1,0,0,0,0,"- ","- ",37.061580657958984,-120.81770324707031,MERCED,"LOS BANOS",-120.81784820556641,37.061573028564453
9355273,2021,2021-11-06,2406,2021-10-18,2257,290,2,1,5,5,2406,0,0,0,,0,021,"WEST 23RD ST","S ST",130.00,W,N,A,-,N,,,,,,,,,,Y,2,0,1,2,A,-,09,21804,A,N,D,G,A,A,H,-,D,D,0,,Y,Y,,Y,,L,04,1,0,0,0,0,0,1,0,0,"- ","- ",,,MERCED,MERCED,-120.49087524414062,37.311424255371094
9355277,2021,2021-11-06,2406,2021-10-05,1836,309,NORTH,2,5,5,2406,0,0,0,,0,010,"EAST YOSEMITE AV","PARSONS AV",0.00,,Y,A,-,N,,,,,,,,,,Y,2,0,1,1,A,-,03,22350,,N,H,A,A,A,H,-,A,A,0,,,Y,,Y,,C,02,1,0,0,0,0,0,0,0,1,"- ","- ",,,MERCED,MERCED,-120.45095825195312,37.332145690917969
9355389,2021,2021-11-10,2406,2021-09-29,1900,307,2,3,5,5,2406,0,0,0,,0,020,"G ST","EAST 22ND ST",12.00,N,N,A,-,N,,,,,,,,,,N,2,0,1,2,A,-,05,21650,1,N,D,G,A,A,H,-,C,A,0,,Y,,,Y,,L,04,1,0,0,0,0,0,1,0,0,"- ","- ",,,MERCED,MERCED,-120.47295379638672,37.3037109375
9361109,2021,2022-03-21,2401,2021-10-18,0955,710,4,1,5,3,2401,0,0,0,,0,004,"1ST ST","CEDAR AV",0.00,,Y,A,-,N,,,,,,,,,,Y,2,0,1,2,A,-,09,21802,A,N,D,C,A,A,H,-,A,A,0,,,,,Y,,A,01,1,0,0,0,0,0,0,0,0,"- ","- ",37.346920013427734,-120.60655212402344,MERCED,ATWATER,-120.60655975341797,37.346923828125
9367183,2021,2021-12-09,2406,2021-11-13,2029,269,1,6,5,5,2406,0,0,0,,0,011,"RT 59","SANTA FE DR",0.00,,Y,A,-,Y,MER,10,59,-,-,16.100,I,5,N,Y,2,0,1,1,A,-,03,22350,,N,E,I,A,D,H,-,C,A,0,,,,,Y,,A,01,1,0,0,0,0,0,0,0,0,"- ","- ",,,MERCED,MERCED,-120.50492858886719,37.319099426269531
93763722,2024,2024-08-06,9460,2024-07-27,"300 ",022221,,6,3,9,2400,0,3,5,,2,050,"CAMPUS PARKWAY","OLIVE AVE",128.00,S,N,A,-,N,,,,,,,,,,N,2,0,1,1,A,-,08,22107,,N,E,I,A,A,H,-,C,D,0,,,Y,,Y,,C,02,1,0,0,0,0,0,0,0,1,"- ","- ",37.317249298095703,-120.42291259765625,MERCED,UNINCORPORATED,-120.47291564941406,37.318447113037109
9378365,2021,2022-01-24,2401,2021-12-03,0833,733,1,5,5,3,2401,0,0,0,,0,001,"JUNIPER AV",EUCALYDTUS,0.00,,Y,E,-,N,,,,,,,,,,Y,2,0,3,2,A,-,09,21804,A,N,H,C,A,B,H,-,A,A,0,,,,,Y,,A,01,1,2,0,0,0,0,0,0,0,"- ","- ",37.351661682128906,-120.60162353515625,MERCED,ATWATER,-120.60160827636719,37.351657867431641
9380250,2021,2022-01-21,2401,2021-12-08,1315,731,1,3,5,3,2401,0,0,0,,0,,"E BELLEVUE","BROWNELL ST",15.00,E,N,A,-,N,,,,,,,,,,Y,2,0,1,2,A,-,08,22107,,N,H,G,A,A,H,-,A,D,0,,Y,,,Y,,L,04,1,0,0,0,0,0,1,0,0,"- ","- ",37.360198974609375,-120.59668731689453,MERCED,ATWATER,-120.59349060058594,37.360481262207031
9383445,2021,2022-01-07,2405,2021-04-04,0541,PD44,,7,5,3,2405,0,0,0,,0,0B1,"SANTA RITA AV","F ST",21.00,N,N,A,-,N,,,,,,,,,,N,2,0,3,1,A,-,03,22350,,N,E,I,A,A,H,-,C,A,0,,,,,Y,,A,01,2,0,1,0,0,0,0,0,0,"- ","- ",37.061100006103516,-120.83741760253906,MERCED,"LOS BANOS",-120.83744049072266,37.061176300048828
9386353,2021,2022-01-12,2406,2021-12-02,1341,129,SOUTH,4,5,5,2406,0,0,0,,0,030,"RT 59","WEST 12TH ST",120.00,S,N,A,-,Y,MER,10,59,-,-,14.630,H,-,S,Y,2,0,2,2,A,-,09,21804,A,N,D,C,A,A,H,-,A,D,0,,,,,Y,,A,01,1,0,1,0,0,0,0,0,0,"- ","- ",,,MERCED,MERCED,-120.48355865478516,37.294750213623047
9392449,2022,2022-02-08,2406,2022-01-15,1759,183,2,6,5,5,2406,0,0,0,,0,021,"RT 5","WEST 19TH ST",0.00,,Y,E,-,N,,,,,,,,,,N,2,0,1,2,A,-,03,22350,A,F,G,B,B,A,H,-,C,D,0,Y,,,,Y,,A,01,1,0,0,0,1,0,0,0,0,"- ","- ",,,MERCED,MERCED,-122.46521759033203,40.619319915771484
9403290,2021,2022-03-15,2405,2021-08-06,1854,PD55,3,5,5,3,2405,0,0,0,,0,0B3,"RT 152","7TH ST",310.00,E,N,A,-,Y,MER,10,152,-,-,20.650,H,-,E,N,2,0,1,3,A,-,03,22350,,N,B,C,A,A,H,-,A,A,0,,,Y,,Y,,C,02,1,0,0,0,0,0,0,0,1,"- ","- ",37.057170867919922,-120.84156799316406,MERCED,"LOS BANOS",-120.84652709960938,37.056896209716797
9405977,2021,2022-03-07,2405,2021-07-04,2116,PD55,1,7,5,3,2405,0,0,0,,0,0B1,"COLORADO AV","WATT DR",208.00,N,N,A,-,N,,,,,,,,,,N,2,0,1,2,A,-,11,21954,A,N,G,B,E,A,H,-,D,D,0,Y,,,,Y,Y,N,60,1,0,0,0,1,0,0,0,0,"- ","- ",37.066108703613281,-120.86560821533203,MERCED,"LOS BANOS",-120.86559295654297,37.066661834716797
9405985,2021,2022-03-07,2405,2021-07-03,1130,PD49,1,6,5,3,2405,0,0,0,,0,0B1,"3RD ST","J ST",19.00,S,N,A,-,N,,,,,,,,,,Y,2,0,1,2,A,-,12,22450,,F,D,C,A,A,H,-,A,D,0,,,,,Y,,D,22,1,0,0,0,0,0,0,0,0,"- ","- ",37.061901092529297,-120.85286712646484,MERCED,"LOS BANOS",-120.8529052734375,37.061874389648438
9408848,2022,2022-03-04,2406,2022-01-28,1142,303,1,5,5,5,2406,0,0,0,,0,010,"G ST","OLIVE AV",405.00,N,N,A,-,N,,,,,,,,,,Y,2,0,3,3,A,-,"- ",,,N,G,B,F,A,H,-,A,D,0,Y,,,,Y,,A,01,1,2,0,0,1,0,0,0,0,"- ","- ",,,MERCED,MERCED,-120.46942138671875,37.319652557373047
9409529,2020,2022-03-08,2405,2020-11-01,1727,PD45,6,7,5,3,2405,0,0,0,,0,B42,"PLACE RD","PLACE RD 864",0.00,,-,A,-,N,,,,,,,,,,N,2,0,2,3,A,-,21,22106,,N,D,E,F,A,H,-,B,D,0,Y,,,,Y,,A,01,2,0,0,0,1,0,0,0,0,"- ","- ",37.085399627685547,-120.82457733154297,MERCED,"LOS BANOS",-120.824834,37.086993999999997
9413685,2021,2022-02-24,2405,2021-07-14,1401,PD19,3,3,5,3,2405,0,0,0,,0,0B3,"PACHECO BL","13TH ST",0.00,,Y,A,-,Y,MER,10,152,-,-,21.176,I,5,E,N,2,0,1,2,A,-,09,21804,B,N,D,C,A,A,H,-,A,D,0,,,Y,,Y,,A,01,1,0,0,0,0,0,0,0,1,"- ","- ",37.055648803710938,-120.81336975097656,MERCED,"LOS BANOS",-120.83708190917969,37.056922912597656
9413697,2021,2022-02-22,2405,2021-08-16,1808,PD45,3,1,5,3,2405,0,0,0,,0,0B3,"PACHECO BL","WEST I ST",84.00,E,N,A,-,Y,MER,10,152,-,-,19.590,H,-,E,N,2,0,3,3,A,-,08,22107,,N,C,C,A,A,H,-,A,A,0,,,,,Y,,A,01,1,0,2,0,0,0,0,0,0,"- ","- ",37.056880950927734,-120.86528778076172,MERCED,"LOS BANOS",-120.86579132080078,37.056858062744141
9413757,2021,2022-02-28,2405,2021-06-10,0342,PD46,1,4,5,3,2405,0,0,0,,0,0B1,"W PACHECO BL","RT 152",3.00,S,N,A,-,Y,MER,10,152,-,-,18.560,H,-,W,Y,2,0,1,2,A,-,03,22350,,N,C,C,A,A,H,-,D,D,0,,,,,Y,,A,01,1,0,0,0,0,0,0,0,0,"- ","- ",37.056831359863281,-120.87831115722656,MERCED,"LOS BANOS",-120.88407135009766,37.056854248046875
9413876,2021,2022-03-18,2405,2021-09-21,1514,PD148,2,2,5,3,2405,0,0,0,,0,0B2,"F ST","N MERCEY SPRINGS RD",2.00,W,N,A,-,Y,MER,10,165,-,-,9.089,I,5,S,N,2,0,1,2,A,-,09,21802,A,N,D,G,A,A,H,-,A,A,0,,Y,,,Y,,L,04,1,0,0,0,0,0,1,0,0,"- ","- ",37.061088562011719,-120.83528137207031,MERCED,"LOS BANOS",-120.83528900146484,37.061100006103516
9414200,2022,2022-03-15,2401,2022-01-19,1450,722,2,3,5,3,2401,0,0,0,,0,002,"BUHACH RD","JUNIPER AV",0.00,,Y,A,-,N,,,,,,,,,,N,2,0,1,2,A,-,11,21950,B,N,G,B,B,A,H,-,A,A,0,Y,,,,Y,,N,60,1,0,0,0,1,0,0,0,0,"- ","- ",37.349620819091797,-120.58097076416016,MERCED,ATWATER,-120.57685089111328,37.349521636962891
9415491,2022,2022-03-10,2406,2022-02-12,1217,183,1,6,5,5,2406,0,0,0,,0,011,"R ST","BUENA VISTA DR",115.00,N,N,A,-,N,,,,,,,,,,N,2,0,1,2,A,-,08,22107,,N,B,C,A,A,H,-,A,D,0,,,Y,,Y,,A,01,1,0,0,0,0,0,0,0,0,"- ","- ",,,MERCED,MERCED,-120.48683166503906,37.326686859130859
9420495,2022,2022-04-22,2401,2022-03-03,1558,731,,4,5,3,2401,0,0,0,,0,004,"ATWATER BL","MAPLE ST",0.00,,Y,A,-,N,,,,,,,,,,Y,2,0,3,2,A,-,09,21804,A,N,D,C,A,A,H,-,A,D,0,,,,,Y,Y,A,01,2,0,1,0,0,0,0,0,0,"- ","- ",37.348281860351562,-120.61105346679688,MERCED,ATWATER,-120.61610412597656,37.348297119140625
9420838,2022,2022-04-22,2401,2022-03-17,2232,723,1,4,5,3,2401,0,0,0,,0,001,"MANZANITA DR","CHESTNUT DR",3.00,E,N,A,-,N,,,,,,,,,,Y,2,0,1,2,A,-,08,22107,,N,A,E,A,A,H,-,C,D,0,,,Y,,Y,,C,02,1,0,0,0,0,0,0,0,1,"- ","- ",37.363998413085938,-120.59771728515625,MERCED,ATWATER,-120.59776306152344,37.364238739013672
9421330,2022,2022-03-21,2406,2022-02-13,2333,283,1,7,5,5,2406,0,0,0,,0,010,"G ST","WEST YOSEMITE AV",0.00,,Y,A,-,N,,,,,,,,,,Y,2,0,1,1,A,-,03,22350,,N,E,I,A,A,H,-,C,A,0,,,,,Y,,A,01,1,0,0,0,0,0,0,0,0,"- ","- ",,,MERCED,MERCED,-120.46907806396484,37.332115173339844
9433221,2021,2022-08-29,2405,2021-06-25,2335,PD126,2,5,5,3,2405,0,0,0,,0,0B2,"MERCEY SPRINGS RD","PACHECO BL",20.00,N,N,A,-,Y,MER,10,152,-,-,21.272,I,5,W,N,2,0,1,2,A,-,09,21453,C,F,G,B,B,A,H,-,C,A,0,Y,,,,Y,,A,01,1,0,0,0,1,0,0,0,0,"- ","- ",37.056861877441406,-120.83529663085938,MERCED,"LOS BANOS",-120.83535766601562,37.056922912597656
94356875,2024,2024-08-16,9460,2024-08-07,1800,021662,,3,2,9,2400,0,3,5,,2,030,"ASHBY RD","FERN ST",0.00,,Y,A,-,N,,,,,,,,,,Y,2,0,2,2,A,-,09,21801,A,N,A,C,A,A,H,-,A,D,0,,,Y,,Y,,A,01,1,1,0,0,0,0,0,0,1,"- ","- ",37.317218780517578,-120.52982330322266,MERCED,UNINCORPORATED,-120.52967071533203,37.317150115966797
94372240,2024,2024-08-27,9460,2024-04-28,2118,022406,,7,2,9,2400,0,1,3,,1,165,"SR-165 N/B","RIVER ROAD",1056.00,N,N,A,-,N,,,,,,,,,,Y,1,1,0,2,A,-,01,23152,A,N,C,C,A,A,H,-,D,D,0,,,Y,,Y,Y,C,02,0,0,0,0,0,0,0,1,0,"- ","- ",37.364109039306641,-120.85317993164062,MERCED,UNINCORPORATED,-120.85289764404297,37.363872528076172
94378938,2024,2024-09-03,9460,2024-08-06,2100,021150,,2,2,9,2400,0,3,5,,2,020,"MERCED AVENUE","BLOSS AVENUE",2640.00,N,N,A,-,N,,,,,,,,,,N,1,1,0,2,A,-,11,21956,A,N,G,B,E,A,H,-,D,D,0,Y,,,,Y,,N,60,0,0,0,1,0,0,0,0,0,"- ","- ",37.412528991699219,-120.79563903808594,MERCED,UNINCORPORATED,-120.79561614990234,37.412387847900391
9438015,2022,2022-05-17,2406,2022-04-16,1810,283,1,6,5,5,2406,0,0,0,,0,010,"BARCLAY WY","MANDEVILLE LN",102.00,S,N,A,-,N,,,,,,,,,,Y,2,0,1,2,A,-,08,22107,,N,A,C,A,A,H,-,A,A,0,,,Y,,Y,,C,03,1,0,0,0,0,0,0,0,1,"- ","- ",,,MERCED,MERCED,-120.47286224365234,37.357929229736328
94383037,2024,2024-09-05,9461,2024-08-26,1936,017029,,1,2,9,2400,0,1,1,,2,205,"I-5 S/B","ARBURUA RD",3696.00,S,N,A,-,Y,MER,,5," "," ",8.961,H,,L,Y,2,0,2,2,A,-,08,22107,,N,B,C,A,A,H,-,B,D,0,,,,Y,Y,,A,01,1,1,0,0,0,0,0,0,0,"- ","- ",36.957950592041016,-120.87454223632812,MERCED,UNINCORPORATED,-120.87450408935547,36.957981109619141
9438427,2022,2022-04-28,2406,2022-03-22,1755,256,2,2,5,5,2406,0,0,0,,0,020,"RT 140","ORCHARD DR",655.00,W,N,A,-,Y,MER,10,140,-,-,39.580,H,-,E,Y,2,0,2,2,A,-,03,22350,,N,C,C,A,A,H,-,A,D,0,,,,,Y,,A,01,1,0,1,0,0,0,0,0,0,"- ","- ",,,MERCED,MERCED,-120.39952087402344,37.295436859130859
94406401,2024,2024-09-24,9460,2024-09-18,1921,020840,,3,2,9,2400,0,3,5,,2,020,"LOONEY ROAD","OAKDALE ROAD",0.00,,Y,A,-,N,,,,,,,,,,N,2,0,1,2,A,-,01,23152,A,F,D,C,A,A,H,-,D,A,0,,,,,Y,Y,A,01,1,0,0,0,0,0,0,0,0,"- ","- ",37.468578338623047,-120.63094329833984,MERCED,UNINCORPORATED,-120.63081359863281,37.468467712402344
94408316,2024,2024-09-25,9460,2024-09-17,1336,019012,,2,1,5,2406,0,1,3,,2,003,"SR-99 N/B","R STREET",760.00,S,N,A,-,Y,MER,,99," "," ",15.269,H,,R,N,2,0,1,1,A,-,08,22107,,N,F,A,A,A,H,-,A,D,0,,,Y,,Y,,C,02,1,0,0,0,0,0,0,0,1,"- ","- ",37.300159454345703,-120.491943359375,MERCED,MERCED,-120.49197387695312,37.300106048583984
94414427,2024,2024-10-01,9460,2024-09-28,"227 ",022406,,6,3,9,2400,0,1,3,,2,002,"SR-99 S/B","FRANKLIN RD",4224.00,S,N,A,-,Y,MER,,99," "," ",17.624,H,,L,N,2,0,4,1,A,-,01,23152,A,N,E,I,A,A,H,-,D,D,0,,,,,Y,Y,A,08,2,0,2,0,0,0,0,0,0,"- ","- ",37.316051483154297,-120.52841949462891,MERCED,UNINCORPORATED,-120.52833557128906,37.316200256347656
94421303,2024,2024-10-07,9461,2024-09-28,1930,021785,,6,2,9,2400,0,1,3,,1,140,SR-140,"WHITWORTH RD",700.00,W,N,A,-,Y,MER,,140," "," ",3.115,H,,R,Y,2,0,2,2,A,-,01,23152,A,N,A,C,A,A,H,-,D,D,0,,,,Y,Y,Y,A,07,1,0,1,0,0,0,0,0,0,"- ","- ",37.245700836181641,-121.03237915039062,MERCED,UNINCORPORATED,-121.03237915039062,37.245834350585938
94422104,2024,2024-10-07,9460,2024-10-03,1930,021150,,4,2,9,2400,0,3,5,,2,020,"HINTON AVENUE","AUGUST AVENUE",622.00,S,N,A,-,N,,,,,,,,,,Y,2,0,2,2,A,-,01,23152,A,F,A,C,A,A,H,-,D,D,0,,,,,Y,Y,A,01,1,1,0,0,0,0,0,0,0,"- ","- ",37.417648315429688,-120.77731323242188,MERCED,UNINCORPORATED,-120.77731323242188,37.417781829833984
94429691,2024,2024-10-14,9460,2024-10-05,1443,022049,,6,2,9,2400,0,2,4,,1,052,"LAKE RD","TROVARE CT",421.00,S,N,A,-,N,,,,,,,,,,N,2,0,3,2,A,-,05,21460,A,N,A,C,A,A,H,-,A,D,0,,,,,Y,,A,01,1,2,0,0,0,0,0,0,0,"- ","- ",37.350101470947266,-120.43254089355469,MERCED,UNINCORPORATED,-120.43252563476562,37.350173950195312
94434460,2024,2024-10-17,9460,2024-10-07,"410 ",022590,,1,3,9,2400,0,1,3,,2,001,"SR-99 SB","GRIFFITH ROAD",3168.00,N,N,A,-,Y,MER,,99," ",R,37.249,H,,L,Y,2,0,2,2,A,-,08,22107,,N,B,C,A,A,H,-,D,D,0,,,,,Y,,A,07,1,0,1,0,0,0,0,0,0,"- ","- ",37.462928771972656,-120.82160186767578,MERCED,UNINCORPORATED,-120.82157135009766,37.462970733642578
94436744,2024,2024-10-18,9460,2024-10-15,"315 ",020099,,2,3,9,2400,0,3,5,,2,050,"E CHILDS AVE.","CHIILDS CT.",75.00,W,N,A,-,N,,,,,,,,,,N,2,0,1,2,A,-,11,21956,A,N,G,B,E,A,H,-,D,D,0,Y,,,Y,Y,,N,60,1,0,0,0,1,0,0,0,0,"- ","- ",37.288059234619141,-120.46018218994141,MERCED,UNINCORPORATED,-120.24235534667969,37.287178039550781
94438420,2024,2024-10-21,9461,2024-10-12,"430 ",023050,,6,3,9,2400,0,1,3,,1,452,"STATE HIGHWAY 152","TURNER ISLAND RD",1637.00,E,N,A,-,Y,MER,,152," "," ",28.766,H,,L,Y,2,0,1,1,A,-,08,22107,,N,E,8,A,A,H,-,D,D,0,,,,,Y,,A,01,1,0,0,0,0,0,0,0,0,"- ","- ",37.054618835449219,-120.699951171875,MERCED,UNINCORPORATED,-120.69994354248047,37.054576873779297
94459844,2024,2024-11-06,9461,2024-10-11,"705 ",017329,,5,1,9,2400,0,1,3,,1,465,"STATE ROUTE (SR)165","SALT SLOUGH",11088.00,S,N,B,-,Y,MER,,165," "," ",20.241,H,,R,Y,1,1,1,2,A,-,06,21751,,N,A,C,A,A,H,-,B,D,0,,,,Y,Y,,A,01,0,1,0,0,0,0,0,0,0,"- ","- ",37.217170715332031,-120.85202026367188,MERCED,UNINCORPORATED,-120.85199737548828,37.217170715332031
94489089,2024,2024-12-02,9460,2024-11-21,"340 ",021662,,4,3,9,2400,0,3,5,,2,030,"ASHBY RD","GURR RD",710.00,E,N,A,-,N,,,,,,,,,,Y,2,0,3,1,A,-,08,22107,,N,E,I,A,A,H,-,D,D,0,,,,,Y,,A,07,1,2,0,0,0,0,0,0,0,"- ","- ",37.327011108398438,-120.55638122558594,MERCED,UNINCORPORATED,-120.55909729003906,37.328380584716797
94494445,2024,2024-12-06,9460,2024-11-30,"540 ",021856,,6,3,9,2400,0,1,3,,1,165,SR-165,"WILLIAMS AVE",950.00,S,N,E,-,Y,MER,,165," "," ",32.176,H,,R,Y,2,0,3,4,A,-,05,21460,A,N,B,C,A,A,H,-,D,D,0,,,,,Y,,A,01,1,2,0,0,0,0,0,0,0,"- ","- ",37.387031555175781,-120.85034942626953,MERCED,UNINCORPORATED,-120.85037231445312,37.387031555175781
94497260,2024,2024-12-13,9460,2024-11-30,"555 ",021856,,6,3,9,2400,0,1,3,,1,165,SR-165,"WILLIAMS AVE",950.00,S,N,E,-,Y,MER,,165," "," ",32.165,H,,R,Y,2,0,1,2,A,-,03,22350,,N,D,C,A,A,H,-,D,D,0,,,,,Y,,A,01,1,0,0,0,0,0,0,0,0,"- ","- ",37.386871337890625,-120.85041809082031,MERCED,UNINCORPORATED,-120.85037994384766,37.386867523193359