CASE_ID,ACCIDENT_YEAR,PROC_DATE,JURIS,COLLISION_DATE,COLLISION_TIME,OFFICER_ID,REPORTING_DISTRICT,DAY_OF_WEEK,CHP_SHIFT,POPULATION,CNTY_CITY_LOC,SPECIAL_COND,BEAT_TYPE,CHP_BEAT_TYPE,CITY_DIVISION_LAPD,CHP_BEAT_CLASS,BEAT_NUMBER,PRIMARY_RD,SECONDARY_RD,DISTANCE,DIRECTION,INTERSECTION,WEATHER_1,WEATHER_2,STATE_HWY_IND,CALTRANS_COUNTY,CALTRANS_DISTRICT,STATE_ROUTE,ROUTE_SUFFIX,POSTMILE_PREFIX,POSTMILE,LOCATION_TYPE,RAMP_INTERSECTION,SIDE_OF_HWY,TOW_AWAY,COLLISION_SEVERITY,NUMBER_KILLED,NUMBER_INJURED,PARTY_COUNT,PRIMARY_COLL_FACTOR,PCF_CODE_OF_VIOL,PCF_VIOL_CATEGORY,PCF_VIOLATION,PCF_VIOL_SUBSECTION,HIT_AND_RUN,TYPE_OF_COLLISION,MVIW,PED_ACTION,ROAD_SURFACE,ROAD_COND_1,ROAD_COND_2,LIGHTING,CONTROL_DEVICE,CHP_ROAD_TYPE,PEDESTRIAN_ACCIDENT,BICYCLE_ACCIDENT,MOTORCYCLE_ACCIDENT,TRUCK_ACCIDENT,NOT_PRIVATE_PROPERTY,ALCOHOL_INVOLVED,STWD_VEHTYPE_AT_FAULT,CHP_VEHTYPE_AT_FAULT,COUNT_SEVERE_INJ,COUNT_VISIBLE_INJ,COUNT_COMPLAINT_PAIN,COUNT_PED_KILLED,COUNT_PED_INJURED,COUNT_BICYCLIST_KILLED,COUNT_BICYCLIST_INJURED,COUNT_MC_KILLED,COUNT_MC_INJURED,PRIMARY_RAMP,SECONDARY_RAMP,LATITUDE,LONGITUDE,COUNTY,CITY,POINT_X,POINT_Y
94499244,2024,2024-12-13,9460,2024-12-04,1615,018603,,3,2,9,2400,0,3,5,,2,010,"AUGUST AVENUE","FAITH HOME ROAD",1088.00,E,N,A,-,N,,,,,,,,,,N,2,0,1,1,C,-,18,,,N,E,H,A,A,H,-,A,D,0,,,,,Y,,-,"- ",1,0,0,0,0,0,0,0,0,"- ","- ",37.419231414794922,-120.91869354248047,MERCED,UNINCORPORATED,-120.91859436035156,37.41925048828125
94500263,2024,2024-12-13,9460,2024-06-01,2130,022190,,6,2,9,2400,0,3,5,,2,090,"N. SOUTHERN PACIFIC AVENUE","GURR ROAD",90.00,N,N,A,-,N,,,,,,,,,,Y,1,1,2,3,A,-,03,22350,,N,C,C,A,A,H,-,D,D,0,,,,,Y,,A,01,0,1,1,0,0,0,0,0,0,"- ","- ",37.326999664306641,-120.55921936035156,MERCED,UNINCORPORATED,,
94513543,2024,2024-12-23,9460,2024-10-12,1900,022162,,6,2,9,2400,0,1,3,,2,001,"SR-99 S/B TO SHANKS ROAD","SHANKS ROAD",0.00,,Y,A,-,Y,,,,,,,,,,Y,1,1,1,2,A,-,09,21802,A,N,D,C,A,A,H,-,B,A,0,,,,,Y,,A,01,0,1,0,0,0,0,0,0,0,"- ","- ",37.436649322509766,-120.78427124023438,MERCED,UNINCORPORATED,-120.78351593017578,37.436931610107422
94518460,2024,2024-12-27,9460,2024-12-21,2500,022315,,6,4,5,2406,0,1,3,,2,003,"SR-99 N/B FROM MISSION AVE.","MISSION AVE.",600.00,N,N,A,-,Y,,,,,,,,,,Y,2,0,1,1,C,-,18,,,N,F,I,A,D,G,-,D,D,0,,,,,Y,,-,"- ",1,0,0,0,0,0,0,0,0,"- ","- ",37.275901794433594,-120.43695831298828,MERCED,MERCED,-120.43892669677734,37.275962829589844
94519580,2024,2024-12-30,9460,2024-12-21,"737 ",021856,,6,1,9,2400,0,3,5,,2,010,"BLOSS AVE","GOLF LINK RD",1531.00,E,N,E,-,N,,,,,,,,,,Y,2,0,1,1,A,-,08,22107,,N,E,8,A,A,H,-,A,D,0,,,,,Y,,D,22,1,0,0,0,0,0,0,0,0,"- ","- ",37.404129028320312,-120.82643127441406,MERCED,UNINCORPORATED,-120.82662963867188,37.404075622558594
94523702,2024,2025-01-02,9461,2024-12-25,2335,023015,,3,3,9,2400,0,1,1,,2,205,"I-5 N/B","SR-165 S/B",300.00,N,N,A,-,Y,MER,,5," "," ",6.330,H,,L,N,2,0,1,2,A,-,11,21954,A,F,G,B,D,A,H,-,D,D,0,Y,,,,Y,,N,60,1,0,0,0,1,0,0,0,0,"- ","- ",36.930721282958984,-120.84130859375,MERCED,UNINCORPORATED,-120.84129333496094,36.930728912353516
9453078,2022,2022-06-22,2406,2022-04-27,0542,307,1,3,5,5,2406,0,0,0,,0,010,"WHITEWATER WY","NARVAEZ WY",6.00,S,N,A,-,N,,,,,,,,,,N,2,0,1,2,-,-,"- ",,A,N,G,B,E,A,H,-,C,D,0,Y,,,,Y,,N,60,1,0,0,0,1,0,0,0,0,"- ","- ",,,MERCED,MERCED,-120.44184875488281,37.329624176025391
9453103,2022,2022-06-21,2406,2022-05-03,0138,312,NORTH,2,5,5,2406,0,0,0,,0,011,"PASEO VERDE AV","W DONNA DR",118.00,S,N,A,-,N,,,,,,,,,,Y,2,0,1,3,A,-,03,22350,,N,A,E,A,A,H,-,C,D,0,,,,,Y,,A,01,1,0,0,0,0,0,0,0,0,"- ","- ",,,MERCED,MERCED,-120.48747253417969,37.329448699951172
94543815,2024,2025-01-21,9461,2024-12-21,2310,020486,,6,3,9,2400,0,3,5,,2,050,"ISLAND ROAD","EMERY ROAD",1584.00,S,N,A,-,N,,,,,,,,,,N,2,0,1,1,A,-,01,23152,A,N,F,A,A,A,H,-,D,D,0,,,Y,,Y,Y,C,06,1,0,0,0,0,0,0,0,1,"- ","- ",37.035358428955078,-120.55419921875,MERCED,UNINCORPORATED,,
94547072,2024,2025-01-23,9461,2024-10-30,"51  ",022904,,3,3,9,2400,0,1,1,,2,205,"INTERSTATE 5 (I-5) SOUTHBOUND","VOLTA RD",1703.00,N,N,A,-,Y,MER,,5," "," ",14.197,H,,L,Y,1,2,0,2,A,-,08,22107,,N,A,C,A,A,H,-,D,D,0,,,,,Y,,A,01,0,0,0,0,0,0,0,0,0,"- ","- ",37.017841339111328,-120.93245697021484,MERCED,UNINCORPORATED,-120.93242645263672,37.017860412597656
94547917,2025,2025-01-23,9461,2025-01-13,1645,021056,,1,2,9,2400,0,3,5,,2,020,"S SAN LUIS DR S/B","W VISTA GRANDE DR",275.00,S,N,A,-,N,,,,,,,,,,Y,2,0,1,1,A,-,08,22107,,N,B,I,A,A,H,-,A,D,0,,,,,Y,,A,07,1,0,0,0,0,0,0,0,0,"- ","- ",37.051120758056641,-121.01658630371094,MERCED,UNINCORPORATED,-121.01643371582031,37.051898956298828
94554223,2024,2025-01-29,9460,2024-10-27,"230 ",022315,,7,3,9,2400,0,3,5,,2,020,"EL CAPITAN WAY","SYCAMORE AVENUE",204.00,E,N,A,-,N,,,,,,,,,,Y,1,1,0,1,A,-,01,23152,A,N,E,J,A,A,H,-,D,D,0,,,,,Y,Y,D,22,0,0,0,0,0,0,0,0,0,"- ","- ",37.433929443359375,-120.75821685791016,MERCED,UNINCORPORATED,-120.75791931152344,37.433895111083984
94587764,2025,2025-02-24,9460,2025-02-15,2210,022725,,6,3,9,2400,0,3,5,,2,060,"PLAINSBURG RD","MARKET ST",125.00,S,N,A,-,N,,,,,,,,,,Y,2,0,2,1,A,-,01,23152,A,N,E,8,A,A,H,-,C,D,0,,,,,Y,Y,A,01,2,0,0,0,0,0,0,0,0,"- ","- ",37.291030883789062,-120.32479858398438,MERCED,UNINCORPORATED,-120.32485198974609,37.291194915771484
94590380,2025,2025-02-26,9460,2025-02-15,"35  ",022162,,6,3,9,2400,0,3,5,,2,030,"OAKDALE ROAD","LOONEY ROAD",528.00,E,N,A,-,N,,,,,,,,,,N,2,0,1,1,A,-,01,23152,A,N,E,I,A,A,H,-,D,D,0,,,,,Y,Y,A,07,1,0,0,0,0,0,0,0,0,"- ","- ",37.459041595458984,-120.61312866210938,MERCED,UNINCORPORATED,-120.62934875488281,37.467605590820312
94590429,2025,2025-03-05,9460,2025-02-23,1730,022590,,7,2,9,2400,0,1,3,,2,002,"ATWATER MERCED EXPRESSWAY S/B","GREEN SANDS AVENUE",1584.00,S,N,A,-,N,,,,,,,,,,Y,2,0,1,2,A,-,01,23152,A,N,A,C,A,A,H,-,A,A,0,,,,,Y,Y,D,22,1,0,0,0,0,0,0,0,0,"- ","- ",37.333560943603516,-120.56716918945312,MERCED,UNINCORPORATED,-120.56655120849609,37.334705352783203
94590604,2025,2025-02-26,9460,2025-02-17,1534,018778,,1,2,9,2400,0,3,5,,2,050,"OLIVE AVENUE","CAMPUS PARKWAY",50.00,W,N,A,-,N,,,,,,,,,,Y,2,0,1,1,A,-,03,22350,,N,E,8,A,A,H,-,A,A,0,,,Y,,Y,,C,02,1,0,0,0,0,0,0,0,1,"- ","- ",37.318031311035156,-120.42337799072266,MERCED,UNINCORPORATED,,
94592078,2024,2025-02-27,9460,2024-10-17,"804 ",019923,,4,1,9,2400,0,3,5,,2,070,"CUNNINGHAM ROAD","SANTA FE AVENUE",87.00,N,N,A,-,N,,,,,,,,,,Y,1,1,0,2,A,-,12,22451,B,N,D,F,A,A,H,-,A,A,0,,,,,Y,,A,07,0,0,0,0,0,0,0,0,0,"- ","- ",37.234348297119141,-120.25276947021484,MERCED,UNINCORPORATED,-120.25276947021484,37.234298706054688
9459237,2022,2022-06-14,2406,2022-05-01,0230,298,1,7,5,5,2406,0,0,0,,0,010,"EAST OLIVE AV","SYCAMORE DR",100.00,W,N,A,-,N,,,,,,,,,,Y,2,0,1,3,A,-,01,23152,A,N,C,E,A,A,H,-,C,D,0,,,,,Y,Y,A,01,1,0,0,0,0,0,0,0,0,"- ","- ",,,MERCED,MERCED,-120.46110534667969,37.3184814453125
9459260,2022,2022-06-14,2406,2022-05-03,1202,271,2,2,5,5,2406,0,0,0,,0,020,"K ST","WEST 20TH ST",0.00,,Y,A,-,N,,,,,,,,,,Y,2,0,2,2,A,-,12,22450,A,N,D,C,A,A,H,-,A,A,0,,,,,Y,,A,07,1,1,0,0,0,0,0,0,0,"- ","- ",,,MERCED,MERCED,-120.48011016845703,37.303882598876953
94599701,2025,2025-03-17,9461,2025-01-16,"902 ",021536,,4,1,9,2400,0,1,1,,2,105,"I-5 NORTHBOUND","TAGLIO ROAD",803.00,S,N,A,-,Y,MER,,5," "," ",30.183,H,,R,Y,1,1,0,2,A,-,03,22350,,N,C,C,A,A,H,-,A,D,0,,,,Y,Y,,A,01,0,0,0,0,0,0,0,0,0,"- ","- ",37.214809417724609,-121.08071899414062,MERCED,UNINCORPORATED,-121.08068084716797,37.214817047119141
94604977,2025,2025-03-18,9460,2025-03-01,1755,022163,,6,2,9,2400,0,1,3,,1,591,SR-59,"REILLY RD",5808.00,S,N,A,-,Y,MER,,59," "," ",10.975,H,,R,N,2,0,1,1,A,-,01,23152,A,N,F,A,A,A,H,-,A,D,0,,,Y,,Y,Y,C,02,1,0,0,0,0,0,0,0,1,"- ","- ",37.242549896240234,-120.48800659179688,MERCED,UNINCORPORATED,-120.48804473876953,37.242549896240234
9460947,2022,2022-08-09,2405,2022-03-15,1239,PD55,2,2,5,3,2405,0,0,0,,0,0B2,"MERCEY SPRINGS RD","E PACHECO BL",0.00,,Y,B,-,Y,MER,10,165,-,-,8.780,H,-,N,N,2,0,1,2,A,-,00,21461,,N,H,G,A,B,H,-,A,A,0,,Y,,,Y,,L,04,1,0,0,0,0,0,1,0,0,"- ","- ",37.056861877441406,-120.83528900146484,MERCED,"LOS BANOS",-120.83535766601562,37.056781768798828
9461406,2022,2022-06-30,2406,2022-06-16,1146,201,CENTR,4,5,5,2406,0,0,0,,0,020,"E 22ND ST ALLEY WY","G ST",17.00,E,N,A,-,N,,,,,,,,,,Y,2,0,1,3,A,-,10,21952,,F,G,B,E,A,H,-,A,D,0,Y,,,,Y,,A,01,1,0,0,0,0,0,0,0,0,"- ","- ",,,MERCED,MERCED,,
9462273,2022,2022-07-08,2406,2022-05-27,0125,156,3,5,5,5,2406,0,0,0,,0,030,"D ST","9TH ST",30.00,E,N,A,-,N,,,,,,,,,,N,2,0,1,2,A,-,09,21800,B,F,B,C,A,A,H,-,C,D,0,,,,,Y,Y,A,01,1,0,0,0,0,0,0,0,0,"- ","- ",,,MERCED,MERCED,-120.47575378417969,37.289455413818359
9462274,2022,2022-07-08,2406,2022-05-25,1925,283,2,3,5,5,2406,0,0,0,,0,020,"E 18TH ST","ORCHARD LN",0.00,,Y,A,-,N,,,,,,,,,,N,2,0,2,2,A,-,09,21800,A,N,D,C,A,A,H,-,A,D,0,,,Y,,Y,,-,"- ",1,1,0,0,0,0,0,0,1,"- ","- ",,,MERCED,MERCED,-120.46765899658203,37.296890258789062
9462275,2022,2022-07-08,2406,2022-05-22,1243,309,CENTR,7,5,5,2406,0,0,0,,0,020,"WEST 16TH ST","MARTIN LUTHER KING JR WY",18.00,E,N,A,-,N,,,,,,,,,,Y,2,0,1,2,A,-,09,21453,B,N,D,C,A,A,H,-,A,A,0,,,Y,,Y,,A,01,1,0,0,0,0,0,0,0,1,"- ","- ",,,MERCED,MERCED,-120.48087310791016,37.299301147460938
9462571,2022,2022-07-21,2406,2022-07-07,2107,283,2,4,5,5,2406,0,0,0,,0,020,"EAST 16TH ST","D ST",625.00,W,N,A,-,N,,,,,,,,,,Y,2,0,1,2,A,-,09,21804,A,N,D,G,A,A,H,-,D,D,0,,Y,,,Y,,L,04,1,0,0,0,0,0,1,0,0,"- ","- ",,,MERCED,MERCED,-120.47331237792969,37.296115875244141
9462860,2022,2022-08-17,2406,2022-06-29,2204,307,1,3,5,5,2406,0,0,0,,0,011,"WEST 16TH ST","RT 59",0.00,,Y,A,-,Y,MER,10,59,-,-,15.350,I,5,S,Y,2,0,2,2,A,-,12,22450,A,N,D,C,A,A,H,-,C,A,0,,,,,Y,Y,A,01,1,0,1,0,0,0,0,0,0,"- ","- ",,,MERCED,MERCED,-120.50485229492188,37.308284759521484
94632507,2024,2025-04-01,9461,2024-11-10,1915,021785,,7,2,9,2400,0,3,5,,2,010,"VOLTA ROAD","STATE ROUTE 152",2240.00,N,N,A,-,N,,,,,,,,,,Y,1,1,0,2,A,-,09,21801,A,N,A,C,A,A,H,-,D,D,0,,,Y,,Y,,D,22,0,0,0,0,0,0,0,1,0,"- ","- ",37.062938690185547,-120.92636108398438,MERCED,UNINCORPORATED,-120.92637634277344,37.062610626220703
9464215,2022,2023-03-29,2406,2022-07-16,1838,318,2,6,5,5,2406,0,0,0,,0,020,"E SOUTH BEAR CREEK DR","GLEN AV",498.00,E,N,A,-,N,,,,,,,,,,Y,1,1,1,2,A,-,00,21352,A,N,F,E,A,A,H,-,A,D,0,,,Y,,Y,Y,C,02,1,0,0,0,0,0,0,1,1,"- ","- ",,,MERCED,MERCED,-120.45831298828125,37.30706787109375
9464300,2022,2023-04-27,2406,2022-10-25,2242,201,NORTH,2,5,5,2406,0,0,0,,0,010,"G ST","BEAR CREEK DR",90.00,S,N,A,-,N,,,,,,,,,,Y,1,1,0,1,D,-,00,,,N,E,I,A,A,H,-,C,D,0,,,,,Y,,-,"- ",0,0,0,0,0,0,0,0,0,"- ","- ",,,MERCED,MERCED,-120.46947479248047,37.309806823730469
9464337,2022,2022-08-30,2406,2022-02-26,1940,313,1,6,5,5,2406,0,0,0,,0,011,"R ST","DONNA DR",81.00,S,N,A,-,N,,,,,,,,,,Y,1,1,0,2,A,-,11,21954,A,N,G,B,D,A,H,-,C,D,0,Y,,,,Y,,N,60,0,0,0,1,0,0,0,0,0,"- ","- ",,,MERCED,MERCED,-120.48674011230469,37.329246520996094
94652013,2025,2025-04-16,9460,2025-04-12,"702 ",020840,,6,1,9,2400,0,1,3,,2,001,"SR 99 S/B TO BRADBURY ROAD","BRADBURY RD",0.00,,Y,A,-,Y,,,,,,,,,,N,2,0,1,2,A,-,09,21802,A,N,D,C,A,A,H,-,A,A,0,,,,,Y,,A,01,1,0,0,0,0,0,0,0,0,"- ","- ",37.448749542236328,-120.79876708984375,MERCED,UNINCORPORATED,-120.79763793945312,37.448749542236328
94666787,2025,2025-04-28,9460,2025-04-20,1508,021856,,7,2,9,2400,0,1,3,,1,165,SR-165,"BRADBURY RD",20.00,S,N,A,-,Y,MER,,165," "," ",36.415,H,,R,Y,2,0,3,3,A,-,03,22350,,N,C,C,A,A,H,-,A,D,0,,,,Y,Y,,D,22,1,1,1,0,0,0,0,0,0,"- ","- ",37.448490142822266,-120.84909820556641,MERCED,UNINCORPORATED,-120.84913635253906,37.448490142822266
94668226,2025,2025-04-29,9460,2025-04-18,"705 ",019665,,5,1,9,2400,0,3,5,,2,040,"OAKDALE ROAD","DRY CREEK BRIDGE",229.00,E,N,B,-,N,,,,,,,,,,Y,2,0,1,2,A,-,03,22350,,N,B,C,A,A,H,-,A,D,0,,,Y,Y,Y,,C,02,1,0,0,0,0,0,0,0,1,"- ","- ",37.460231781005859,-120.61466217041016,MERCED,UNINCORPORATED,,
94670118,2024,2025-04-30,9461,2024-05-14,2011,019052,,2,2,9,2400,0,1,3,,1,452,"STATE ROUTE 152 WESTBOUND","BRANCO ROAD",1056.00,W,N,B,-,Y,MER,,152," "," ",27.616,H,,L,Y,1,1,3,1,A,-,08,22107,,N,F,A,A,A,H,-,B,D,0,,,,,Y,,A,07,3,0,0,0,0,0,0,0,0,"- ","- ",37.054859161376953,-120.720703125,MERCED,UNINCORPORATED,-120.720703125,37.054885864257812
94670224,2024,2025-04-30,9461,2024-03-05,"307 ",022033,,2,3,9,2400,0,1,1,,2,105,"INTERSTATE 5 NORTHBOUND","HENRY MILLER AVENUE",4224.00,S,N,B,-,Y,MER,,5," "," ",20.530,H,,R,Y,1,1,1,3,A,-,08,22107,,N,G,B,E,A,H,-,D,D,0,Y,,,Y,Y,,G,25,1,0,0,1,0,0,0,0,0,"- ","- ",37.090560913085938,-121.00231170654297,MERCED,UNINCORPORATED,-121.00233459472656,37.090545654296875
94678447,2025,2025-05-07,9460,2025-05-01,1130,015398,,4,1,9,2400,0,3,5,,2,010,"TEGNER RD.","WILLIAMS AVE.",0.00,,Y,A,-,N,,,,,,,,,,Y,2,0,1,2,A,-,09,21802,A,N,D,C,A,A,H,-,A,A,0,,,,Y,Y,,A,08,1,0,0,0,0,0,0,0,0,"- ","- ",37.390010833740234,-120.86675262451172,MERCED,UNINCORPORATED,-120.88677215576172,37.390022277832031
94679453,2025,2025-05-07,9460,2025-03-07,"210 ",020099,,5,3,9,2400,0,2,4,,1,041,"SANTA FE DRIVE","AVENUE TWO",1584.00,W,N,A,-,N,,,,,,,,,,Y,1,1,1,2,A,-,01,23152,A,N,A,C,A,A,H,-,D,D,0,,,,,Y,Y,A,01,1,0,0,0,0,0,0,0,0,"- ","- ",37.352161407470703,-120.55966186523438,MERCED,UNINCORPORATED,-120.55971527099609,37.352363586425781
94690458,2025,2025-05-16,9460,2025-05-09,1930,022190,,5,2,9,2400,0,3,5,,2,010,"STEPHENS STREET","SOUTH AVENUE",650.00,S,N,A,-,N,,,,,,,,,,Y,2,0,2,2,A,-,09,21801,A,N,D,C,A,A,H,-,A,D,0,,,,,Y,Y,A,01,1,1,0,0,0,0,0,0,0,"- ","- ",37.424568176269531,-120.77229309082031,MERCED,UNINCORPORATED,-120.77236938476562,37.424606323242188
94696140,2025,2025-05-21,9460,2025-05-16,1719,021704,,5,2,9,2400,0,2,4,,1,041,"SANTA FE DR","FOX RD",0.00,,Y,A,-,N,,,,,,,,,,Y,2,0,2,2,A,-,09,21801,A,N,A,C,A,A,H,-,A,D,0,,,Y,,Y,,A,01,1,0,1,0,0,0,0,0,1,"- ","- ",37.346271514892578,-120.54991149902344,MERCED,UNINCORPORATED,-120.54985046386719,37.346210479736328
94707684,2025,2025-05-30,9461,2025-05-20,2048,017029,,2,2,9,2400,0,1,3,,1,153,"SR-152 E/B","VOLTA RD",85.00,E,N,A,-,Y,MER,,152," "," ",16.262,H,,R,Y,2,0,1,2,A,-,01,23152,A,N,C,C,A,A,H,-,D,D,0,,,,,Y,Y,A,07,1,0,0,0,0,0,0,0,0,"- ","- ",37.056510925292969,-120.92606353759766,MERCED,UNINCORPORATED,-120.92605590820312,37.056468963623047
94709198,2025,2025-06-02,9460,2025-02-15,1906,022049,,6,2,9,2400,0,2,4,,1,051,"SNELLING ROAD","ROBINSON ROAD",7762.00,S,N,A,-,N,,,,,,,,,,Y,1,1,1,1,A,-,01,23152,G,N,E,I,A,A,H,-,D,D,0,,,,,Y,Y,A,01,1,0,0,0,0,0,0,0,0,"- ","- ",37.477519989013672,-120.44492340087891,MERCED,UNINCORPORATED,-120.44484710693359,37.477619171142578
94715852,2025,2025-06-06,9461,2025-05-19,"250 ",022979,,1,3,9,2400,0,2,4,,1,110,"IGNOMAR GRADE","BUNKER ROAD",700.00,S,N,A,-,N,,,,,,,,,,Y,2,0,1,1,A,-,01,23152,A,N,F,I,A,A,H,-,D,D,0,,,,,Y,Y,A,07,1,0,0,0,0,0,0,0,0,"- ","- ",37.171520233154297,-120.96822357177734,MERCED,UNINCORPORATED,,
94715909,2025,2025-06-06,9460,2025-05-28,1510,019665,,3,2,9,2400,1,3,5,,2,040,"LA GRANGE RD","FIELDS RD",1584.00,S,N,A,-,Y,,,,,,,,,,Y,2,0,1,2,D,-,00,,,N,C,C,A,A,H,-,A,D,0,,,Y,,Y,,-,"- ",1,0,0,0,0,0,0,0,1,"- ","- ",37.560520172119141,-120.42591094970703,MERCED,UNINCORPORATED,-120.42588806152344,37.560710906982422
94730763,2025,2025-06-18,9461,2025-06-07,1233,017329,,6,1,9,2400,0,1,3,,1,452,"SR-152 W/B","DELTA RD",0.00,,Y,A,-,Y,MER,,152," "," ",25.317,H,,L,Y,2,0,4,2,A,-,09,21802,A,N,D,C,A,A,H,-,A,A,0,,,,,Y,,A,08,1,0,3,0,0,0,0,0,0,"- ","- ",37.055599212646484,-120.76225280761719,MERCED,UNINCORPORATED,-120.76225280761719,37.055637359619141
94744559,2024,2025-06-30,9461,2024-12-20,2500,022904,,5,4,9,2400,0,1,1,,2,205,"INTERSTATE 5 (I-5) NORTHBOUND","STATE ROUTE 165 (SR-165)",10982.00,S,N,A,-,Y,MER,,5," "," ",4.180,H,,R,N,1,1,0,2,A,-,03,22350,,F,G,B,E,A,H,-,D,D,0,Y,,,,Y,,-,99,0,0,0,1,0,0,0,0,0,"- ","- ",36.907009124755859,-120.81607055664062,MERCED,UNINCORPORATED,-120.81607055664062,36.907009124755859
94744596,2024,2025-06-30,9461,2024-12-20,1824,022904,,5,2,9,2400,0,1,1,,2,205,"INTERSTATE 5 (I-5) NORTHBOUND","STATE ROUTE 165",11088.00,S,N,E,-,Y,MER,,5," "," ",4.196,H,,R,Y,1,1,4,2,A,-,01,23152,G,N,A,C,A,A,H,-,D,D,0,,,,,Y,Y,A,07,4,0,0,0,0,0,0,0,0,"- ","- ",36.907108306884766,-120.81640625,MERCED,UNINCORPORATED,-120.81623840332031,36.907203674316406
94747311,2025,2025-07-07,9461,2025-06-22,1705,023167,,7,2,9,2400,0,1,1,,2,105,"I-5 S/B",SR-152,2600.00,N,N,A,-,Y,MER,,5," "," ",18.086,H,,L,Y,2,0,2,1,A,-,08,22107,,N,F,A,A,A,H,-,A,D,0,,,,,Y,,D,22,1,1,0,0,0,0,0,0,0,"- ","- ",37.06256103515625,-120.97553253173828,MERCED,UNINCORPORATED,-120.97564697265625,37.062488555908203
94776054,2025,2025-07-24,9460,2025-03-22,"15  ",022938,,6,3,9,2400,0,1,3,,1,165,"SR-165 N/B","TURNER AVENUE",214.00,S,N,A,-,Y,MER,,165," "," ",31.065,H,,R,Y,1,2,1,2,A,-,01,23152,A,N,A,2,A,A,H,-,D,D,0,,,,,Y,Y,A,07,1,0,0,0,0,0,0,0,0,"- ","- ",37.370918273925781,-120.85080718994141,MERCED,UNINCORPORATED,-120.85085296630859,37.370933532714844
94817062,2025,2025-08-25,9461,2025-04-26,"510 ",023024,,6,3,9,2400,0,2,4,,1,415,"HENRY MILLER AVENUE","JOHNSON ROAD",735.00,E,N,C,-,N,,,,,,,,,,Y,1,2,0,2,A,-,08,22107,,N,A,C,A,B,H,-,D,D,0,,,,,Y,,A,01,0,0,0,0,0,0,0,0,0,"- ","- ",37.099971771240234,-120.86238098144531,MERCED,UNINCORPORATED,-120.86250305175781,37.099998474121094
9484162,2022,2022-07-27,2406,2022-07-11,2124,318,1,1,5,5,2406,0,0,0,,0,011,"W N BEARCREEK DR","R ST",0.00,,Y,A,-,N,,,,,,,,,,Y,2,0,1,2,A,-,12,21453,A,N,A,C,A,A,H,-,C,A,0,,,Y,,Y,,C,02,1,0,0,0,0,0,0,0,1,"- ","- ",,,MERCED,MERCED,-120.48741912841797,37.313713073730469
9485226,2022,2022-08-29,2401,2022-07-31,0615,738,1,7,5,3,2401,0,0,0,,0,001,"1ST ST","LAUREL AV",75.00,S,N,A,-,N,,,,,,,,,,Y,2,0,1,1,A,-,08,22107,,N,E,I,A,A,H,-,A,D,0,,,,,Y,,D,22,1,0,0,0,0,0,0,0,0,"- ","- ",37.353111267089844,-120.60160064697266,MERCED,ATWATER,-120.60175323486328,37.353397369384766
9495378,2022,2022-10-19,2405,2022-05-28,0959,PD59,2,6,5,3,2405,0,0,0,,0,0B2,"S MERCEY SPRINGS RD","E PACHECO BL",0.00,,Y,A,-,Y,MER,10,152,-,-,21.272,I,5,E,N,2,0,1,2,A,-,11,21950,B,N,A,G,A,A,H,-,A,A,0,,Y,,,Y,,L,04,1,0,0,0,0,0,1,0,0,"- ","- ",37.056861877441406,-120.83528900146484,MERCED,"LOS BANOS",-120.83541107177734,37.056854248046875
9504030,2022,2022-10-06,2406,2022-06-06,2057,129,CENTR,1,5,5,2406,0,0,0,,0,020,"G ST","26TH ST",60.00,S,N,A,-,N,,,,,,,,,,N,1,1,0,2,C,-,18,,,F,G,B,E,A,H,-,A,D,0,Y,,,,Y,Y,-,"- ",0,0,0,1,0,0,0,0,0,"- ","- ",,,MERCED,MERCED,-120.47071838378906,37.307483673095703
9504050,2022,2022-10-31,2405,2022-04-18,0522,PD148,3,1,5,3,2405,0,0,0,,0,0B3,"RT 152 (EAST PACHECO BL)","SANTA FE GRADE",1200.00,W,N,A,-,Y,MER,10,152,-,-,23.680,H,-,W,N,1,1,1,1,A,-,08,22107,,N,H,A,A,A,H,-,D,A,0,,,,,Y,,A,01,1,0,0,0,0,0,0,0,0,"- ","- ",37.052898406982422,-120.80819702148438,MERCED,"LOS BANOS",-120.79194641113281,37.056121826171875
9506648,2022,2022-10-13,2406,2022-08-24,2330,283,3,3,5,5,2406,0,0,0,,0,030,"SOUTH M ST","WEST CHILDS AV",150.00,S,N,A,-,N,,,,,,,,,,Y,2,0,1,4,A,-,03,22350,,M,C,E,A,A,H,-,C,D,0,,,,,Y,,D,22,1,0,0,0,0,0,0,0,0,"- ","- ",,,MERCED,MERCED,-120.49272918701172,37.287837982177734
9506672,2022,2022-11-22,2406,2022-09-30,1004,283,2,5,5,5,2406,0,0,0,,0,020,"S PARSONS AV","DINKEY CREEK AV",720.00,N,N,A,-,N,,,,,,,,,,Y,2,0,5,2,A,-,01,23152,F,N,A,C,A,A,H,-,A,D,0,,,,,Y,,D,22,3,1,1,0,0,0,0,0,0,"- ","- ",,,MERCED,MERCED,-120.45162963867188,37.286975860595703