CASE_ID,ACCIDENT_YEAR,PROC_DATE,JURIS,COLLISION_DATE,COLLISION_TIME,OFFICER_ID,REPORTING_DISTRICT,DAY_OF_WEEK,CHP_SHIFT,POPULATION,CNTY_CITY_LOC,SPECIAL_COND,BEAT_TYPE,CHP_BEAT_TYPE,CITY_DIVISION_LAPD,CHP_BEAT_CLASS,BEAT_NUMBER,PRIMARY_RD,SECONDARY_RD,DISTANCE,DIRECTION,INTERSECTION,WEATHER_1,WEATHER_2,STATE_HWY_IND,CALTRANS_COUNTY,CALTRANS_DISTRICT,STATE_ROUTE,ROUTE_SUFFIX,POSTMILE_PREFIX,POSTMILE,LOCATION_TYPE,RAMP_INTERSECTION,SIDE_OF_HWY,TOW_AWAY,COLLISION_SEVERITY,NUMBER_KILLED,NUMBER_INJURED,PARTY_COUNT,PRIMARY_COLL_FACTOR,PCF_CODE_OF_VIOL,PCF_VIOL_CATEGORY,PCF_VIOLATION,PCF_VIOL_SUBSECTION,HIT_AND_RUN,TYPE_OF_COLLISION,MVIW,PED_ACTION,ROAD_SURFACE,ROAD_COND_1,ROAD_COND_2,LIGHTING,CONTROL_DEVICE,CHP_ROAD_TYPE,PEDESTRIAN_ACCIDENT,BICYCLE_ACCIDENT,MOTORCYCLE_ACCIDENT,TRUCK_ACCIDENT,NOT_PRIVATE_PROPERTY,ALCOHOL_INVOLVED,STWD_VEHTYPE_AT_FAULT,CHP_VEHTYPE_AT_FAULT,COUNT_SEVERE_INJ,COUNT_VISIBLE_INJ,COUNT_COMPLAINT_PAIN,COUNT_PED_KILLED,COUNT_PED_INJURED,COUNT_BICYCLIST_KILLED,COUNT_BICYCLIST_INJURED,COUNT_MC_KILLED,COUNT_MC_INJURED,PRIMARY_RAMP,SECONDARY_RAMP,LATITUDE,LONGITUDE,COUNTY,CITY,POINT_X,POINT_Y
9509151,2022,2022-12-14,2406,2022-11-02,2154,309,CENTR,3,5,5,2406,0,0,0,,0,002,"EAST CHILDS AV","S COFFEE ST",470.00,W,N,A,-,N,,,,,,,,,,Y,2,0,3,2,A,-,01,23152,A,N,C,C,A,A,H,-,C,D,0,,,,,Y,Y,A,08,1,2,0,0,0,0,0,0,0,"- ","- ",,,MERCED,MERCED,-120.43518829345703,37.287799835205078
9509203,2022,2022-12-07,2406,2022-10-21,1311,222,1,5,5,5,2406,0,0,0,,0,011,"WEST OLIVE AV","RT 59",15.00,E,N,A,-,N,,,,,,,,,,N,2,0,3,2,A,-,17,21451,A,N,C,C,A,A,D,-,A,A,0,,,,,Y,,A,07,1,2,0,0,0,0,0,0,0,"- ","- ",,,MERCED,MERCED,-120.50490570068359,37.319019317626953
9513474,2022,2022-11-23,2406,2022-11-03,2355,129,CENTR,4,5,5,2406,0,0,0,,0,020,"RT 140","EAST 16TH ST",192.00,N,N,B,-,Y,MER,10,140,-,-,35.790,H,-,W,Y,2,0,1,1,A,-,01,23152,F,N,E,I,A,A,H,-,C,D,0,,,,Y,Y,,F,27,1,0,0,0,0,0,0,0,0,"- ","- ",,,MERCED,MERCED,-120.46813201904297,37.294872283935547
9514746,2023,2024-02-14,2401,2023-12-01,1421,722,1,5,5,3,2401,0,0,0,,0,001,"EAST BELLEVUE RD","SHAFFER RD",365.00,E,N,A,-,N,,,,,,,,,,Y,2,0,1,2,A,-,09,21804,A,N,D,C,A,A,H,-,A,D,0,,,,,Y,,A,01,1,0,0,0,0,0,0,0,0,"- ","- ",37.360469818115234,-120.59580230712891,MERCED,ATWATER,-120.59455108642578,37.3604736328125
9520276,2022,2023-01-24,2406,2022-12-26,1537,129,NORTH,1,5,5,2406,0,0,0,,0,011,"W. OLIVE AV","G ST",9.00,W,N,B,-,N,,,,,,,,,,N,1,1,0,2,A,-,10,21950,,F,G,B,B,A,H,-,A,A,0,Y,,,,Y,,A,01,0,0,0,1,0,0,0,0,0,"- ","- ",,,MERCED,MERCED,-120.46946716308594,37.318538665771484
9529982,2022,2023-01-12,2401,2022-10-29,0910,722,3,6,5,3,2401,0,0,0,,0,003,"BROADWAY AV","SHAFFER RD",0.00,,Y,A,-,N,,,,,,,,,,N,2,0,1,2,A,-,10,21950,A,F,G,B,B,A,H,-,A,A,0,Y,,,,Y,Y,A,01,1,0,0,0,1,0,0,0,0,"- ","- ",37.342311859130859,-120.59591674804688,MERCED,ATWATER,-120.59593963623047,37.342315673828125
9530636,2022,2022-12-13,2406,2022-10-10,1905,267,2,1,5,5,2406,0,0,0,,0,020,"MOTEL DR","MERCED AV",1056.00,S,N,A,-,N,,,,,,,,,,Y,2,0,1,1,A,-,07,21658,,N,E,J,A,A,H,-,D,D,0,,,,,Y,,A,01,1,0,0,0,0,0,0,0,0,"- ","- ",,,MERCED,MERCED,-120.45851898193359,37.290069580078125
9530718,2022,2022-12-06,2406,2022-10-07,1452,309,CENTR,5,5,5,2406,0,0,0,,0,020,"E YOSEMITE PKWY","MAIN ST",0.00,,Y,A,-,N,,,,,,,,,,Y,2,0,1,2,A,-,09,21802,A,N,D,C,A,A,H,-,A,D,0,,,,,Y,,D,22,1,0,0,0,0,0,0,0,0,"- ","- ",,,MERCED,MERCED,-120.46712493896484,37.295215606689453
9533694,2022,2023-01-30,2406,2022-12-14,0902,129,NORTH,3,5,5,2406,0,0,0,,0,011,"BELLEVUE RD","M ST",10.00,W,N,A,-,N,,,,,,,,,,Y,2,0,1,1,C,-,18,,,N,E,I,A,A,H,-,A,A,0,,,,,Y,,-,"- ",1,0,0,0,0,0,0,0,0,"- ","- ",,,MERCED,MERCED,-120.47730255126953,37.361118316650391
9534146,2023,2023-03-02,2406,2023-01-01,"310 ",162,2,7,5,5,2406,0,0,0,,0,020,"K ST","WEST 20TH ST",0.00,,Y,B,C,N,,,,,,,,,,Y,2,0,1,3,A,-,01,23152,A,N,D,D,A,B,H,-,C,A,0,,,,,Y,Y,A,01,1,0,0,0,0,0,0,0,0,"- ","- ",,,MERCED,MERCED,-120.48011016845703,37.303882598876953
9537760,2022,2023-01-27,2406,2022-11-26,1722,283,1,6,5,5,2406,0,0,0,,0,010,"SENECA ST","COLLEGE AV",245.00,W,N,A,-,N,,,,,,,,,,N,2,0,1,2,B,-,22,,,N,D,E,A,A,H,-,C,D,0,,,,,Y,,A,01,1,0,0,0,0,0,0,0,0,"- ","- ",,,MERCED,MERCED,-120.46718597412109,37.320228576660156
9538121,2022,2023-01-24,2406,2022-11-12,1017,315,CENTR,6,5,5,2406,0,0,0,,0,021,"R ST","WIGTH ST",0.00,,Y,A,-,N,,,,,,,,,,N,2,0,1,2,D,-,00,,,N,D,C,A,A,H,-,A,D,0,,,Y,,Y,,-,"- ",1,0,0,0,0,0,0,0,1,"- ","- ",,,MERCED,MERCED,,
9538593,2022,2023-01-12,2403,2022-06-28,1851,Z22,,2,5,2,2403,0,0,0,,0,,"SOUTH AV","8TH ST",0.00,,Y,-,-,N,,,,,,,,,,Y,2,0,1,2,A,-,03,22350,A,N,-,-,A,-,-,-,-,-,0,,,,,Y,Y,-,,1,0,0,0,0,0,0,0,0,"- ","- ",37.253150939941406,-121.00257110595703,MERCED,GUSTINE,-121.00279998779297,37.253017425537109
9544986,2022,2023-02-07,2405,2022-07-07,0723,PD20,5,4,5,3,2405,0,0,0,,0,B41,"OVERLAND AV","COTTONWOOD DR",0.00,,Y,A,-,N,,,,,,,,,,Y,2,0,1,2,A,-,09,21801,,N,H,G,A,A,H,-,A,D,0,,Y,,,Y,,A,01,1,0,0,0,0,0,1,0,0,"- ","- ",37.072021484375,-120.84465026855469,MERCED,"LOS BANOS",-120.84468841552734,37.073772430419922
9546224,2022,2023-02-17,2405,2022-11-01,2040,PD11,3,2,5,3,2405,0,0,0,,0,0B3,"W PACHECO BL","WEST I ST",0.00,,Y,A,-,Y,MER,10,152,-,-,19.560,H,-,E,N,2,0,1,2,A,-,05,21650,,N,G,B,A,A,H,-,C,D,0,,Y,,,Y,,L,04,1,0,0,0,0,0,1,0,0,"- ","- ",37.056568145751953,-120.86431884765625,MERCED,"LOS BANOS",-120.86634063720703,37.056800842285156
9546235,2022,2023-02-15,2405,2022-08-27,0132,PD46,1,6,5,3,2405,0,0,0,,0,0B1,"W PACHECO BL","ORTIGALITA RD",12.00,W,N,A,-,Y,MER,10,152,-,-,19.260,H,-,E,Y,2,0,1,3,A,-,01,23152,A,N,B,C,A,A,H,-,C,A,0,,,,,Y,Y,A,01,1,0,0,0,0,0,0,0,0,"- ","- ",37.056808471679688,-120.87184906005859,MERCED,"LOS BANOS",-120.8720703125,37.056644439697266
9547991,2022,2023-03-07,2406,2022-09-15,1658,183,1,4,5,5,2406,0,0,0,,0,010,"EAST YOSEMITE AV","JOERG AV",0.00,,Y,A,-,N,,,,,,,,,,Y,2,0,1,2,A,-,09,21802,A,N,D,C,A,A,H,-,A,A,0,,,,,Y,,A,01,1,0,0,0,0,0,0,0,0,"- ","- ",,,MERCED,MERCED,-120.45600128173828,37.3321533203125
9548283,2023,2023-03-02,2406,2023-01-02,1805,269,1,1,5,5,2406,0,0,0,,0,010,"6TH ST","YOSEMITE AV",1056.00,N,N,C,-,N,,,,,,,,,,Y,2,0,5,1,D,-,00,,,N,E,J,A,B,H,-,C,D,0,,,,,Y,,-,"- ",1,3,1,0,0,0,0,0,0,"- ","- ",,,MERCED,MERCED,,
9548826,2022,2023-02-13,2405,2022-11-21,1022,PD146,6,1,5,3,2405,0,0,0,,0,B42,"OVERLAND AV","SOMERSET AV",194.00,E,N,A,-,N,,,,,,,,,,Y,2,0,1,1,A,-,08,22107,,N,E,I,A,A,H,-,A,D,0,,,,,Y,,A,01,1,0,0,0,0,0,0,0,0,"- ","- ",37.073719024658203,-120.83136749267578,MERCED,"LOS BANOS",-120.83070373535156,37.073715209960938
9554834,2023,2023-03-23,2406,2023-01-27,2133,252,2,5,5,5,2406,0,0,0,,0,020,"RT 140","MOONJEAN AV",264.00,W,N,A,-,Y,MER,10,140,-,-,37.850,H,-,W,Y,2,0,4,2,A,-,09,21804,,N,C,C,A,A,H,-,C,D,0,,,,,Y,,A,01,3,1,0,0,0,0,0,0,0,"- ","- ",,,MERCED,MERCED,-120.43092346191406,37.295085906982422
9559073,2023,2023-03-30,2406,2023-02-14,"727 ",201,NORTH,2,5,5,2406,0,0,0,,0,011,"R ST","LOUGHBOROUGH DR",0.00,,Y,A,-,N,,,,,,,,,,Y,2,0,3,5,A,-,12,21453,A,N,D,C,F,A,H,-,A,A,0,Y,,,,Y,,A,01,1,2,0,0,1,0,0,0,0,"- ","- ",,,MERCED,MERCED,-120.48699951171875,37.323421478271484
9559995,2023,2023-03-30,2406,2023-02-25,"57  ",317,,6,5,5,2406,0,0,0,,0,330,"E EL VERANO ST","G ST",0.00,,Y,C,-,N,,,,,,,,,,Y,2,0,2,2,A,-,01,23152,A,N,C,E,A,B,H,-,C,B,0,,,,,Y,Y,A,01,1,1,0,0,0,0,0,0,0,"- ","- ",,,MERCED,MERCED,-120.48213195800781,37.280376434326172
9564833,2022,2023-04-07,2406,2022-11-07,1714,318,2,1,5,5,2406,0,0,0,,0,020,"WEST 16TH ST","H ST",106.00,W,N,A,-,N,,,,,,,,,,N,2,0,1,2,A,-,09,21804,A,N,H,A,A,A,H,-,B,D,0,,,Y,,Y,,A,01,1,0,0,0,0,0,0,0,1,"- ","- ",,,MERCED,MERCED,-120.47821044921875,37.298332214355469
9566920,2023,2023-05-16,2406,2023-04-27,1426,446,3,4,5,5,2406,0,0,0,,0,031,"R ST","WEST 11TH ST",15.00,S,N,A,-,N,,,,,,,,,,N,2,0,1,2,A,-,11,21954,A,N,G,B,D,A,H,-,A,D,0,Y,,,,Y,,N,60,1,0,0,0,1,0,0,0,0,"- ","- ",,,MERCED,MERCED,-120.49607086181641,37.29840087890625
9567122,2023,2023-05-12,2406,2023-04-06,"827 ",129,NORTH,4,5,5,2406,0,0,0,,0,010,"G STREET","CARDELLA RD",700.00,N,N,A,-,N,,,,,,,,,,Y,2,0,3,3,A,-,03,22350,,N,C,C,A,A,H,-,A,A,0,,,,,Y,,D,22,1,1,1,0,0,0,0,0,0,"- ","- ",,,MERCED,MERCED,-120.46884155273438,37.348461151123047
9569107,2023,2023-06-07,2406,2023-04-11,1854,315,SOUTH,2,5,5,2406,0,0,0,,0,031,"R ST","W 4TH ST",24.00,S,N,A,-,N,,,,,,,,,,N,2,0,1,2,A,-,10,21950,A,F,G,B,D,A,H,-,A,D,0,Y,,,,Y,Y,A,01,1,0,0,0,1,0,0,0,0,"- ","- ",,,MERCED,MERCED,-120.50010681152344,37.2913818359375
9569589,2023,2023-07-13,2406,2023-05-29,2149,283,NORTH,1,5,5,2406,0,0,0,,0,011,"RT 59","WEST OLIVE AV",0.00,,Y,A,-,Y,MER,10,59,-,-,16.100,I,5,N,Y,2,0,2,2,A,-,12,21453,A,N,D,C,A,A,H,-,C,A,0,,,Y,,Y,,C,02,2,0,0,0,0,0,0,0,2,"- ","- ",,,MERCED,MERCED,-120.50492858886719,37.319091796875
9574282,2023,2023-05-01,2401,2023-03-27,"36  ",729,4A,1,5,3,2401,0,0,0,,0,04A,"ATWATER BL","5TH ST",63.00,E,N,A,-,N,,,,,,,,,,N,2,0,1,2,A,-,05,21651,B,N,A,C,A,A,H,-,C,D,0,,,,,Y,,A,01,1,0,0,0,0,0,0,0,0,"- ","- ",37.353061676025391,-120.61351776123047,MERCED,ATWATER,-120.61116790771484,37.346687316894531
9574296,2023,2023-05-01,2401,2023-03-01,1818,730,1,3,5,3,2401,0,0,0,,0,001,"1ST ST","FORTUNA AV",0.00,,Y,A,-,N,,,,,,,,,,N,2,0,2,3,A,-,11,21954,A,N,G,B,D,A,H,-,C,D,0,Y,,,,Y,,N,60,2,0,0,0,2,0,0,0,0,"- ","- ",37.358219146728516,-120.59767913818359,MERCED,ATWATER,-120.59770965576172,37.358245849609375
9578190,2023,2023-05-09,2406,2023-03-18,"151 ",302,1,6,5,5,2406,0,0,0,,0,011,"FREEMARK DR","PHELPS DR",500.00,S,N,A,-,N,,,,,,,,,,Y,2,0,1,3,A,-,08,22107,,F,D,C,A,A,H,-,C,A,0,,,,,Y,,A,01,1,0,0,0,0,0,0,0,0,"- ","- ",,,MERCED,MERCED,-120.48262023925781,37.344169616699219
9580072,2023,2023-06-14,2406,2023-05-17,1735,283,1,3,5,5,2406,0,0,0,,0,011,"LOUGHBOROUGH DR","M ST",460.00,W,N,A,-,N,,,,,,,,,,N,2,0,1,2,A,-,10,21952,,F,G,B,F,A,H,-,A,D,0,Y,,,,Y,,A,07,1,0,0,0,1,0,0,0,0,"- ","- ",,,MERCED,MERCED,-120.47996520996094,37.322761535644531
9587491,2023,2023-06-08,2406,2023-05-03,"918 ",250,1,3,5,5,2406,0,0,0,,0,011,"BUENA VISTA DR","SARASOTA AV",288.00,E,N,A,-,N,,,,,,,,,,Y,2,0,1,1,C,-,18,,,N,E,I,A,A,H,-,A,D,0,,,,,Y,,-,"- ",1,0,0,0,0,0,0,0,0,"- ","- ",,,MERCED,MERCED,-120.50113677978516,37.326301574707031
9587693,2023,2023-06-08,2406,2023-05-10,2109,283,2,3,5,5,2406,0,0,0,,0,020,"G ST","EAST 23RD ST",120.00,S,N,A,-,N,,,,,,,,,,Y,2,0,1,3,A,-,01,23152,A,N,B,C,A,A,H,-,C,D,0,,,,,Y,Y,A,01,1,0,0,0,0,0,0,0,0,"- ","- ",,,MERCED,MERCED,-120.47261810302734,37.304336547851562
9588555,2023,2023-06-12,2403,2023-01-08,2313,Z26,,7,5,2,2403,0,0,0,,0,,"5TH ST","6TH AV",38.00,N,N,C,-,N,,,,,,,,,,Y,2,0,2,1,A,-,08,22107,,N,E,J,A,B,H,-,C,D,0,,,,,Y,Y,A,01,1,1,0,0,0,0,0,0,0,"- ","- ",37.253799438476562,-120.99836730957031,MERCED,GUSTINE,-120.99869537353516,37.253589630126953
9589265,2023,2023-06-19,2406,2023-05-27,2239,283,2,6,5,5,2406,0,0,0,,0,020,"G ST","WEST 15TH ST",0.00,,Y,A,-,N,,,,,,,,,,N,2,0,1,2,A,-,08,22107,,F,H,G,A,A,H,-,C,D,0,,Y,,,Y,,D,22,1,0,0,0,0,0,1,0,0,"- ","- ",,,MERCED,MERCED,-120.47718048095703,37.296379089355469
9591451,2023,2023-06-30,2401,2023-04-04,1354,735,3,2,5,3,2401,0,0,0,,0,003,"FAIRWAY DR","NICKLAUS CT",36.00,S,N,A,-,N,,,,,,,,,,N,2,0,1,2,A,-,03,22350,,N,C,C,A,A,H,-,A,D,0,,,Y,,Y,,C,02,1,0,0,0,0,0,0,0,1,"- ","- ",37.346988677978516,-120.58544158935547,MERCED,ATWATER,-120.58405303955078,37.339908599853516
9591452,2023,2023-06-30,2401,2023-04-24,2145,729,4,1,5,3,2401,0,0,0,,0,004,"APPLEGATE RD","COMMERCE AV",0.00,,Y,A,-,N,,,,,,,,,,N,2,0,1,2,A,-,10,21950,A,M,G,B,B,A,H,-,C,A,0,Y,,,,Y,,A,01,1,0,0,0,1,0,0,0,0,"- ","- ",37.342918395996094,-120.61415100097656,MERCED,ATWATER,-120.61428070068359,37.342853546142578
9592546,2023,2023-07-06,2406,2023-06-03,1608,283,2,6,5,5,2406,0,0,0,,0,020,"CAMPUS PKWY","E GERARD AV",1500.00,S,N,A,-,N,,,,,,,,,,Y,2,0,1,1,A,-,03,22350,,N,E,I,A,A,H,-,A,D,0,,,,,Y,,E,22,1,0,0,0,0,0,0,0,0,"- ","- ",,,MERCED,MERCED,-120.42519378662109,37.276710510253906
9592917,2023,2023-07-05,2406,2023-05-28,1013,183,2,7,5,5,2406,0,0,0,,0,020,"EAST 16TH ST","D ST",131.00,W,N,A,-,N,,,,,,,,,,Y,2,0,1,1,C,-,18,,,N,E,I,A,A,H,-,A,D,0,,,,,Y,,-,"- ",1,0,0,0,0,0,0,0,0,"- ","- ",,,MERCED,MERCED,-120.47178649902344,37.2955322265625
9596628,2023,2023-07-31,2406,2023-06-07,1937,302,2,3,5,5,2406,0,0,0,,0,121,"R ST","WEST 19TH ST",0.00,,Y,A,-,N,,,,,,,,,,Y,2,0,2,2,A,-,09,21802,A,N,D,C,A,A,H,-,A,A,0,,,,,Y,,A,07,2,0,0,0,0,0,0,0,0,"- ","- ",,,MERCED,MERCED,-120.49127197265625,37.3067626953125
9597684,2023,2023-07-26,2406,2023-05-25,1304,305,MERCE,4,5,5,2406,0,0,0,,0,221,"R ST","WEST 20TH ST",0.00,,Y,A,-,N,,,,,,,,,,Y,2,0,1,3,A,-,09,21801,A,N,A,C,A,A,H,-,A,A,0,,,,,Y,,D,22,1,0,0,0,0,0,0,0,0,"- ","- ",,,MERCED,MERCED,-120.49069976806641,37.307735443115234
9598682,2023,2023-07-25,2401,2023-06-03,2152,741,1,6,5,3,2401,0,0,0,,0,001,"SHAFFER RD","KIM AV",58.00,N,N,A,-,N,,,,,,,,,,N,2,0,1,2,A,-,11,21954,A,N,G,B,D,A,H,-,C,D,0,Y,,,,Y,,N,60,1,0,0,0,1,0,0,0,0,"- ","- ",37.359489440917969,-120.59580993652344,MERCED,ATWATER,-120.59580993652344,37.359668731689453
9600080,2023,2023-08-03,2406,2023-07-07,"915 ",183,1,5,5,5,2406,0,0,0,,0,011,"WEST OLIVE AV","AUSTIN AV",0.00,,Y,A,-,N,,,,,,,,,,Y,2,0,2,2,A,-,12,21453,A,N,D,C,A,A,H,-,A,A,0,,,,,Y,,D,22,1,0,1,0,0,0,0,0,0,"- ","- ",,,MERCED,MERCED,-120.49498748779297,37.319229125976562
9601352,2023,2023-08-23,2405,2023-01-18,1704,PD133,2,3,5,3,2405,0,0,0,,0,0B2,"RT 165","SAN LUIS ST",0.00,,Y,A,-,Y,MER,10,165,-,-,9.152,I,5,N,N,2,0,1,2,A,-,09,21802,A,N,B,C,A,A,H,-,A,A,0,,,Y,,Y,,A,01,1,0,0,0,0,0,0,0,1,"- ","- ",37.077030181884766,-120.83445739746094,MERCED,"LOS BANOS",-120.83528137207031,37.061805725097656
9601418,2022,2023-08-21,2405,2022-12-10,0005,PD45,2,6,5,3,2405,0,0,0,,0,0B2,"E PACHECO BL","MENEZES BL",550.00,W,N,A,-,Y,MER,10,152,-,-,21.830,H,-,E,N,2,0,1,2,A,-,11,21955,,N,G,B,D,A,H,-,C,D,0,Y,,,,Y,,N,60,1,0,0,0,1,0,0,0,0,"- ","- ",37.057079315185547,-120.82453918457031,MERCED,"LOS BANOS",-120.8251953125,37.056983947753906
9601432,2023,2023-08-28,2405,2023-02-26,1056,PD157,2,7,5,3,2405,0,0,0,,0,0B2,"MERCEY SPRINGS RD","CANAL FARM LN",0.00,,Y,A,-,Y,MER,10,165,-,-,8.940,H,-,N,N,2,0,1,2,A,-,03,22350,,N,C,C,A,A,H,-,A,D,0,,,Y,,Y,,C,02,1,0,0,0,0,0,0,0,1,"- ","- ",37.059261322021484,-120.83537292480469,MERCED,"LOS BANOS",-120.8353271484375,37.059104919433594
9601438,2022,2023-08-21,2405,2022-12-16,1815,PD55,2,5,5,3,2405,0,0,0,,0,0B2,"RT 152","MILLER LN",279.00,E,N,A,-,Y,MER,10,152,-,-,21.670,H,-,W,N,2,0,1,2,A,-,11,21954,A,N,G,B,D,A,H,-,C,A,0,Y,,,,Y,Y,N,60,1,0,0,0,1,0,0,0,0,"- ","- ",37.057449340820312,-120.28286743164062,MERCED,"LOS BANOS",-120.82798767089844,37.057048797607422
9602078,2023,2023-08-08,2406,2023-07-08,1058,183,1,6,5,5,2406,0,0,0,,0,011,"WEST OLIVE AV","AUSTIN AV",0.00,,Y,A,-,N,,,,,,,,,,Y,2,0,3,2,A,-,12,21453,A,N,D,C,A,A,H,-,A,A,0,,,,,Y,,A,01,1,0,2,0,0,0,0,0,0,"- ","- ",,,MERCED,MERCED,-120.49498748779297,37.319229125976562
9606898,2023,2023-09-07,2406,2023-08-19,1434,328,3,6,5,5,2406,0,0,0,,0,030,"EAST CHILDS AV","D ST",400.00,W,N,A,-,N,,,,,,,,,,Y,2,0,1,2,A,-,08,22107,,N,D,C,A,A,H,-,A,D,0,,,,,Y,Y,A,42,1,0,0,0,0,0,0,0,0,"- ","- ",,,MERCED,MERCED,-120.47793579101562,37.288112640380859
9612502,2023,2023-08-18,2404,2023-02-10,1458,X5,,5,5,3,2404,0,0,0,,0,,"MAIN ST","D ST",0.00,,Y,A,-,N,,,,,,,,,,N,2,0,1,2,A,-,10,21950,A,N,G,B,B,A,H,-,A,A,0,Y,,,,Y,,D,72,1,0,0,0,1,0,0,0,0,"- ","- ",37.384269714355469,-120.72329711914062,MERCED,LIVINGSTON,-120.72332000732422,37.384254455566406
9617354,2023,2023-10-23,2405,2023-05-11,1900,PD157,6,4,5,3,2405,0,0,0,,0,B42,"BENTLEY DR","WINDSOR CT",83.00,W,N,A,-,N,,,,,,,,,,N,2,0,1,2,A,-,11,21950,B,N,G,B,E,A,H,-,A,D,0,Y,,,,Y,,N,60,1,0,0,0,1,0,0,0,0,"- ","- ",37.084381103515625,-120.82894897460938,MERCED,"LOS BANOS",-120.82913208007812,37.084175109863281
9619316,2023,2023-12-20,2406,2023-11-12,"856 ",183,1,7,5,5,2406,0,0,0,,0,010,"EL PORTAL DR","VERNAL AV",157.00,E,N,A,-,N,,,,,,,,,,Y,2,0,4,1,A,-,08,22107,,N,E,I,A,A,H,-,A,D,0,,,,,Y,,A,01,1,2,1,0,0,0,0,0,0,"- ","- ",,,MERCED,MERCED,-120.45913696289062,37.325599670410156
9624094,2023,2023-10-25,2405,2023-05-28,1459,PD126,5,7,5,3,2405,0,0,0,,0,B4/1,"480 BIRCHWOOD AV","WINDWOOD CT",246.00,W,N,B,-,N,,,,,,,,,,N,1,1,1,1,B,-,22,,,N,F,A,A,A,H,-,A,D,0,,,Y,,Y,Y,C,06,1,0,0,0,0,0,0,1,1,"- ","- ",37.079811096191406,-120.84912872314453,MERCED,"LOS BANOS",-120.84867095947266,37.079021453857422
9627005,2023,2023-10-09,2406,2023-09-15,1542,329,1,5,5,5,2406,0,0,0,,0,010,"EAST OLIVE AV","G ST",318.00,E,N,A,-,N,,,,,,,,,,Y,2,0,2,2,A,-,09,21801,A,N,D,C,A,A,H,-,A,A,0,,,,,Y,,D,22,1,1,0,0,0,0,0,0,0,"- ","- ",,,MERCED,MERCED,-120.46815490722656,37.318458557128906
9627580,2023,2023-10-06,2406,2023-09-12,1251,129,CENTR,2,5,5,2406,0,0,0,,0,021,"WEST MAIN ST","Q ST",0.00,,Y,A,-,N,,,,,,,,,,Y,2,0,1,2,A,-,00,21502,A,N,D,C,A,A,H,-,A,A,0,,,Y,,Y,,C,02,1,0,0,0,0,0,0,0,1,"- ","- ",,,MERCED,MERCED,-120.49090576171875,37.30419921875
9628541,2023,2023-10-30,2405,2023-05-13,"858 ",PD20,2,6,5,3,2405,0,0,0,,0,0B2,"I ST","10TH ST",64.00,E,N,A,-,N,,,,,,,,,,Y,2,0,1,1,A,-,08,22107,,N,E,I,A,A,H,-,A,D,0,,,,,Y,,A,01,1,0,0,0,0,0,0,0,0,"- ","- ",37.057960510253906,-120.84205627441406,MERCED,"LOS BANOS",-120.842041015625,37.058265686035156
9628544,2023,2023-10-30,2405,2023-05-10,1042,PD46,2,3,5,3,2405,0,0,0,,0,0B2,"F ST","8TH ST",20.00,E,N,A,-,N,,,,,,,,,,N,2,0,1,2,A,-,08,22107,,N,G,B,A,A,H,-,A,A,0,,Y,,,Y,Y,L,04,1,0,0,0,0,0,1,0,0,"- ","- ",37.062629699707031,-120.84294128417969,MERCED,"LOS BANOS",-120.84290313720703,37.062591552734375
9630106,2023,2023-11-06,2406,2023-09-27,1558,330,1,3,5,5,2406,0,0,0,,0,011,"WILLOWBROOK DR","STONYBROOK AV",585.00,W,N,A,-,N,,,,,,,,,,N,2,0,1,2,A,-,10,21954,B,N,G,B,D,A,H,-,A,D,0,Y,,,,Y,,A,01,1,0,0,0,1,0,0,0,0,"- ","- ",,,MERCED,MERCED,-120.50303649902344,37.315155029296875
9635265,2023,2023-12-04,2401,2023-09-28,1746,740,2,4,5,3,2401,0,0,0,,0,002,"SANTA FE DR","AIRDROME ENTRY",1533.00,W,N,A,-,N,,,,,,,,,,Y,2,0,1,2,A,-,08,22107,,N,B,C,A,A,H,-,A,D,0,,,,,Y,,A,01,1,0,0,0,0,0,0,0,0,"- ","- ",37.364189147949219,-120.57720184326172,MERCED,ATWATER,-120.58084106445312,37.365436553955078
9640108,2023,2023-12-19,2406,2023-10-12,1739,129,CENTR,4,5,5,2406,0,0,0,,0,020,"EAST 21ST ST","GLEN AV",0.00,,Y,A,-,N,,,,,,,,,,Y,1,1,2,2,A,-,12,21453,A,N,D,C,A,A,H,-,A,A,0,,,,,Y,,A,01,2,0,0,0,0,0,0,0,0,"- ","- ",,,MERCED,MERCED,-120.46398162841797,37.299148559570312
9640223,2023,2024-02-27,2406,2023-11-07,1958,252,2,2,5,5,2406,0,0,0,,0,020,"G ST","EAST 25TH ST",28.00,N,N,A,-,N,,,,,,,,,,Y,1,1,0,3,A,-,11,21954,A,F,G,B,D,A,H,-,C,D,0,Y,,,,Y,Y,N,60,0,0,0,1,0,0,0,0,0,"- ","- ",,,MERCED,MERCED,-120.47102355957031,37.306987762451172
9640337,2023,2025-06-25,2406,2023-09-06,"521 ",283,1,3,5,5,2406,0,0,0,,0,011,"R ST","BUENA VISTA DR",330.00,S,N,A,-,N,,,,,,,,,,N,1,1,0,2,A,-,11,21954,A,N,G,B,D,A,H,-,C,D,0,Y,,,,Y,,N,60,0,0,0,1,0,0,0,0,0,"- ","- ",,,MERCED,MERCED,-120.48686218261719,37.325462341308594
9640444,2023,2024-05-08,2405,2023-12-07,1534,PD126,2,4,5,3,2405,0,0,0,,0,0B2,"2710 E PACHECO BL","SAN LUIS ST",750.00,W,N,A,-,N,,,,,,,,,,Y,1,1,1,2,A,-,09,21804,A,N,D,C,A,A,H,-,A,A,0,,,,,Y,,A,01,0,0,1,0,0,0,0,0,0,"- ","- ",37.056430816650391,-120.80873107910156,MERCED,"LOS BANOS",-120.80886077880859,37.056510925292969