CASE_ID,ACCIDENT_YEAR,PROC_DATE,JURIS,COLLISION_DATE,COLLISION_TIME,OFFICER_ID,REPORTING_DISTRICT,DAY_OF_WEEK,CHP_SHIFT,POPULATION,CNTY_CITY_LOC,SPECIAL_COND,BEAT_TYPE,CHP_BEAT_TYPE,CITY_DIVISION_LAPD,CHP_BEAT_CLASS,BEAT_NUMBER,PRIMARY_RD,SECONDARY_RD,DISTANCE,DIRECTION,INTERSECTION,WEATHER_1,WEATHER_2,STATE_HWY_IND,CALTRANS_COUNTY,CALTRANS_DISTRICT,STATE_ROUTE,ROUTE_SUFFIX,POSTMILE_PREFIX,POSTMILE,LOCATION_TYPE,RAMP_INTERSECTION,SIDE_OF_HWY,TOW_AWAY,COLLISION_SEVERITY,NUMBER_KILLED,NUMBER_INJURED,PARTY_COUNT,PRIMARY_COLL_FACTOR,PCF_CODE_OF_VIOL,PCF_VIOL_CATEGORY,PCF_VIOLATION,PCF_VIOL_SUBSECTION,HIT_AND_RUN,TYPE_OF_COLLISION,MVIW,PED_ACTION,ROAD_SURFACE,ROAD_COND_1,ROAD_COND_2,LIGHTING,CONTROL_DEVICE,CHP_ROAD_TYPE,PEDESTRIAN_ACCIDENT,BICYCLE_ACCIDENT,MOTORCYCLE_ACCIDENT,TRUCK_ACCIDENT,NOT_PRIVATE_PROPERTY,ALCOHOL_INVOLVED,STWD_VEHTYPE_AT_FAULT,CHP_VEHTYPE_AT_FAULT,COUNT_SEVERE_INJ,COUNT_VISIBLE_INJ,COUNT_COMPLAINT_PAIN,COUNT_PED_KILLED,COUNT_PED_INJURED,COUNT_BICYCLIST_KILLED,COUNT_BICYCLIST_INJURED,COUNT_MC_KILLED,COUNT_MC_INJURED,PRIMARY_RAMP,SECONDARY_RAMP,LATITUDE,LONGITUDE,COUNTY,CITY,POINT_X,POINT_Y
9640523,2024,2024-07-17,2406,2024-04-18,1612,337,NORTH,4,5,5,2406,0,0,0,,0,011,"W. YOSEMITE AV","BLUE DENIL LN",71.00,W,N,A,-,N,,,,,,,,,,Y,1,1,0,1,C,-,18,,,N,E,I,A,A,H,-,A,D,0,,,,,Y,,-,"- ",0,0,0,0,0,0,0,0,0,"- ","- ",,,MERCED,MERCED,-120.47620391845703,37.332111358642578
9640729,2024,2024-08-20,2406,2024-07-13,"729 ",129,SOUTH,6,5,5,2406,0,0,0,,0,030,"CARMEN WY","LA MESA ST",0.00,,Y,A,-,N,,,,,,,,,,Y,1,1,1,2,A,-,12,22450,A,F,D,C,A,A,H,-,A,A,0,,,,,Y,,A,07,0,0,1,0,0,0,0,0,0,"- ","- ",,,MERCED,MERCED,-120.47792053222656,37.282642364501953
9640837,2023,2024-08-06,2401,2023-08-26,"10  ",719,3,6,5,3,2401,0,0,0,,0,003,"N BUCHACH RD","GREEN SANDS AV",0.00,,Y,A,-,N,,,,,,,,,,Y,1,2,4,2,A,-,01,23152,A,N,D,C,A,A,H,-,C,A,0,,,,,Y,Y,A,01,4,0,0,0,0,0,0,0,0,"- ","- ",37.338520050048828,-120.57698059082031,MERCED,ATWATER,-120.57713317871094,37.338542938232422
9649444,2023,2024-01-23,2404,2023-09-21,"650 ",X48,,4,5,3,2404,0,0,0,,0,,"PEACH AV","MAIN ST",0.00,,Y,A,-,N,,,,,,,,,,N,2,0,1,2,A,-,05,21202,A,N,H,G,A,A,H,-,B,A,0,,Y,,,Y,,L,04,1,0,0,0,0,0,1,0,0,"- ","- ",37.333511352539062,-120.72379302978516,MERCED,LIVINGSTON,-120.72348022460938,37.375030517578125
9654303,2023,2024-01-17,2406,2023-11-14,2215,322,CENTR,2,5,5,2406,0,0,0,,0,111,"WEST BELLEVUE RD","M ST",530.00,W,N,A,-,N,,,,,,,,,,N,2,0,1,2,A,-,11,21954,A,N,G,B,E,A,H,-,D,D,0,Y,,,,Y,,N,60,1,0,0,0,1,0,0,0,0,"- ","- ",,,MERCED,MERCED,-120.47909545898438,37.361114501953125
9654314,2023,2024-01-26,2406,2023-12-08,1649,309,NORTH,5,5,5,2406,0,0,0,,0,010,"EAST OLIVE AV","EL CAPITAN AV",0.00,,Y,A,-,N,,,,,,,,,,Y,2,0,1,3,C,-,18,,,N,C,C,A,A,H,-,C,D,0,,,,Y,Y,,-,"- ",1,0,0,0,0,0,0,0,0,"- ","- ",,,MERCED,MERCED,-120.46575164794922,37.3184814453125
9655504,2023,2024-02-21,2406,2023-10-20,"216 ",277,1,5,5,5,2406,0,0,0,,0,010,"G ST","MANDEVILLE LN",0.00,,Y,A,-,N,,,,,,,,,,Y,2,0,9,1,A,-,08,22107,,N,F,A,A,A,H,-,C,D,0,,,,,Y,,D,22,5,4,0,0,0,0,0,0,0,"- ","- ",,,MERCED,MERCED,-120.46872711181641,37.357749938964844
9655769,2023,2024-01-25,2406,2023-11-22,2031,295,1,3,5,5,2406,0,0,0,,0,010,"EAST OLIVE AV","G ST",0.00,,Y,A,-,N,,,,,,,,,,Y,2,0,1,2,A,-,01,23152,A,F,G,B,B,A,H,-,C,A,0,Y,,,,Y,,D,22,1,0,0,0,1,0,0,0,0,"- ","- ",,,MERCED,MERCED,-120.46924591064453,37.318447113037109
9667299,2024,2024-05-16,2406,2024-02-07,1521,266,2,3,5,5,2406,0,0,0,,0,020,"G ST","W 18TH ST",0.00,,Y,C,-,N,,,,,,,,,,Y,2,0,1,2,A,-,12,21453,A,N,D,C,A,B,H,-,A,A,0,,,,,Y,,A,01,1,0,0,0,0,0,0,0,0,"- ","- ",,,MERCED,MERCED,-120.47525787353516,37.2996826171875
9668032,2024,2024-04-29,2406,2024-02-09,1909,321,1,5,5,5,2406,0,0,0,,0,011,"SAN AUGUSTINE AV","HUNTINGTON DR",213.00,S,N,A,-,N,,,,,,,,,,N,2,0,1,2,A,-,07,21658,A,N,A,B,E,A,H,-,C,D,0,Y,,,,Y,,D,22,1,0,0,0,1,0,0,0,0,"- ","- ",,,MERCED,MERCED,-120.49903869628906,37.332954406738281
9669780,2024,2024-03-30,2401,2024-01-24,1840,716,4,3,5,3,2401,0,0,0,,0,004,"WINTON WY","FIR AV",0.00,,Y,B,-,N,,,,,,,,,,Y,2,0,1,2,D,-,00,,,N,G,B,D,B,H,-,C,D,0,Y,,,,Y,,-,"- ",1,0,0,0,1,0,0,0,0,"- ","- ",37.352031707763672,-120.61409759521484,MERCED,ATWATER,-120.61376190185547,37.352428436279297
9670788,2023,2024-03-13,2406,2023-11-04,1923,277,1,6,5,5,2406,0,0,0,,0,011,"M ST","LOUGHBOROUGH DR",0.00,,Y,A,-,N,,,,,,,,,,Y,2,0,1,2,A,-,12,21453,A,N,D,C,A,A,H,-,C,A,0,,,Y,,Y,,-,"- ",1,0,0,0,0,0,0,0,1,"- ","- ",,,MERCED,MERCED,-120.4783935546875,37.322704315185547
9672758,2024,2024-05-06,2406,2024-02-09,1222,325,CENTR,5,5,5,2406,0,0,0,,0,221,"W 18TH ST","I ST",0.00,,Y,A,-,N,,,,,,,,,,N,2,0,1,2,A,-,09,21802,A,M,D,C,A,A,H,-,A,A,0,,,,,Y,Y,A,01,1,0,0,0,0,0,0,0,0,"- ","- ",,,MERCED,MERCED,-120.478271484375,37.300769805908203
9679004,2023,2024-03-29,2405,2023-06-26,"755 ",PD126,3,1,5,3,2405,0,0,0,,0,0B3,"S MERCEY SPRINGS RD","DE ANZA AV",2640.00,N,N,A,-,Y,MER,10,165,-,-,8.560,H,-,S,Y,2,0,3,2,A,-,08,22107,,N,A,C,A,A,H,-,A,D,0,,,,,Y,,A,01,2,1,0,0,0,0,0,0,0,"- ","- ",37.067550659179688,-120.83518218994141,MERCED,"LOS BANOS",-120.83543395996094,37.053688049316406
9679091,2023,2024-04-12,2405,2023-10-27,1406,PD20,6,5,5,3,2405,0,0,0,,0,B42,"N MERCEY SPRINGS RD","SANTA BARBARA DR",36.00,E,N,A,-,Y,MER,10,165,-,-,10.150,I,5,S,Y,2,0,2,2,A,-,08,22107,,N,A,C,A,A,H,-,A,D,0,,,,,Y,,A,07,1,0,1,0,0,0,0,0,0,"- ","- ",37.076339721679688,-120.84488677978516,MERCED,"LOS BANOS",-120.83503723144531,37.076828002929688
9692016,2024,2024-06-20,2406,2024-04-09,"30  ",339,1,2,5,5,2406,0,0,0,,0,011,"NORTH BEAR CREEK DR","M ST",497.00,W,N,A,-,N,,,,,,,,,,Y,2,0,1,1,A,-,01,23152,A,N,F,I,A,A,E,-,C,D,0,,,,,Y,Y,D,22,1,0,0,0,0,0,0,0,0,"- ","- ",,,MERCED,MERCED,-120.48035430908203,37.313705444335938
9692654,2024,2024-07-10,2406,2024-05-01,1811,222,2,3,5,5,2406,0,0,0,,0,021,"MAIN ST","P ST",75.00,E,N,A,-,N,,,,,,,,,,N,2,0,4,2,A,-,08,22107,,N,D,C,A,A,H,-,A,D,0,,,,,Y,,A,01,1,2,1,0,0,0,0,0,0,"- ","- ",,,MERCED,MERCED,-120.48918914794922,37.303585052490234
9699159,2024,2024-05-21,2404,2024-02-21,2316,X48,,3,5,3,2404,0,0,0,,0,,"CAMPBELL BL","WINTON PKWY",1397.00,E,N,A,-,N,,,,,,,,,,Y,2,0,3,5,A,-,08,22107,,N,G,B,E,A,H,-,C,D,0,Y,,,,Y,,A,01,1,2,0,0,3,0,0,0,0,"- ","- ",37.392440795898438,-120.73532867431641,MERCED,LIVINGSTON,-120.73224639892578,37.389652252197266
9702296,2024,2024-07-15,2405,2024-01-06,"403 ",PD146,2,6,5,3,2405,0,0,0,,0,0B2,"SAN LUIS ST","PACHECO BL",0.00,,Y,A,-,Y,MER,10,152,-,-,22.870,H,-,W,Y,2,0,1,1,A,-,01,23152,A,N,H,A,A,A,H,-,C,D,0,,,,,Y,Y,A,01,1,0,0,0,0,0,0,0,0,"- ","- ",37.059078216552734,-120.80654907226562,MERCED,"LOS BANOS",-120.80641174316406,37.056434631347656
9704822,2024,2024-06-25,2406,2024-03-30,2030,300,2,6,5,5,2406,0,0,0,,0,020,"YOSEMITE PKWY","SHIRLEY ST",75.00,E,N,A,-,N,,,,,,,,,,N,2,0,1,2,A,-,01,23152,,N,C,E,A,A,H,-,C,D,0,,,,,Y,Y,A,07,1,0,0,0,0,0,0,0,0,"- ","- ",,,MERCED,MERCED,-120.45764923095703,37.295219421386719
9706849,2024,2024-07-05,2406,2024-05-03,1023,339,1,5,5,5,2406,0,0,0,,0,010,"PINEHURST CT","CYPRESS POINT DR",0.00,,Y,A,-,N,,,,,,,,,,N,2,0,1,3,A,-,21,22106,,N,G,B,E,A,H,-,A,D,0,Y,,,,Y,,A,01,1,0,0,0,1,0,0,0,0,"- ","- ",,,MERCED,MERCED,-120.4466552734375,37.327075958251953
9714790,2023,2024-08-22,2405,2023-11-03,1747,PD55,3,5,5,3,2405,0,0,0,,0,0B3,"RT 165","RT 152",451.00,S,N,A,-,Y,MER,10,165,-,-,8.700,H,-,S,N,2,0,4,2,A,-,09,21804,A,N,D,C,A,A,H,-,A,D,0,,,,,Y,,A,01,1,3,0,0,0,0,0,0,0,"- ","- ",37.055728912353516,-120.8349609375,MERCED,"LOS BANOS",-120.83539581298828,37.055656433105469
9714816,2023,2024-07-29,2405,2023-11-15,1756,PD47,3,3,5,3,2405,0,0,0,,0,0B3,"WEST I ST","W PACHECO BLVD",0.00,,Y,C,-,Y,MER,10,152,-,-,19.618,I,5,W,N,2,0,1,2,A,-,10,21950,A,N,G,B,B,B,H,-,C,A,0,Y,,,,Y,,A,01,1,0,0,0,1,0,0,0,0,"- ","- ",37.056529998779297,-120.86486053466797,MERCED,"LOS BANOS",-120.86528015136719,37.056930541992188
9714818,2023,2024-07-22,2405,2023-11-15,"204 ",PD11,2,3,5,3,2405,0,0,0,,0,0B2,"EAST B ST","MERCY SPRINGS RD",0.00,,Y,A,-,N,,,,,,,,,,Y,2,0,1,1,A,-,08,22107,,N,E,I,A,A,H,-,C,A,0,,,,,Y,,A,01,1,0,0,0,0,0,0,0,0,"- ","- ",37.066818237304688,-120.83518981933594,MERCED,"LOS BANOS",-120.83518218994141,37.06683349609375
9719199,2024,2024-09-13,2406,2024-05-13,1127,331,1,1,5,5,2406,0,0,0,,0,010,"BELLEVUE RD","NORTH G ST",0.00,,Y,A,-,N,,,,,,,,,,Y,2,0,3,2,A,-,12,21453,A,N,D,C,A,A,H,-,A,A,0,,,,,Y,,A,07,1,0,2,0,0,0,0,0,0,"- ","- ",,,MERCED,MERCED,-120.46868133544922,37.361095428466797
9719994,2024,2024-08-07,2406,2024-06-22,"158 ",328,1,6,5,5,2406,0,0,0,,0,011,"W NORTH BEAR CRK","DRIFT WOOD DR",192.00,S,N,A,-,N,,,,,,,,,,Y,2,0,1,1,A,-,01,23152,A,N,E,I,A,A,H,-,C,D,0,,,,,Y,Y,A,01,1,0,0,0,0,0,0,0,0,"- ","- ",,,MERCED,MERCED,-120.50225830078125,37.308296203613281
9720452,2024,2024-09-27,2406,2024-08-03,2112,156,1,6,5,5,2406,0,0,0,,0,010,"N HWY 59","BUENA VISTA DR",0.00,,Y,A,-,Y,MER,10,59,-,-,16.580,H,-,S,N,2,0,1,2,A,-,04,21703,,F,G,G,E,A,H,-,D,D,0,Y,,,,Y,,-,99,1,0,0,0,1,0,0,0,0,"- ","- ",,,MERCED,MERCED,-120.50473022460938,37.325809478759766
9723108,2024,2024-09-25,2404,2024-07-10,"524 ",X62,,3,5,3,2404,0,0,0,,0,,"CAMPBELL BL","WINTON PKWY",586.00,E,N,A,-,N,,,,,,,,,,Y,2,0,2,2,A,-,07,21658,A,N,A,C,A,A,H,-,B,D,0,,,,,Y,,A,01,1,1,0,0,0,0,0,0,0,"- ","- ",37.392440795898438,-120.73532867431641,MERCED,LIVINGSTON,-120.73435974121094,37.391036987304688
9723213,2024,2024-09-24,2404,2024-05-13,1733,X58,,1,5,3,2404,0,0,0,,0,,"7TH ST","E ST",89.00,N,N,A,-,N,,,,,,,,,,N,2,0,1,2,A,-,11,21954,A,N,G,B,D,A,H,-,A,D,0,Y,,,,Y,,N,60,1,0,0,0,1,0,0,0,0,"- ","- ",37.383308410644531,-120.71872711181641,MERCED,LIVINGSTON,-120.71872711181641,37.383544921875
9724902,2024,2024-08-16,2406,2024-06-16,1408,334,1,7,5,5,2406,0,0,0,,0,010,"G STREET","W YOSEMITE AVE",0.00,,Y,A,-,N,,,,,,,,,,Y,2,0,4,2,A,-,01,23152,A,N,D,C,A,A,H,-,A,A,0,,,,,Y,Y,D,22,1,3,0,0,0,0,0,0,0,"- ","- ",,,MERCED,MERCED,-120.46907806396484,37.332115173339844
9727923,2024,2024-10-10,2406,2024-08-10,1406,290,3,6,5,5,2406,0,0,0,,0,031,"MCSWAIN RD","SYDNEY LN",0.00,,Y,A,-,Y,MER,10,140,-,-,35.220,H,-,W,Y,2,0,2,2,A,-,09,21801,A,N,D,C,A,A,H,-,A,A,0,,,,,Y,,D,22,1,1,0,0,0,0,0,0,0,"- ","- ",,,MERCED,MERCED,-120.51041412353516,37.302719116210938
9729020,2024,2024-09-11,2406,2024-08-20,"920 ",129,SOUTH,2,5,5,2406,0,0,0,,0,030,"THORNTON RD","WARDROBE AV",0.00,,Y,A,-,N,,,,,,,,,,Y,2,0,4,2,A,-,09,21802,A,N,D,C,A,A,H,-,A,A,0,,,,,Y,,A,01,1,3,0,0,0,0,0,0,0,"- ","- ",,,MERCED,MERCED,-120.52333068847656,37.295478820800781
9729022,2024,2024-09-03,2406,2024-08-10,1115,183,1,6,5,5,2406,0,0,0,,0,011,"R ST","LOUGHBOROUGH DR",10.00,N,-,A,-,N,,,,,,,,,,N,2,0,1,2,A,-,10,21950,A,F,G,B,B,A,H,-,A,A,0,Y,,,,Y,,A,01,1,0,0,0,1,0,0,0,0,"- ","- ",,,MERCED,MERCED,-120.48699951171875,37.323448181152344
9729047,2024,2024-09-03,2406,2024-07-15,1855,338,CENTR,1,5,5,2406,0,0,0,,0,020,"21ST ST","K ST",0.00,,Y,A,-,N,,,,,,,,,,Y,2,0,2,3,A,-,01,23152,A,N,D,C,A,A,H,-,A,A,0,,,,,Y,Y,A,01,1,1,0,0,0,0,0,0,0,"- ","- ",,,MERCED,MERCED,-120.47954559326172,37.304882049560547
9729051,2024,2024-09-03,2406,2024-07-15,1635,334,2,1,5,5,2406,0,0,0,,0,020,"DAFFODIL DR","GARDENIA AVE",0.00,,Y,A,-,N,,,,,,,,,,Y,2,0,8,2,A,-,09,21800,A,N,D,D,A,A,H,-,A,D,0,,,,,Y,,A,07,2,6,0,0,0,0,0,0,0,"- ","- ",,,MERCED,MERCED,-120.43112945556641,37.280986785888672
9730419,2024,2024-09-20,2406,2024-09-01,1630,250,1,7,5,5,2406,0,0,0,,0,011,"M ST","CARDELLA RD",130.00,N,N,A,-,N,,,,,,,,,,Y,2,0,1,2,A,-,03,22350,,F,C,C,A,A,H,-,A,A,0,,,Y,,Y,,D,22,1,0,0,0,0,0,0,0,1,"- ","- ",,,MERCED,MERCED,-120.47753143310547,37.346897125244141
9730424,2024,2024-09-20,2406,2024-08-03,"543 ",328,1,6,5,5,2406,0,0,0,,0,010,"COOPER AV","ASHBY RD",825.00,N,N,A,-,N,,,,,,,,,,Y,2,0,1,1,A,-,03,22350,,N,F,A,A,A,H,-,B,D,0,,,,Y,Y,,F,89,1,0,0,0,0,0,0,0,0,"- ","- ",,,MERCED,MERCED,-120.51929473876953,37.315933227539062
9737423,2024,2024-09-30,2406,2024-09-03,1211,392,2,2,5,5,2406,0,0,0,,0,020,"MARTIN LUTHER KING JR WY","WEST 14TH ST",0.00,,Y,A,-,N,,,,,,,,,,N,2,0,1,2,A,-,09,21802,A,N,D,G,A,A,H,-,A,A,0,,Y,,,Y,,A,07,1,0,0,0,0,0,1,0,0,"- ","- ",,,MERCED,MERCED,-120.48226165771484,37.297016143798828
9739060,2024,2025-02-14,2401,2024-12-25,1954,737,2,3,5,3,2401,0,0,0,,0,002,"MANZANITA DR","SHAFFER RD",0.00,,Y,A,-,N,,,,,,,,,,Y,2,0,1,2,A,-,12,22450,A,N,H,C,A,A,H,-,D,D,0,,,,,Y,,A,01,1,0,0,0,0,0,0,0,0,"- ","- ",37.364139556884766,-120.59573364257812,MERCED,ATWATER,-120.59574890136719,37.364139556884766
9747828,2024,2024-12-18,2401,2024-11-21,"59  ",735,4,4,5,3,2401,0,0,0,,0,004,"WINTON WY","DRAKELEY AV",0.00,,Y,A,-,N,,,,,,,,,,Y,2,0,1,2,A,-,01,23152,A,F,D,C,A,A,H,-,C,D,0,,,,,Y,Y,A,01,1,0,0,0,0,0,0,0,0,"- ","- ",37.35137939453125,-120.61367034912109,MERCED,ATWATER,-120.61322784423828,37.350181579589844
9749686,2024,2024-10-30,2406,2024-09-27,"923 ",343,1,5,5,5,2406,0,0,0,,0,011,"ESPLANADE DR","SAN AUGUSTINE AV",0.00,,Y,A,-,N,,,,,,,,,,N,2,0,1,2,A,-,11,21950,B,N,G,B,D,A,H,-,A,A,0,Y,,,,Y,,A,01,1,0,0,0,1,0,0,0,0,"- ","- ",,,MERCED,MERCED,-120.49906158447266,37.331371307373047
9752385,2024,2024-12-09,2403,2024-06-07,1836,Z35,,5,5,2,2403,0,0,0,,0,,"SULLIVAN RD","WEST AV",0.00,,Y,A,-,N,,,,,,,,,,Y,2,0,2,2,A,-,05,21460,A,N,D,C,A,A,H,-,A,D,0,,,,,Y,,A,01,1,1,0,0,0,0,0,0,0,"- ","- ",37.245769500732422,-121.00344085693359,MERCED,GUSTINE,-121.00341033935547,37.245761871337891
9754938,2024,2024-12-06,2406,2024-11-23,2022,256,1,6,5,5,2406,0,0,0,,0,011,"M ST","RAMBLER RD",96.00,N,N,A,-,N,,,,,,,,,,Y,2,0,2,1,A,-,03,22350,,F,E,I,A,A,H,-,C,D,0,,,,,Y,,A,07,1,1,0,0,0,0,0,0,0,"- ","- ",,,MERCED,MERCED,-120.47850036621094,37.315582275390625
9757245,2024,2024-12-11,2406,2024-11-05,1809,335,2,2,5,5,2406,0,0,0,,0,020,"YOSEMITE PKWY","MAIN ST",173.00,W,N,A,-,N,,,,,,,,,,N,2,0,1,2,A,-,11,21950,B,F,G,B,D,A,H,-,C,D,0,Y,,,,Y,,N,60,1,0,0,0,1,0,0,0,0,"- ","- ",,,MERCED,MERCED,-120.46770477294922,37.295112609863281
9757251,2024,2024-12-11,2406,2024-11-04,1739,250,2,1,5,5,2406,0,0,0,,0,020,"EAST CHILDS AV","CAROL AV",347.00,W,N,B,-,N,,,,,,,,,,N,2,0,1,2,A,-,11,21954,A,N,G,B,D,A,H,-,D,D,0,Y,,,,Y,,N,60,1,0,0,0,1,0,0,0,0,"- ","- ",,,MERCED,MERCED,-120.45620727539062,37.288448333740234
9757252,2024,2024-12-11,2406,2024-11-01,2018,301,1,5,5,5,2406,0,0,0,,0,010,"GARDNER AV","DUNN RD",60.00,S,N,A,-,N,,,,,,,,,,N,2,0,1,2,A,-,10,21950,A,N,G,B,D,A,H,-,C,D,0,Y,,,,Y,,A,01,1,0,0,0,1,0,0,0,0,"- ","- ",,,MERCED,MERCED,-120.45087432861328,37.339225769042969
9760427,2024,2024-12-09,2406,2024-10-08,1935,269,3,2,5,5,2406,0,0,0,,0,030,"SOUTH G ST","CONE AV",0.00,,Y,A,-,N,,,,,,,,,,N,2,0,1,2,A,-,12,22450,A,N,D,G,A,A,H,-,C,A,0,,Y,,,Y,,L,04,1,0,0,0,0,0,1,0,0,"- ","- ",,,MERCED,MERCED,-120.48210144042969,37.284488677978516
9763181,2024,2025-01-17,2406,2024-12-10,1414,309,2,2,5,5,2406,0,0,0,,0,020,"WEST 22ND ST","MARTIN LUTHER KING JR WY",159.00,W,N,A,-,N,,,,,,,,,,Y,2,0,4,2,A,-,09,21801,A,N,D,C,A,A,H,-,A,D,0,,,,,Y,,A,08,1,0,3,0,0,0,0,0,0,"- ","- ",,,MERCED,MERCED,-120.47796630859375,37.305507659912109
9773166,2024,2025-01-07,2406,2024-10-14,1458,129,NORTH,1,5,5,2406,0,0,0,,0,010,"CORDOVA AV","EL PORTAL DR",0.00,,Y,A,-,N,,,,,,,,,,Y,2,0,2,2,A,-,03,22350,,N,D,C,A,A,H,-,A,A,0,,,,,Y,,A,01,1,1,0,0,0,0,0,0,0,"- ","- ",,,MERCED,MERCED,-120.46340179443359,37.326313018798828
9776288,2024,2025-02-06,2406,2024-11-10,"856 ",339,2,7,5,5,2406,0,0,0,,0,021,"U ST","WEST 20TH ST",0.00,,Y,A,-,N,,,,,,,,,,Y,2,0,2,3,A,-,12,22450,A,N,D,D,A,A,H,-,A,A,0,,,,,Y,,D,22,1,1,0,0,0,0,0,0,0,"- ","- ",,,MERCED,MERCED,-120.49517059326172,37.309410095214844
9780898,2025,2025-04-22,2404,2025-02-21,1615,X37,,5,5,3,2404,0,0,0,,0,,"N MAIN ST","DAVIS ST",6.00,S,N,A,-,N,,,,,,,,,,Y,2,0,1,2,A,-,10,21950,A,N,G,B,B,A,H,-,A,A,0,Y,,,,Y,,A,01,1,0,0,0,1,0,0,0,0,"- ","- ",37.390048980712891,-120.72093200683594,MERCED,LIVINGSTON,-120.95284271240234,39.93670654296875
9781285,2025,2025-02-11,2406,2025-01-27,1752,129,CENTR,1,5,5,2406,0,0,0,,0,020,"WEST 24TH ST","MARTIN LUTHER KING JR WY",40.00,E,N,A,-,N,,,,,,,,,,N,2,0,1,2,A,-,08,22107,,F,G,B,E,A,H,-,C,D,0,Y,,,,Y,,A,01,1,0,0,0,1,0,0,0,0,"- ","- ",,,MERCED,MERCED,-120.47646331787109,37.30682373046875
9783669,2025,2025-03-11,2401,2025-01-13,1823,745,2,1,5,3,2401,0,0,0,,0,002,"SHAFFER RD","MENLO AV",208.00,N,N,A,-,N,,,,,,,,,,N,2,0,1,2,A,-,07,21658,A,N,C,E,A,A,H,-,C,D,0,,,,,Y,,A,01,1,0,0,0,0,0,0,0,0,"- ","- ",37.355979919433594,-120.59619140625,MERCED,ATWATER,-120.59584808349609,37.356060028076172
9783671,2025,2025-03-11,2401,2025-01-08,1150,730,1,3,5,3,2401,0,0,0,,0,001,"BELLEVUE RD","SHAFFER RD",0.00,,Y,A,-,N,,,,,,,,,,N,2,0,1,2,A,-,11,21456,B,N,G,B,B,A,H,-,A,A,0,Y,,,,Y,,N,60,1,0,0,0,1,0,0,0,0,"- ","- ",37.360370635986328,-120.6138916015625,MERCED,ATWATER,-120.59580993652344,37.360458374023438
9783677,2025,2025-03-11,2401,2025-01-17,"544 ",744,1,5,5,3,2401,0,0,0,,0,001,"WINTON WY","CARTER WY",10.00,N,N,A,-,N,,,,,,,,,,Y,2,0,2,2,A,-,09,21802,A,N,D,C,A,A,H,-,C,D,0,,,,,Y,,A,07,2,0,0,0,0,0,0,0,0,"- ","- ",37.358100891113281,-120.61383056640625,MERCED,ATWATER,-120.61383056640625,37.358146667480469
9786340,2024,2025-07-10,2406,2024-08-26,2057,129,NORTH,1,5,5,2406,0,0,0,,0,010,"EAST YOSEMITE AV","MASIONETTE DR",130.00,E,N,A,-,N,,,,,,,,,,N,1,1,0,3,A,-,11,21954,A,F,G,B,E,A,H,-,C,D,0,Y,,,,Y,Y,N,60,0,0,0,1,0,0,0,0,0,"- ","- ",,,MERCED,MERCED,-120.46390533447266,37.332141876220703
9790803,2025,2025-04-17,2402,2025-03-14,"19  ",D1,,5,5,2,2402,0,0,0,,0,,"ELGIN AV","VALERIA ST",11.00,S,N,B,-,Y,MER,10,33,-,R,0.883,I,5,S,Y,2,0,2,1,A,-,12,22450,A,N,A,J,A,A,H,-,C,D,0,,,,,Y,,A,01,1,1,0,0,0,0,0,0,0,"- ","- ",,,MERCED,"DOS PALOS",-120.63558959960938,36.981945037841797
9802778,2025,2025-04-29,2406,2025-04-14,"845 ",352,1,1,5,5,2406,0,0,0,,0,011,"WEST YOSEMITE AV","R ST",20.00,W,N,A,-,N,,,,,,,,,,N,2,0,1,2,A,-,11,21950,B,N,G,B,D,A,H,-,A,D,0,Y,,,,Y,,N,60,1,0,0,0,1,0,0,0,0,"- ","- ",,,MERCED,MERCED,-120.48654937744141,37.332038879394531
9806633,2025,2025-05-12,2406,2025-04-03,2109,340,1,4,5,5,2406,0,0,0,,0,011,"SANTA FE DR","KHINDA WY",56.00,W,N,A,-,N,,,,,,,,,,N,2,0,1,2,A,-,09,21804,A,N,H,G,A,A,H,-,C,A,0,,Y,,,Y,,L,04,1,0,0,0,0,0,1,0,0,"- ","- ",,,MERCED,MERCED,,
9809940,2025,2025-05-22,2406,2025-03-14,2141,337,3,5,5,5,2406,0,0,0,,0,030,"G ST","E CHILDS AVE",68.00,E,N,C,-,N,,,,,,,,,,Y,2,0,1,2,A,-,09,21801,A,N,D,C,A,B,H,-,C,A,0,,,,,Y,,A,01,1,0,0,0,0,0,0,0,0,"- ","- ",,,MERCED,MERCED,-120.48180389404297,37.288341522216797
9813294,2025,2025-05-19,2406,2025-01-20,1838,330,2,1,5,5,2406,0,0,0,,0,020,"MOTEL DR","CAROL AV",105.00,W,N,A,-,N,,,,,,,,,,N,2,0,1,2,A,-,09,21804,A,N,A,G,A,A,H,-,D,A,0,,Y,,,Y,,L,04,1,0,0,0,0,0,1,0,0,"- ","- ",,,MERCED,MERCED,-120.45498657226562,37.288482666015625
9866599,2025,2025-08-20,2404,2025-03-26,"0   ",X58,,3,5,3,2404,0,0,0,,0,,"WALNUT AV","EAST AV",2.00,E,N,A,-,N,,,,,,,,,,Y,2,0,2,3,A,-,09,21802,,N,D,C,A,A,H,-,C,A,0,,,,,Y,,A,01,1,1,0,0,0,0,0,0,0,"- ","- ",37.389541625976562,-120.71565246582031,MERCED,LIVINGSTON,-120.71569061279297,37.389530181884766
9866611,2025,2025-08-20,2404,2025-05-28,1012,X58,,3,5,3,2404,0,0,0,,0,,"MAIN ST","B ST",227.00,N,N,A,-,N,,,,,,,,,,N,2,0,1,2,A,-,10,21950,A,N,G,B,B,A,H,-,A,D,0,Y,,,,Y,,A,08,1,0,0,0,1,0,0,0,0,"- ","- ",37.386688232421875,-120.72325897216797,MERCED,LIVINGSTON,-120.72324371337891,37.386043548583984